density,entry_rate,exit_rate,average_speed,risk_score,risk_level
1.9063571821788408,39.2797576724562,33.946339367881464,1.0780093202212182,30.93166873658275,LOW
2.030876741443704,78.49549260809971,53.29770563201687,0.6061695553391381,50.27627084842834,WARNING
0.4484685687215243,22.16968971838151,30.990257265289515,1.2159725093210578,9.903662299868197,LOW
0.6550748322169144,24.654473731747668,28.24279936868144,1.392587980696507,4.934798544252986,LOW
1.077045432985862,33.696582754481696,11.85801650879991,1.303772425950719,23.36150460640753,LOW
1.400042750373098,27.606099749584054,14.881529393791153,1.247588455055635,26.95438057657151,LOW
1.8277087639496858,20.351199264000677,36.50089137415928,1.1558555380447055,31.17742958441827,LOW
1.9422107927526613,41.00531293444458,47.579957662567566,1.4474136752138245,25.64792502535733,LOW
3.3828113525346755,34.424625102595975,27.83931449676581,0.522613644455269,56.07092006588336,WARNING
1.6746012673886657,24.270133067743572,21.23738038749523,1.2713480415791243,20.390153413091582,LOW
1.6241742634326755,12.982025747190832,49.47547746402069,1.3861223846483286,21.002477133621422,LOW
3.1569055200289187,33.70223258670452,34.33862914177091,0.5579345297625649,53.08978021943721,WARNING
3.623298126827558,103.16286173968544,11.906750508580709,0.3243929286862649,83.00383898062485,CRITICAL
3.33081911386449,53.610746258097464,24.78376983753207,0.8566223936114975,62.26811461234373,WARNING
2.841915796354244,68.54835899772806,39.75182385457563,0.7613664146909971,58.00471404911689,WARNING
0.15971545280479507,35.45641645055122,22.574239243053068,1.2542853455823515,11.191891300234786,LOW
3.249292229148875,108.72680461249408,32.66653415629146,0.291519266196649,75.67279075272992,CRITICAL
1.8664255394508888,42.32481518257668,35.33615026041694,1.4357302950938589,25.04676248027963,LOW
3.1865700588860357,142.47912989429844,26.18026725746952,0.522976062065625,71.55713088472692,CRITICAL
0.5330768088296892,27.08431154505025,42.72059063689972,1.4303652916281717,7.605249756441314,LOW
1.0704198748973748,26.69644012595116,18.88431241882921,1.0599326836668415,21.616730765731003,LOW
1.0857021813123955,38.12075835580711,24.54518409517176,1.4858910413604804,17.786147809174572,LOW
4.503564591650728,224.5872758838578,6.017566196335393,0.08545214831324029,99.13191006109842,CRITICAL
2.077218126874984,43.93232321183057,56.33063543866615,0.6197809453334862,35.22741906885214,LOW
1.0299602445273697,49.42601816442403,19.682210860460017,1.3360677737029394,25.905818076157775,LOW
2.55167469907888,61.61529152967897,45.34118843043579,0.7678873420373793,50.13121873076329,WARNING
1.6870747416195522,22.83120259886943,17.46074041599417,1.020387570777382,31.650380986120688,LOW
1.072976810768634,19.059831007917516,35.806911616377995,1.0871832145024958,18.22280746949838,LOW
2.580103019450806,76.83649943683673,25.50083776583973,0.6705331755251293,61.41107596799288,WARNING
3.225833300301824,57.760040579973115,41.18602313424026,0.6209261454502258,60.79266469410617,WARNING
1.804709940111321,46.016722286533216,35.32405829093072,1.1695148955243504,33.07727557067454,LOW
3.8870864242651173,134.59128821003367,29.26094938462863,0.23365598599801954,83.63593543000131,CRITICAL
1.8072529582014505,34.2571623863836,10.367882064665185,1.050735771433016,39.04368028446538,LOW
2.9779418892539007,41.21346547302799,48.48716885390144,0.6186245437484,45.68599043086984,WARNING
1.518333669724246,35.98531596188859,43.96893641976712,1.3288064461501716,17.456115710283665,LOW
0.6038844985952783,19.75958573516334,48.920422190097824,1.1965488623333802,10.375572355905444,LOW
3.631138625997263,135.6367912479154,25.079112793155765,0.4307615538505436,76.51821583735268,CRITICAL
2.4211585436612837,31.21579832157269,45.81889183628671,0.5885553397035245,41.024541396567315,WARNING
3.9539285770025874,144.0405073154314,21.10476100766333,0.20618264661154698,86.37918847434923,CRITICAL
5.927239954178505,277.95141832010404,5.888977841391714,0.11552931858057758,100.0,CRITICAL
3.3169220051562776,91.86449226802648,26.704037873750504,0.5744619096643124,74.4871429501099,CRITICAL
1.2685137307284224,49.60215400417053,15.60336060946096,1.2591648261818684,37.314892539566806,LOW
3.7407686177542043,128.79110186966875,31.07452251961328,0.3437964604879021,83.76188277627293,CRITICAL
3.867072318580104,143.926838678953,25.340271965828133,0.40060651787487983,81.67018037843158,CRITICAL
2.9749458961666475,65.09834386288517,51.83170677744404,0.9450026709087831,48.05733099208787,WARNING
1.1987322678927306,11.437690951869683,28.623920725298404,1.2713223173537882,12.695837854269755,LOW
1.2225831950811206,11.220009997561977,11.493927549968577,1.4113002803298291,12.36316070637627,LOW
3.1549903296479163,40.791051374842155,44.915619032760006,0.542673732496884,50.82254574523379,WARNING
1.1095737999794812,31.62540486440426,35.497196059928264,1.3630456668613307,13.316506570984677,LOW
1.610853770060537,20.83329005048297,27.558856828225444,1.039228190671133,25.16891700699422,LOW
1.9290319878880575,43.439204820488236,37.83896824374792,1.2044764722071348,28.454949130096125,LOW
1.1435306629416289,38.583836908002496,36.40789506870925,1.1399669484729715,17.16478142049266,LOW
5.475793833391537,233.15310787671012,12.234414924687044,0.12588001872833696,100.0,CRITICAL
2.021590232944634,35.80363202534581,21.84010568087011,0.520364401159485,41.098264043407625,WARNING
3.703657859380024,113.19216803611276,12.935024819530044,0.39664635004673293,78.16257847045304,CRITICAL
0.8571589953550095,34.63400392208866,35.40374603470575,1.0226520048860221,14.724401718926593,LOW
1.289133839857049,30.125450343203507,44.25959364753289,1.3293468158094726,15.724045978891091,LOW
3.4103453621374364,58.77370889379395,35.526797048260875,0.8216441092211766,62.92263683837461,WARNING
1.1366718997002765,47.658592351061,25.44410551203097,1.480595281911957,22.214879202528596,LOW
1.7052630908419637,10.930877429433036,42.578739303557434,1.1409273873867,24.602791449630104,LOW
1.4238006141918862,35.157713871195355,45.09888054108212,1.367535521901943,16.155611965694717,LOW
1.5261680281176309,42.27338957069056,49.620205680026935,1.2063088384557132,22.68223229809801,LOW
1.575184625409794,23.632141610120712,47.23029302414259,1.429206375921506,21.716609617357534,LOW
2.1546858032538987,75.12764533397834,40.21009489791429,0.9132287330538709,49.793362212849836,WARNING
1.8014941341427808,25.568067149366524,10.433506059211934,1.452690988209632,28.339745555789083,LOW
5.901214293875112,236.0156832184929,12.636744243395984,0.13453365659349592,100.0,CRITICAL
0.7244626362028402,36.900738243081534,40.0949811775072,1.3957895218629242,7.235458879411789,LOW
2.6622957520600656,74.38520913791498,34.03660050208315,0.558533508213803,64.69551661797907,WARNING
1.5468702002631973,34.728722532650444,14.04490704491161,1.0420534030574986,32.86950883681626,LOW
3.7062422271564963,85.69441464493298,12.545131422555757,0.5946558314004702,78.55509211048275,CRITICAL
0.8042200794270927,42.5119826903001,47.88994309535435,1.4930005319114354,6.807048817282647,LOW
1.5765791402621299,32.3361699894322,26.968880369879052,1.453177192547368,23.71381550531069,LOW
1.0359876981526324,10.454145790696764,28.74642567976505,1.0281516378409186,19.311731135916975,LOW
3.4432588227118126,48.7435289761852,31.42848345127443,0.9342995640947301,60.31367588274918,WARNING
1.9301228249371616,10.486178987592654,48.79515306830556,1.021579955975288,28.91518177229953,LOW
4.147593129470797,233.07814266019813,19.38605071238198,0.15692935325104465,92.82200292329645,CRITICAL
3.043623033476926,52.72705323838866,45.10232320336254,0.7921571559615501,50.272541293534005,WARNING
2.416071774471699,39.40605798618807,38.547936197599284,0.6766761140130264,42.232823301170704,WARNING
2.1166019554474773,78.71974038330833,59.44842977918412,0.8490808570098726,39.371298510106946,LOW
3.6847311725538794,91.38318575414239,37.32781553481527,0.5290148971692676,79.46065086848749,CRITICAL
3.72571950838836,122.93906371550528,22.547291088718566,0.5730913933416053,78.54731054198943,CRITICAL
3.9872761293149446,90.52918237724697,27.823921460564055,0.3523563426524086,84.55903837823719,CRITICAL
5.684237846271417,275.74930570667067,9.373863195899405,0.12444585070129954,100.0,CRITICAL
3.8129010091300777,149.98023713002914,39.89910511221716,0.422172682241051,81.75743868083538,CRITICAL
3.417148594823642,72.48236953387058,29.893924069727905,0.7252720676550468,69.81553387607366,CRITICAL
2.9271923606868437,47.90813590164203,24.54230368798516,0.8357865977963999,57.302338546108466,WARNING
3.1584775876034588,56.008175055599665,54.0872600127416,0.7759534193872428,51.44266437685534,WARNING
0.3546289340562174,11.151307052533559,40.20549022694476,1.3101547756767324,6.409102445807633,LOW
2.319446242263366,36.818573779338486,20.581786626715278,0.6752937794032985,43.238199698705166,WARNING
1.817901519538122,23.930218680932015,30.559579566392433,1.3918265063705715,25.233257509487075,LOW
1.2819647304329598,44.49454834986981,47.98082494630569,1.0735367404645189,19.413908589009445,LOW
0.9723579368526964,49.201303011419085,29.704723759714785,1.164375805143754,25.538550371205528,LOW
2.3602184281672898,33.7931664054332,25.155188876425967,0.5640229194788862,42.72477108562581,WARNING
1.8038979788214224,28.958465610514892,36.702309540841085,1.086159935600815,27.207794665977286,LOW
0.17765037090630986,16.757402522886583,21.143613561278343,1.0885052421383734,4.393551092893533,LOW
1.056492814624228,37.615793145174614,11.572485593643957,1.3997051994545213,24.72856703815093,LOW
2.122638547923308,73.67893120533887,56.83489602127253,0.5305389799274318,48.01241336261921,WARNING
2.276781529034566,40.467466166835514,34.81888411165528,0.7422614925955107,38.703715668251625,LOW
2.5533704593546585,53.12673580665739,49.89883752535026,0.518341601445299,47.113688001342986,WARNING
3.511677442115666,117.24794396857209,13.215160340193282,0.37896494672938186,76.45318587190609,CRITICAL
2.3637057554520946,43.46216154746905,35.091366524184906,0.5100355988888632,43.43729543273677,WARNING
0.3275480504565773,45.6210912295958,33.743698142161946,1.339551159572245,10.044213398958643,LOW
2.747663298393586,34.34601440437118,41.48426167274191,0.7934205590104395,41.8390465982303,WARNING
0.6391742210175765,24.523291855945402,35.836689653264045,1.285389152334456,12.416581175485025,LOW
1.9743789727066614,34.230992774275485,19.48907166943978,1.0508912363102019,35.4298322729199,LOW
0.454477345697481,21.403806747753883,16.93494381179019,1.4483827123132125,6.215277509312734,LOW
1.096571640183484,26.41587307958646,49.29514467634426,1.0560194510840262,17.986067218662058,LOW
3.81707207094928,98.05319789314579,15.126627621701974,0.4674572879697724,81.15054739212516,CRITICAL
3.55676289301393,120.01288826289299,18.399372809808526,0.5077971732767748,76.18359903755713,CRITICAL
1.0644597195004646,19.696389296603208,14.593472989568141,1.3053100212208162,14.00183018432778,LOW
1.2043526207029633,16.174508610968093,29.2456040741927,1.266294716275793,15.542209056000083,LOW
0.2204124438982587,49.59840929559781,22.894153798988917,1.4049372229273174,16.008518730395362,LOW
1.3948551722254656,40.409114395587466,33.82554962431377,1.2357880942750792,18.536660158031715,LOW
3.8306194077877294,147.55188374665588,13.728916704566341,0.4923469900814577,79.10391318995602,CRITICAL
3.1812330661656603,84.65473871567443,32.23361947870177,0.4297892452719647,73.10704429378177,CRITICAL
2.3024409800716166,38.18279714328523,26.570631917239716,0.907287360115691,41.2959392874612,WARNING
2.784598137153679,47.941524206175124,55.08802163252433,0.6962225537113177,44.007801325137656,WARNING
0.9790915927722522,22.055114966565682,39.904375207050045,1.2513601950462396,15.70738939408075,LOW
1.8091916892216802,25.355648854928457,31.742114444559544,1.4532360554822734,19.640256713910322,LOW
3.6277080530714176,103.44339302599603,14.178162179901618,0.5176100757081183,78.70148856070138,CRITICAL
2.800191637964482,74.69462915254789,51.54388844898123,0.5758374398663756,55.71323093784415,WARNING
2.050298652103669,58.49448424356582,50.49834742962762,0.9383828183808747,33.850903591972155,LOW
1.6603888788768244,14.425269478208289,43.85809166938073,1.0637443311659913,27.192221748684595,LOW
0.5355776509420188,38.89010273572265,38.801461461842976,1.3205738164426486,6.902573056688239,LOW
2.814086665021394,42.58995294534763,33.827839740156776,0.5907988584007129,51.02867147201083,WARNING
0.977811026923852,47.89133358447261,16.13405612464321,1.2931149160083986,30.085657965461078,LOW
2.917181353151972,30.905509191042025,54.88495635776606,0.9660591412418063,46.242786321834664,WARNING
3.7072386343133985,90.6777330039983,27.288650805004394,0.4426860185531424,81.36703560620779,CRITICAL
1.4992440476869735,47.37468059076059,47.02274051627106,1.225419685702066,25.568430985978555,LOW
0.20404711376185952,23.407889665836038,42.114137943920454,1.0023160115023013,9.722504038508506,LOW
0.8565205178227923,31.495824117516914,46.79422465651042,1.1731729971829807,15.46206021893022,LOW
0.5267491635859657,28.097580645307737,15.634280815191994,1.0881934932531117,15.351573851768766,LOW
0.895958354058641,46.593836042724,24.495755964665324,1.2902941751390218,20.769617883921807,LOW
4.2973254555062255,212.19361855905356,1.7069933615728772,0.2990622755537842,92.98834759428881,CRITICAL
2.8930775259800656,33.353823869421376,49.99841881596711,0.6049527965477929,46.941014604366146,WARNING
0.16944436891138026,28.882677804399968,32.59364533050466,1.0328543197141762,8.23156885451487,LOW
2.6799332521220416,56.219513466379,37.63050987752912,0.700381530437663,49.99686951392783,WARNING
1.737392679925683,47.84461848534531,24.932372651190118,1.135372336571777,36.55345769026286,LOW
2.6131012566471448,31.269317783017243,26.246103894647614,0.8579861144236988,42.398849438836,WARNING
0.5390421135173357,36.87570974394914,10.788421510174565,1.052054290992287,24.46514882218777,LOW
2.2678169930815004,62.63730539259374,29.52731124186906,0.5497206963796726,57.749948526644914,WARNING
3.830219864566992,107.80284707329184,30.042554097119385,0.2819937181663284,82.08702698238504,CRITICAL
1.8030380551901275,10.52007694042944,13.420341234178723,1.1039431275730136,22.644377040999327,LOW
3.817443561738441,103.92721461885131,17.782703002938774,0.35187696326690676,86.39537662615099,CRITICAL
2.4020954612343144,61.207445392456705,36.37646608764962,0.7760235904259901,47.24908885777718,WARNING
3.7636057941597607,89.80792230365168,36.05403927693739,0.39497247929980545,80.48403761716538,CRITICAL
3.7998552559473153,109.76494531284634,10.674079249603523,0.30747094375397843,87.53396195840332,CRITICAL
0.36477654073836585,43.39720947197196,49.37608722814208,1.262845091151343,8.153554911163802,LOW
0.617383920386801,10.735627061898668,46.57195226241996,1.0588755414450706,8.794842264452566,LOW
2.9771305825277965,71.48709018536007,28.256850870424127,0.5054979143292402,70.72059077770577,CRITICAL
1.8100354195113997,44.95560310250061,33.896524086812335,1.3002584302168267,26.98235099201405,LOW
3.4187705248920732,106.81969697746482,25.567531158485124,0.21878638671002204,80.34638134113139,CRITICAL
1.502263871210104,13.311946717005059,34.12608437865553,1.1226745548406605,18.676895103750624,LOW
1.4661872198500665,21.884868624927,32.656185611875884,1.2380252010995498,18.10952161511028,LOW
3.405244608987137,66.62860486051252,28.59761514363027,0.5155915675306424,75.41970362971892,CRITICAL
1.0430958696823491,33.87371395667557,23.369755632678434,1.385456101872911,14.314957300926025,LOW
0.24276178529803666,39.12755024814413,29.81965264824794,1.344201198213868,6.042460045384268,LOW
3.799415878968979,128.62875295980987,18.16435411689888,0.4360922667476348,80.70234103054389,CRITICAL
0.2740059393206049,46.692543018489715,15.472745236758456,1.4751186769104012,16.042930542581217,LOW
3.3094187538146125,66.61124432047805,52.26244591445799,0.8293916833553587,56.45066961421453,WARNING
3.273793477347979,42.483400442959294,39.576998545725615,0.6106047209098011,55.26047654121483,WARNING
1.425098507768996,21.89396029490203,46.975847815061215,1.4855291225826839,16.12715521302554,LOW
3.474214216657464,140.34298556925194,35.33648195605211,0.32764018929730226,75.80351193998203,CRITICAL
0.24621108309549739,37.85155103512559,23.594998550722647,1.3623833857643808,12.426883227951938,LOW
0.6990516418781596,31.57965169501349,41.628926593558546,1.159376251466035,13.266561035081127,LOW
2.349439212130451,31.2200390778269,54.803954956037195,0.5106347054251936,41.74232848517151,WARNING
3.528937134027212,145.73473889590275,33.963497073209965,0.599173644213335,78.17008922040189,CRITICAL
1.0117636785774269,35.1002185287348,44.94708456745355,1.4920417345996475,8.896029932963554,LOW
2.626650173251001,51.06785011385351,49.50329206355566,0.6193885728841512,43.60835518186177,WARNING
0.6629854288663811,19.344310041996398,11.683727585454475,1.008936967366707,15.39644190861592,LOW
4.855546267471725,207.64899707395224,13.592945653861397,0.06547616635951925,100.0,CRITICAL
3.94473202229141,112.71810578749088,28.40234167632123,0.26681357843683007,84.04548317054663,CRITICAL
4.463343402766887,291.40976612026884,12.99293297984737,0.18232103846365774,93.69160793730249,CRITICAL
0.5189237972333332,17.45753048577018,41.18337894267013,1.175062629583365,9.668579048134212,LOW
1.9412949972675415,45.35143539853703,47.11009132780852,1.4974539113232177,21.834603138884695,LOW
3.0440309270806885,37.69479531699275,52.63332499962471,0.6122202859183303,46.738895432669985,WARNING
1.1202514034974858,33.71759739366813,33.203448313512446,1.0457434186988774,17.190195927244567,LOW
1.7886213517510567,48.226059929190136,44.48510469061802,1.404758037362439,24.81997635239891,LOW
2.826286055913709,34.34933799557051,36.338128522827944,0.686344258506157,46.96362583256103,WARNING
0.2539878102245311,18.80732807799245,37.33035054638384,1.0380654297451501,6.796098340931806,LOW
3.4951465270139743,113.64106041286536,27.772233539785528,0.5298723863700596,78.8448539023578,CRITICAL
2.400542405254132,73.9314993177579,51.89704086427712,0.8292259173292127,46.36424572651418,WARNING
3.8672942009598024,129.58540837005245,35.11039985091016,0.47898858466771344,83.85315551473072,CRITICAL
2.2379076579396107,74.04353795994642,54.87374110980928,0.5146236415172796,52.28465196646007,WARNING
3.128869867473445,103.45831979813994,32.30524768874823,0.2643039584193233,75.69116867726343,CRITICAL
2.0095788075752505,44.35190665874564,44.67707673502969,0.9905930890137118,31.048903686902182,LOW
2.3897053715962397,61.70028515498056,41.59941518863422,0.8899226975755719,47.240699121258544,WARNING
3.444488005788492,47.0936083019343,45.304875725357924,0.9660140527550087,49.79966456756007,WARNING
1.8807341257492571,37.51542889203253,12.713482364206875,1.150481783473408,38.07432242851248,LOW
2.518824585429435,61.04577588837385,21.829681352500515,0.9357684030761881,57.729464717441104,WARNING
5.937755710571383,262.4477747614387,2.6017248026126394,0.22747895877870677,100.0,CRITICAL
3.024943064909758,52.29513531883742,30.945066651266636,0.9985622500788556,50.28621011423031,WARNING
0.9576353462263834,16.544952847666767,41.79238194999718,1.3468411128907443,13.86166780628391,LOW
1.9066407682757798,16.04231567123601,27.293392041704077,1.4718079600837994,25.08240898258352,LOW
1.3131993005617626,25.90377591851177,20.968608093946802,1.4919888239799142,18.545096642639205,LOW
0.5048989376476583,11.245363315380455,36.066673015035406,1.1842631718618806,8.844626958695056,LOW
3.473209906691557,147.77353995403053,15.565765471093634,0.5474492671822443,77.08582040715838,CRITICAL
3.761023990942999,123.83542251419908,13.937346330471627,0.2130104717965008,85.41010037080297,CRITICAL
3.6166503145207383,135.75761036833234,24.4456705453765,0.2469232755849578,82.33841730569337,CRITICAL
0.4809969807306398,29.663781869657477,12.568357483005364,1.2909857009571994,14.629043573076368,LOW
1.6153622912106576,22.41447835694295,28.20880596327205,1.0058102699540503,24.44425868595674,LOW
1.240039041426677,21.66650314837213,37.7992754450617,1.4300611985946023,12.755685264751012,LOW
2.0594282380225355,54.02534736289145,24.197207136726995,0.6210225079312637,55.5570710588698,WARNING
2.839473025230371,30.488542370959184,33.058452329759675,0.7588558216923558,44.359421144272105,WARNING
0.7661911692974434,11.328124351654662,13.14313988620083,1.198461638100798,12.072238627084062,LOW
3.2008800486636244,40.007512212240506,26.699303290362792,0.5522839201672001,56.504625298963994,WARNING
3.059713589730352,31.579307241282102,57.448489849747595,0.5259856418257363,54.06855379383826,WARNING
3.7140869321324277,136.12096581488544,20.183505776284182,0.5259300454986049,79.88398275621239,CRITICAL
1.8001516465150025,31.90369504614945,42.69191079849975,1.22615914225915,25.119007335780093,LOW
2.1224449730458845,33.01760419952819,29.884129360405858,0.5797723400565942,43.160577665662586,WARNING
3.219213987358044,148.3105679073392,20.106873753133208,0.2728471662754797,77.1824428207264,CRITICAL
1.1551907467814995,38.768071130890554,19.13818965325195,1.498166958028371,24.166716717977508,LOW
5.300651372693874,179.93136763937179,13.604564848625827,0.021659522693752754,100.0,CRITICAL
3.1140597817999716,51.274666722403765,33.83739970187852,0.6855193814923013,57.53961018820248,WARNING
4.080218382824965,280.0547244183673,11.573508171447868,0.13158462575687713,89.63456074428548,CRITICAL
3.9007018640112587,109.52046488114188,18.304833917051546,0.4369401314373449,86.40360232114357,CRITICAL
3.2106621890056664,123.60766084944379,28.946806602775617,0.4932452089661124,73.6964193549102,CRITICAL
3.179683108870242,96.62803274467143,39.14185282124919,0.2723907810837959,74.0529861672297,CRITICAL
3.492277856448035,97.30617520822238,36.12249703817534,0.3781221020010662,73.71284332214968,CRITICAL
2.2452858088775343,49.55407683258804,58.7764928934115,0.6290667163505638,38.679600161093916,LOW
2.4877850963370425,68.67365628433004,25.23494642873399,0.9849105225392724,53.58652076774449,WARNING
0.42254001966632737,30.790957942240706,23.48012705725145,1.4144416829413047,8.476516064550692,LOW
0.5725571179164968,34.68579946416121,38.27108867541783,1.0835209539504749,12.971394882975208,LOW
1.7039238530414746,42.22680611800213,33.414174575870085,1.4341356402566294,27.112594477261773,LOW
0.31264727685568294,20.789984460679584,12.283474243572595,1.265584764000516,10.242651027443948,LOW
3.3161561049767503,115.50643660818747,11.247185771511763,0.25933728038483556,75.34748520274596,CRITICAL
5.930237392872091,150.74099714016145,19.03623570846478,0.1917359813446501,100.0,CRITICAL
2.73326987038538,63.34321287730522,25.586050190252514,0.5149867949363389,67.2900274229977,CRITICAL
1.4388934491996288,18.074138084917934,36.93729733299669,1.4849560230536352,16.604124195715947,LOW
1.7494702833172602,17.085991577895435,37.70503808904658,1.419057644824055,19.76797339642425,LOW
3.683248028289646,114.8022334805899,28.535417206036414,0.5475619937914873,77.57085318464087,CRITICAL
3.6895267510315612,127.35593700440725,16.470254571931516,0.46355418809306287,79.80721133572021,CRITICAL
1.3373426563788349,14.263721212319629,36.313812184121446,1.4997068628853332,16.510970273824412,LOW
2.850524391480002,66.92246046256633,55.14062245205392,0.7020701608255164,50.6950538129516,WARNING
1.368427432570811,42.31383767765034,40.49140539106463,1.3989068244293172,19.749438906569715,LOW
1.1345292861256142,10.230346419924864,22.98343319601081,1.183230767435699,15.493009404226324,LOW
1.421387692710738,25.54232405081383,27.947744904901228,1.1187720654371638,18.11257566426443,LOW
1.246552327424618,36.728511942200655,34.779613840384584,1.2317470219002862,16.634855847540656,LOW
1.7403339341864679,30.763271405448723,29.16727510518924,1.012821032903218,24.84725667413157,LOW
1.2023275015319315,31.34410186907514,34.316203711737785,1.382441630771064,11.198486952717671,LOW
3.7181230762264943,146.88665871684543,10.546977480290849,0.27831119427341844,82.01732101043257,CRITICAL
3.0602673902895607,145.41052187638599,20.54868061718903,0.2405683313796866,75.04075751467036,CRITICAL
0.5878754786689651,21.394916078476914,22.29159859705146,1.4015129489163316,3.36738085546523,LOW
3.0742260113347903,43.63120003667669,36.541964061014056,0.5609430466684737,54.51035723853092,WARNING
1.3941239225334674,17.257533907825078,31.006535346682405,1.3545231308612165,17.513830966988795,LOW
1.9295610629514017,29.341825868796988,42.23970199100633,1.2751132710781308,23.514332968003053,LOW
1.3029876136286425,48.05613368826628,34.06447280585325,1.409594429713395,21.671877961031694,LOW
1.2608638788168842,26.441138792268188,43.59445211466881,1.4500115616990055,14.946045819835103,LOW
0.5500540620515159,41.221020609754476,20.992241421925442,1.4113071592568391,20.436351874933322,LOW
1.2853327168854887,28.070707149489166,33.46433852701897,1.0840071038724317,17.69228245893252,LOW
3.294195616314843,40.836990004538784,23.828582220806467,0.5118192930231682,64.71244915659646,WARNING
2.3479206441739633,49.54529979527574,43.77905340744692,0.7483834294295847,44.116747391055064,WARNING
4.272879505113466,254.27168310713907,8.086375362085843,0.12845988447768442,95.692987749106,CRITICAL
4.2567885789082505,165.61644740762495,14.486776342574823,0.1735160751019227,95.02590057002308,CRITICAL
0.2508968010790745,13.426329983857222,45.76763498656473,1.0959336623593714,5.693613725866955,LOW
0.2319053012175774,30.762391636330815,12.704502543688596,1.400178253911181,11.256024184339767,LOW
1.1260226377485703,45.20316350245833,36.03509476188776,1.2664788932756676,17.031545970386446,LOW
3.4912090418317514,63.09195949246893,42.311336694801,0.8653252551196231,59.596406073146426,WARNING
0.2142704509414919,32.491872635116394,48.305011380215205,1.0876514711788299,5.6579256213257105,LOW
2.1450146744700795,52.51854681290926,50.24653315580984,0.673785762119491,38.67131539995663,LOW
3.1931749411845938,76.35889097397263,29.38568327421814,0.699657957904654,70.05457489906831,CRITICAL
3.520957977272042,123.65099816019318,12.673732963480498,0.5021081681987232,78.4714243143805,CRITICAL
1.669528497479804,41.28112350681543,38.349787909719055,1.018080190262381,24.673285057285234,LOW
0.2665212188512932,47.47831292124251,32.15208962849505,1.1527621553290117,13.1775121007778,LOW
0.9496848269591877,34.02377333442469,30.62717710785991,1.4596959866072088,12.235010163012934,LOW
3.208510514357336,145.14166502507413,13.490991936564283,0.5269798833964766,72.41170229903645,CRITICAL
1.7681512088456321,44.72226760429801,42.23701600470485,1.3950152181535307,21.867282435609113,LOW
0.4296965784743665,37.79804355609847,23.843989061511422,1.4878051004299575,10.963841569127865,LOW
3.2337208454515416,36.62623363709242,54.4805792909049,0.9613785952566971,51.89007746681264,WARNING
2.2622579408906187,55.12830382317212,35.946521110892526,0.5731869960811246,48.170926481665376,WARNING
0.22952738783243778,11.03247627797948,15.40665156619291,1.4815575557945868,3.5566270002055367,LOW
0.6924506528619931,30.245674513609764,27.580467545316406,1.052832342130872,14.325831729053672,LOW
2.3240572737643994,60.97939774489148,46.00804369592613,0.576012426564324,46.07478132773379,WARNING
4.115561121992734,254.25528432878298,19.67357850526827,0.07175403126477768,91.2244272906903,CRITICAL
0.3306313849026149,22.131005902703823,14.041832440425868,1.346080670847066,9.43401866536494,LOW
5.627940539012037,242.28291573465162,6.125072415732234,0.18716875088749155,100.0,CRITICAL
2.6391250758355573,36.535518837009974,55.46416860961867,0.7248923244106613,41.172506788228645,WARNING
1.6723220015770612,39.344575222456086,40.77219574565359,1.0055156322143235,23.21144519525358,LOW
1.0145538881071148,10.767691072922268,20.392528349801367,1.3801449115610676,12.00936291777705,LOW
0.12302947182339723,19.64805830398166,49.03495019640215,1.4007685559414949,0.31578701113623087,LOW
4.975708087852725,166.46042980162554,10.95918977947386,0.13631320036798825,100.0,CRITICAL
1.5009784470368193,29.040725174750662,25.035531405830774,1.1972381392850178,22.63627816147835,LOW
1.591531433290408,45.68338755760938,48.21338746015713,1.3934516931276475,21.5900558454463,LOW
0.5838741818874972,43.634863177036905,11.537053958493,1.4508809960677118,20.30075801952355,LOW
1.310682805935733,36.37415688823131,45.804709628261456,1.3183348410836038,15.282011501940511,LOW
2.2252535012255623,66.87168843607428,40.488876832506975,0.8401138896041767,48.65710720964721,WARNING
0.26110483048702615,38.65293552250729,12.883373439946935,1.0356283638826294,20.080917789171696,LOW
0.7644361365171141,40.986141247247275,36.45482444281657,1.092597783933734,17.93831395724392,LOW
0.28695173445545485,36.41210878805353,40.57490648886944,1.132523214162502,8.982245101335636,LOW
0.4908057981715547,14.855456726376257,34.600518721554664,1.387316890318894,9.032441606400901,LOW
2.7954531998737373,32.097561171581816,58.739551103775355,0.8993570958272873,44.85619844710141,WARNING
3.2176546821352066,62.823930366575134,25.123829854648,0.6691337529972492,73.09037739141054,CRITICAL
3.224615611843852,106.05169166862593,22.96230648832588,0.37576199587778086,75.80410384656226,CRITICAL
0.33085261497174434,17.898819594397494,45.47699600837078,1.3229054063276031,5.964595733824047,LOW
1.650299184040373,44.45479985453744,43.860573547611125,1.4594632668197773,21.181081336730443,LOW
1.699797250491117,39.13962708646453,41.057897859988984,1.3280809188405358,19.992687988782897,LOW
1.135551145904183,49.38678958098033,47.495522659884756,1.0215868678985058,18.9410337862927,LOW
3.2266779947854176,40.675568315533596,40.23410771807316,0.9203515140056,47.462275788089606,WARNING
2.8133558082377723,59.51738452293864,40.3344218766512,0.6487742256594102,58.73810387624326,WARNING
3.636291353979248,133.27850759302106,14.80214904863719,0.384622989767916,81.26183700874033,CRITICAL
0.5686898425910837,39.05846860452019,49.67239805397454,1.049589049793608,14.26684133976592,LOW
1.154661403674344,39.32285184118699,34.63941801040716,1.094012367307708,18.969544647986083,LOW
1.5892043905222548,32.16906056528067,10.20918454171651,1.380495380014047,27.52731599089468,LOW
0.6806480094314082,45.06603047312802,49.85337350508989,1.1841547652534241,8.804080711029256,LOW
1.4719347825852005,45.44783121860298,33.721773367471364,1.1957628490889147,29.571585428932273,LOW
1.2772197411736974,24.219720417654294,41.76789325108337,1.046495319911566,18.238745435863983,LOW
2.7214593348291856,62.11627629526137,22.594143779318735,0.7899918937140656,65.90015844250865,CRITICAL
3.0147019058395434,70.24944998403848,30.792828805128572,0.912524705090031,68.19356196762477,CRITICAL
0.2464107303552292,12.342037169759168,23.36953274784243,1.3924484885557338,5.793420556778793,LOW
2.660298496933236,37.372626335314195,33.12771014437246,0.7170096830869377,46.06056688412988,WARNING
0.5191627101513013,33.92901176254955,39.42652456956759,1.4991737556964748,5.582336610503933,LOW
1.3087369929456423,41.42606472320928,14.733447636935493,1.2049524448481441,32.54827270166269,LOW
3.383832951933044,120.03105898590306,27.633080825865946,0.2737905012534557,75.30521687138315,CRITICAL
0.14596435139357497,43.26788174703094,20.922832398912497,1.2590393831194078,13.495232157479832,LOW
1.887290565719147,20.37187035463095,27.186272509557405,1.4363651252423009,21.93817566237128,LOW
3.4581868867378924,113.80782104597486,14.004399172478314,0.23224060550284986,80.47540649398026,CRITICAL
2.7446917285329495,51.842535130758975,49.18032914609587,0.8827564494955549,43.53025722624042,WARNING
1.5276126634551868,36.278206250685585,48.26458484333832,1.0344790081782107,21.042746908143645,LOW
0.6361554419170802,20.46822734943624,19.879151962879995,1.4531272902605183,5.600342471961957,LOW
2.67460976367581,68.83552784775907,22.61464630257541,0.7437855968366922,60.56222576451177,WARNING
0.2190410865651736,46.25749813377644,15.569814844703807,1.2662103411376084,17.12500369513834,LOW
3.0218233967754893,126.46527803229124,38.901833026406514,0.42406727338473676,69.24480765532728,CRITICAL
3.0522578792860235,109.31553233519129,17.804733728861535,0.4923283859922919,68.57306111101339,CRITICAL
2.6958987300325044,78.60026648157685,44.341090907858664,0.6747531860434094,61.87556892300993,WARNING
0.38736897459637565,19.012677198049403,20.03866645361192,1.4253080289205688,6.904336178620936,LOW
1.7342654173639265,38.91257212833935,12.706734476000063,1.3539175486148842,40.16432061683403,WARNING
2.1225880186201675,52.91503207643282,39.38785148520188,0.5828872700816379,43.05604083552631,WARNING
1.336849587586813,31.817274776276218,12.490924235275426,1.2562513243851658,31.422568697578356,LOW
3.459239877596958,83.63696042879879,33.588345981520995,0.2805455128543898,77.62392845868902,CRITICAL
1.5378278608084066,30.775434380157492,18.195250966028503,1.4389150390760204,23.25272751590327,LOW
3.870578425046007,96.71573479670775,23.537180325429645,0.5939958624563499,80.22475870838012,CRITICAL
3.5387017979527142,114.84687556240031,13.164210998698918,0.4627120418897176,76.20122654967408,CRITICAL
3.3804200075075626,134.29282956477292,38.93429961702435,0.2815065836510756,74.31697904321724,CRITICAL
2.866390048821736,61.729120877515186,51.916566384635765,0.6979852363312274,50.882417004849565,WARNING
3.53302886724614,91.05683759847436,30.876973545064075,0.5173045401753018,78.53721995817301,CRITICAL
3.276904487377809,148.84650309006554,14.221345841462753,0.280806267360996,75.7524778987306,CRITICAL
1.7985804490149537,36.17170209299847,16.084171328890914,1.2201617091841745,32.94747935391241,LOW
3.8036035354415354,115.36447415036469,39.01379845777511,0.36710439171003983,82.88587775572705,CRITICAL
5.335839997607254,245.20069098809122,3.3190979059157,0.2645783274913932,100.0,CRITICAL
1.163535798912927,31.095984884907054,38.774144894766344,1.445129026508901,12.40085839194116,LOW
1.4898433316466886,17.49647776390329,44.327082126286555,1.409531756930828,21.351305608560804,LOW
0.9952190079723477,42.865475908418865,28.370607886928557,1.178899132662721,22.18146900358418,LOW
1.673673579630715,23.40832189483491,16.950463725429753,1.3560070101653903,22.997854902877194,LOW
0.955666859920284,39.953053478532254,36.04590339526696,1.3104642837392155,13.215337420386911,LOW
1.698750350861044,28.85148669592658,49.16419752060618,1.3170710691478684,22.497654119201055,LOW
1.404021673703585,12.78564592649623,16.995257487038376,1.427868629452893,14.766987429591168,LOW
1.690378137961586,21.171043538176416,35.71527640234831,1.3470752867549156,17.368996379227674,LOW
0.16305977366860983,22.157856049628954,36.126511621251325,1.4691524092242414,2.2934900609656745,LOW
3.766064776535303,135.19131402773093,29.94954710427986,0.3041147430264012,83.36318953373353,CRITICAL
2.1664842038202217,52.35277719032127,38.41433084807705,0.932281804761335,41.38690472801961,WARNING
2.5706008234556146,78.84001642553297,24.428823733052628,0.7112742141559723,61.01110189437362,WARNING
3.2922182304618977,143.75391131507405,32.61885710790352,0.5219627107365754,74.44087501446744,CRITICAL
1.9293396784406494,39.066839682812926,22.190043815445332,1.4146973324294234,33.28234157838734,LOW
1.4370033571755119,31.62793906579641,13.861378807817633,1.1209469141294195,28.988359080289854,LOW
0.990659134382561,22.050610430400013,33.934299371910356,1.1486189038543086,16.690722547665505,LOW
1.8155004908647758,44.09055497564726,36.71218732905626,1.296610785053692,25.543081158915633,LOW
3.1853301795287146,85.527841353358,17.185305097286143,0.5178313114800761,72.39400484240171,CRITICAL
5.711392187675079,228.21685335653842,1.2728181857328469,0.24941205431571295,100.0,CRITICAL
2.1723994955893504,34.69286424116781,56.3850727774637,0.8346001314690392,35.80443187022283,LOW
0.7021985168031266,27.38383843434847,40.955186229206255,1.3009617155075657,15.050234231709336,LOW
3.443380014379188,122.49627051031278,28.93922659275966,0.43667886492253016,74.72048856792125,CRITICAL
2.1563372042125213,49.22556638224063,39.50668274485058,0.8261121297727363,40.82208254814005,WARNING
5.2013021330967115,261.539087426484,10.125321189904055,0.1902312094128994,100.0,CRITICAL
0.9977373745123758,11.82594982009535,15.600963902132708,1.1384071538956528,14.428693082260516,LOW
4.662694014206101,222.30615871681238,3.9219542547678587,0.18323402132273048,99.01770553371321,CRITICAL
2.0082586987406312,30.383201632461265,28.76275236407431,0.5183606812504106,35.99674481767302,LOW
0.743835233743628,42.103427183192515,32.88194573477203,1.2563338629782081,16.051864073673467,LOW
0.26547625691196586,34.68266064471205,14.553535739064056,1.172611571400846,16.72243319730711,LOW
3.3113337870277637,54.67732901700593,48.09035064126657,0.9964084194995352,50.02322063261546,WARNING
0.9014735392237795,26.44084301062183,46.3044401022622,1.3570163222334282,9.614914272043071,LOW
2.464059076794173,71.18951921106473,58.202420459399555,0.9105991412751133,44.15590564561678,WARNING
2.1717314570988577,49.19194415224898,38.24946035822168,0.6845265108804583,40.731138099791075,WARNING
0.8960008013562032,40.04712191233672,12.840306581330218,1.0400900070409518,29.717864067267946,LOW
3.018004935008847,48.09599954189325,43.74643164834154,0.5050655920138717,52.005648920974735,WARNING
3.369930421364355,60.62867341724096,54.947943738653805,0.861986527733047,53.057958949969866,WARNING
0.12224256038871772,26.88137040510556,21.80162830616625,1.2430002468988015,5.698534948742753,LOW
2.065608608463421,36.15016475618728,42.34569585801701,0.6715836765863291,36.95827235928692,LOW
3.692492826669225,110.09517541731037,30.188998671832973,0.3101524697021674,84.33124573867516,CRITICAL
1.5990718038495073,27.856780656063286,41.9352136207341,1.4112111868341393,15.53056616748541,LOW
2.5567586351564415,60.05370834001165,48.223434505752984,0.8442025092460684,44.02713642104177,WARNING
0.4170343832276303,27.2211735384883,15.70376576327635,1.4450485175919041,8.732742471158812,LOW
1.32706253394432,35.47609269818973,23.624166663251668,1.0358559444238256,25.612433584593546,LOW
0.6913132406204477,37.084825589400374,34.231169978107616,1.1822968640987699,16.35771871251493,LOW
1.0226204293528558,11.101468794778619,30.218204716417997,1.4820087035588512,9.617162267531285,LOW
0.17409242389233204,11.23823163677374,25.51947039787478,1.080012468231597,3.731795193839775,LOW
3.1161389602005256,146.91431802687237,19.419001521320585,0.5553614689234725,70.09518939049654,CRITICAL
3.240061039612231,79.2006581605232,31.53621751274983,0.9805677427037964,63.7097126092428,WARNING
1.1286744539604119,16.165801727139485,32.14845941432045,1.270852406205002,11.797213836679026,LOW
3.2504749429063784,52.0220675156212,32.09332997405975,0.6296674486585472,59.0468230017941,WARNING
5.115417652500088,202.09155585457614,11.60935201987392,0.04175901040370865,100.0,CRITICAL
1.2898452107000213,29.555913271698056,26.07115202617297,1.496924194449849,16.230741293377367,LOW
2.930990719736876,40.065605391121665,35.805509730572744,0.5197297664454497,52.74108627994566,WARNING
1.1317467095195601,19.109989444128384,48.56115388662055,1.454727305468621,12.891441252117685,LOW
3.130652343823463,135.33568559924194,13.744624419005449,0.5176842650197622,75.0390978909799,CRITICAL
1.766472103934559,47.761683753015916,15.951838776204625,1.2313378025326966,39.676319082762156,LOW
3.5887315221313196,106.27309355437214,18.573506665776108,0.28128923643443493,81.53925146346947,CRITICAL
2.5798107602345417,55.56377311003756,39.693019200047274,0.7886395146165657,50.869602179059314,WARNING
2.8602934271833598,77.80235718059666,28.018980621136112,0.5546321051548107,66.73066977147357,CRITICAL
3.439149816633748,139.28781979449423,36.79270615586245,0.2249830374476286,79.24433451576358,CRITICAL
2.9398887666398155,76.31913033650434,20.76464377719056,0.7384217341589085,68.02268866333706,CRITICAL
3.0840604365473427,64.6266215768554,25.377405176324874,0.6496977941858406,71.0354406000388,CRITICAL
0.500339431347686,48.29792076152385,10.354531404538756,1.498910427840989,22.92649911436291,LOW
3.2427039491736753,44.730969817309656,20.5726111066824,0.868934759280765,61.4216080031385,WARNING
1.5315130522882412,40.75691128430564,36.3416206268022,1.383057966397793,22.282868113187178,LOW
3.613604114237458,86.20232997787754,24.628834290016325,0.23105973386864204,78.4787833118657,CRITICAL
0.7627590145420107,14.439923951652593,42.329408400368884,1.4738440129822354,4.7111326463827226,LOW
1.9147188938542328,30.903063973469806,21.982627118154955,1.0384310376380816,35.71617799654505,LOW
2.0753390171959607,33.645091768395176,36.11493130530548,0.6476452470239716,35.70232621004266,LOW
0.6339085479265558,42.139309731875386,47.16912214527416,1.2025513472637832,9.747293678617371,LOW
0.5294550958503994,35.61904168703376,49.15924460699236,1.3017465480216894,9.203992103062179,LOW
1.330853147382004,14.916827138615503,45.546363210615944,1.2515419753899182,22.097195581402918,LOW
2.1076637093397697,64.13086106117012,29.67726721262118,0.8569763162532948,47.98273090503151,WARNING
3.80395850755252,118.67506771855224,25.605096769322536,0.25715038453576466,82.4713465423529,CRITICAL
0.6401207765622817,15.353134519987726,35.182307875669466,1.0271660174114519,14.483917418658502,LOW
2.476380192891675,30.006734650224267,40.44516556948919,0.5234259542638016,44.6080727597925,WARNING
1.6947431354764044,10.152796906343324,19.87295476807609,1.3704520280760357,18.92206200447281,LOW
0.2935955373254257,24.409356752017114,20.81573145538102,1.4213559510802773,7.835936264349755,LOW
3.4338174195765294,143.69602006980745,21.319541618895784,0.5856313665960433,73.30887933227045,CRITICAL
1.4053366063561612,29.75256161827715,25.505952218225882,1.3163559393743005,21.01890435338986,LOW
3.449071257693016,68.05188951253915,58.03090830925352,0.8512702507674035,54.67637005175915,WARNING
0.3001933522766273,41.272954533797424,35.76596885903663,1.0240930061966482,12.915116622573919,LOW
2.649093704029557,52.8849802579647,28.35530896020655,0.6843535854323977,54.87486985706268,WARNING
0.19947453835619755,40.70270514071673,26.66017727615516,1.4110899434082116,9.407856050567466,LOW
2.7084227062444723,74.00783689607425,28.629627167058164,0.838906600155022,62.55569779182955,WARNING
2.442952216357749,36.83004518255863,46.065590419091066,0.8692987290661653,39.792152856933726,LOW
1.4550930782369738,17.968610995762123,45.608600105446975,1.14370479823279,18.078396685336436,LOW
0.21037470895266458,14.460488492851056,30.634476108493125,1.1337963383639857,3.934603718667805,LOW
0.3362999581009694,26.54570699674541,29.714583377897867,1.2021448736274345,5.0657772253822255,LOW
2.8926975123585223,30.49619105639178,38.56380637814016,0.9817496204437941,46.1787513268898,WARNING
1.5705836184902489,40.9168592750446,30.851841906165557,1.4880069116396069,23.23088994989558,LOW
0.13220056329020388,40.80632847028384,42.2862214945953,1.0601036145602882,9.147531349088347,LOW
2.522143389752432,48.586964745316514,20.054145028618727,0.6499002637826179,54.408951687143244,WARNING
3.4612916657245356,72.35304134919497,20.943798585821163,0.9492803023374197,71.49555126850494,CRITICAL
0.8562100566135553,22.116629153327704,12.627794358174631,1.1141176817468494,19.80426204070566,LOW
1.019746432449383,39.897776263867755,28.952393135917866,1.0289222247235803,23.08955991908218,LOW
0.7947934216966055,19.015250720270632,17.833323365370802,1.0704014744463382,14.3686989934687,LOW
3.1719827836209573,58.91491997101804,25.878508383528388,0.9055618849667355,60.80334260269635,WARNING
2.3898574688642493,47.25961042471053,56.69943372527961,0.6452522528357102,43.07680114548345,WARNING
1.791268161052428,38.3088540107011,12.48812904658811,1.0736515221394851,36.96303204647041,LOW
5.05931944789124,186.28399411693337,10.01207142309415,0.20388609982053232,100.0,CRITICAL
0.6219372485909948,42.278619635359746,28.38659481610645,1.2732885710161475,15.06004789377555,LOW
0.9465291136095927,18.367418616317114,11.999161146387149,1.421824832025912,13.525427653169956,LOW
5.586285747993479,278.0677382557001,4.839542606340908,0.2881880926539599,100.0,CRITICAL
0.9302921827646796,33.74243741515144,12.923262481080599,1.311171632308623,22.893279162525307,LOW
4.380215299567455,268.8892674432575,18.15797587559239,0.28311047784606624,93.8788054358821,CRITICAL
5.514620414268878,174.2507154355443,9.5380021293594,0.2154993526116012,100.0,CRITICAL
1.317168848742886,36.66401916186477,16.507989752342635,1.2825426562263782,27.191878737460385,LOW
0.11717309125065514,24.281173758800488,47.04776273727128,1.1143383898018044,9.437110440349342,LOW
2.333113806039981,46.08349948297743,53.92168358405936,0.8644307211349734,35.93489346738702,LOW
1.013691278545717,36.49736046804272,14.740104943926063,1.144442469454583,24.054855033764014,LOW
1.8471089468464945,49.73020061691856,11.796451959824633,1.380503961747696,39.16348983918758,LOW
3.3776396482181132,77.54642972512741,43.08490344153283,0.6785605796502514,66.672966192175,CRITICAL
2.3765020748934504,58.20370144167589,34.34313846099492,0.8283155368539381,47.8124458043263,WARNING
3.101803682949537,115.41705354144521,16.625583488890268,0.215571985330267,73.94804950179869,CRITICAL
0.432921367001072,44.67081418024001,21.299149759081068,1.4752295852876478,13.26474024464369,LOW
2.775047577839402,67.93881268786626,31.29984263891409,0.6765251958001512,66.92956084676273,CRITICAL
3.9464565131504052,142.4790759240532,22.583439818719405,0.5121462012027527,81.72757361941301,CRITICAL
1.2231475761911812,17.445435910133916,23.26258796268775,1.4275151008099676,6.9979211129548125,LOW
0.23520074182952233,12.760303704512651,47.63138082012431,1.2534602189809174,8.169641770450857,LOW
3.3321910331156044,128.55326402316567,33.1336844755566,0.4618602747463818,74.19391713570607,CRITICAL
1.7641778586824084,31.563782109440346,21.298897054800147,1.212614092718847,30.53026112837492,LOW
1.9488485096474324,19.045013249986877,22.167948785451234,1.1519712561275137,22.170637022906313,LOW
0.1028002619639917,39.17379176351986,48.67381999197141,1.1121467416425226,8.632833693048351,LOW
3.422629197013609,101.20516339483004,19.758854020690933,0.4850485332394051,77.46906108612289,CRITICAL
3.1816139677566024,105.96587057104357,37.0582059024745,0.5226774078778957,75.03308809325904,CRITICAL
2.117683724475686,57.224847955193255,48.37283313890438,0.5836606520005302,38.09932986234263,LOW
2.8756591707711676,77.61108928487974,21.69689192827567,0.6326630687777335,63.39220895873736,WARNING
3.1385079237828966,35.125798203323725,40.55417856827071,0.754445277795528,50.03542477799784,WARNING
1.872557238882377,43.10025279492885,37.888375276385474,1.3571633178674989,27.773285413187708,LOW
3.0934715924837244,73.08454518936726,30.962863573687642,0.9035354519333515,65.71342679643769,CRITICAL
0.7561497092652868,23.424418170793707,49.14101873556562,1.4282686118739634,10.634090590260751,LOW
3.4206360006627787,54.81293764411808,35.22070839479578,0.5815176684657954,66.18668223725648,CRITICAL
3.101665898113387,49.217751926206745,21.007736558369174,0.9194986638590054,59.74271893374647,WARNING
1.4392549190824253,42.68512568062341,31.857212643113893,1.483517637628073,22.398524819826033,LOW
1.0591116367786035,38.738157892902,44.505618845967156,1.089627805953895,16.745493558948407,LOW
0.35025855430027775,44.6118303563565,16.290928327188613,1.1548939296045497,25.036816608220384,LOW
1.755686664962623,36.90811976835592,41.86725588765489,1.1252339493962495,27.292092012763693,LOW
3.9060870604812603,80.85097400341708,30.22059757176378,0.2207343196478916,89.66516403217557,CRITICAL
2.4314490935655173,45.338829976107064,34.11834013809426,0.8106462245248051,46.3160441346215,WARNING
0.22987108058892136,41.35039369936429,21.43033298370824,1.2163834397996314,14.302467852683856,LOW
2.498684235723068,32.82928280733578,34.95684188051254,0.9722242913471517,39.78722588063616,LOW
2.298488208439155,50.91669320511401,50.03759193453273,0.5506864487765796,42.69599592471663,WARNING
0.6250063060851219,27.28075710378024,49.214749637687405,1.033751273341911,9.808528684273444,LOW
4.226607009454929,210.54015035423868,14.757699696692123,0.21136632840823358,91.86457446889129,CRITICAL
0.7583959191101646,25.904495142114822,20.571050526345573,1.1026664693533998,12.05223129311532,LOW
1.3478365206016585,48.741493267995686,34.145488022375005,1.0384897335324832,27.830511881893223,LOW
1.9077041196065754,21.891631612293345,13.682679443299017,1.299522293575191,31.873704969519256,LOW
0.12871030000750255,48.60061477817887,20.0357218276441,1.3380131440262737,20.224347933624614,LOW
2.9150111256192286,45.64536971068241,30.84385015056263,0.7988341413513516,51.84957827005053,WARNING
3.0517093916262104,64.00559427234863,36.32606763466792,0.5076974458456542,64.97502945474575,WARNING
2.3796523087694132,52.51271230714452,58.30324060335269,0.6995176588212173,38.29042822875902,LOW
3.4655104316584153,35.09465504364684,20.33279768908768,0.7167913963163072,61.532258372884996,WARNING
1.5219302643848396,46.58194655394236,27.360838908350352,1.1293558210777204,34.86349701270512,LOW
1.2199625800209246,34.53166739549516,35.50752987583742,1.1210110399904387,16.99913187994534,LOW
2.1370872294976646,39.96351682334004,55.09880186617928,0.8693615753632832,32.166573298419195,LOW
0.2187999619114069,28.357620663872815,39.30933899144661,1.303365862358718,3.0680984621769793,LOW
2.1217237678043586,77.57453550883936,53.53967335372099,0.9025451592478313,42.133242808956155,WARNING
3.1143222405019086,66.89586966770128,40.85796096667521,0.5342293596667891,64.49514201171402,WARNING
1.8494565560803788,33.377956390297044,31.533277730228537,1.1344267571910969,28.739376580301006,LOW
3.1810805401284994,52.717271153382754,45.20988877824632,0.6241918043716037,53.96773478461392,WARNING
2.641402000555006,52.127275740737275,45.97289298307527,0.9681403107344633,41.093667589415325,WARNING
0.6719875478851947,30.105249705205217,12.24704309389756,1.2455478646915825,15.493817080267755,LOW
3.105393218107805,133.5108509652853,22.29013160127978,0.4620694858097352,70.50702891696301,CRITICAL
0.23393469672197484,17.42586819604972,36.56877539955873,1.440845305921754,2.1431628912957406,LOW
3.685134309874484,87.73023043877718,18.675623388878495,0.3239227501289876,81.67416160445035,CRITICAL
2.5353289627566653,47.689457936821796,53.14222391624325,0.8946464241598429,35.220787068539515,LOW
1.8361980433591927,48.11260068010024,23.069701681201632,1.1772124743965273,39.38599998113861,LOW
3.10256796258359,107.49115202899914,26.601135692493155,0.401252989020616,72.69660497061905,CRITICAL
1.7317518652194939,37.07763131987349,43.516334994072146,1.4293821396747362,19.916785355451225,LOW
2.2405481091796147,63.68227087374539,27.170130229571228,0.8469747952550783,56.67921240651019,WARNING
0.32334747028541794,16.611379605718298,10.07968540876281,1.3593698089267652,8.598132141987177,LOW
0.2587532412703105,10.76515865749148,16.62992707860883,1.4454277674915734,6.804258618557794,LOW
0.7731155217127097,14.213819379253327,18.89445218992681,1.2596122853901026,8.100275584507484,LOW
0.8429624513420574,19.368134837053365,18.782156929192077,1.4799314013567275,10.18984648693733,LOW
2.835317664758144,50.78875517616609,37.15777333720577,0.7704525019190405,53.18199693277101,WARNING
1.0502142289455911,26.478323801364077,44.82107865077537,1.3157094606091881,15.236386264586336,LOW
2.173091963268376,60.28189446617057,24.688156227209337,0.668603287782876,55.38368259859938,WARNING
0.8445328090572494,45.826991104751144,18.17265533595881,1.2539025319793895,23.94084010618379,LOW
0.1344356779868865,41.71032454291251,12.76183625258399,1.237127510488477,23.379949058761472,LOW
2.3799085752840727,30.49893883292247,48.937746494196475,0.7678282996737893,40.07098312909459,WARNING
3.821388362900694,139.03283174515184,24.552839799386206,0.33345135833474626,82.68637458689602,CRITICAL
1.7244506371668014,45.302395070893894,28.652390245606803,1.0378498636548938,37.002701996677025,LOW
1.6267215529789465,46.070961141849146,18.138909699903834,1.0334868060126357,37.98744051219185,LOW
3.4520987180761384,33.328236395711144,45.93272029808382,0.5370527112874335,57.4089555581388,WARNING
1.627247635867549,27.338889310225376,49.88729415611802,1.2795296424733011,19.144337229190945,LOW
0.8078132201431465,12.748547108958439,24.782967977070925,1.2321192598696125,10.271547134523702,LOW
2.9850942270824117,65.43828276145771,20.334547275074286,0.608833699790268,67.92764451835625,CRITICAL
1.6285398206204624,40.91238293161349,31.936766519742505,1.0332316628881362,33.30853711267864,LOW
2.875570381597046,69.09799885789795,50.06987969583362,0.9015010359789186,50.20988109533839,WARNING
2.930710677577956,67.11265935995436,26.79524024202941,0.5974875999501446,67.88644433368475,CRITICAL
3.749977798452071,143.5759942090226,32.76145963491762,0.43886212239612077,82.37542714355521,CRITICAL
2.948586986492581,37.82383580018003,38.95684880464411,0.8581985559790495,45.15606029649078,WARNING
0.48428294299661634,22.553072328976622,19.66002511971334,1.107456318518198,13.223255644314728,LOW
2.2818805712229846,33.8485834690437,47.84624580551701,0.6913993822181939,37.55263009786931,LOW
3.65951076864077,135.7369015378958,18.158381182553462,0.47694356898442325,79.2902411558953,CRITICAL
2.4867677002630133,43.47559311461363,27.637063402865742,0.8473204794468638,46.33244030020367,WARNING
1.2310762052622293,20.585401077014293,36.478757791754745,1.4074698642702697,15.73892949311568,LOW
0.2679313992705855,37.95795313949542,24.73388855177405,1.2161731132016738,14.593851626744314,LOW
0.5931952536225934,11.34705615497856,45.16743090404991,1.1216983416092652,9.898639156299584,LOW
2.4845410186311407,74.89595934788329,55.52472755736143,0.6626453091808739,50.770317150707726,WARNING
3.9961576734987787,137.77909648867637,35.34614043265687,0.299603494443636,84.53048044553313,CRITICAL
1.9978959628632522,23.06556997703644,39.92735648195385,1.4033325265134082,24.84126123807376,LOW
3.9976282974021564,96.90475396798075,11.21052480579099,0.36447660719783437,87.52950614421239,CRITICAL
2.4691669838155312,62.71710027463598,29.280727212352428,0.5071907230360425,58.34119281579843,WARNING
2.9356146272960135,68.115131225048,21.557520667506623,0.9185598139153262,65.70016326613955,CRITICAL
3.296649870302546,59.34682532794535,43.23801519552717,0.9953395785328829,59.440969469357995,WARNING
2.6634407081767026,65.36985000164638,35.56921886767154,0.6144377312417495,60.2908084811167,WARNING
3.3419052781054903,116.93742263551866,16.349076957095836,0.5982524437995533,73.56121017196236,CRITICAL
5.299017859414895,270.662108951621,14.302003225674,0.17794746571184045,100.0,CRITICAL
3.016297420825527,48.65613092111918,57.667679466321225,0.5836785161183905,47.79062667704546,WARNING
3.036325964826234,64.85679029459047,45.94555827075262,0.6376441067259301,58.90824849041399,WARNING
2.2690340154338613,65.25695727852818,38.20687966934626,0.8338802958015765,47.276689666507714,WARNING
3.1697284285769234,81.34014075977856,33.3730775918736,0.4438789700610464,74.69860946547132,CRITICAL
3.9609201469288244,117.51545551964827,24.65486897979716,0.360754879956292,85.6597358857359,CRITICAL
1.1879537424758426,21.08050097303915,46.85230048851902,1.2915954021385487,11.805325414487259,LOW
0.16031315420867837,26.9334057661279,13.382615123889515,1.3034234777700695,13.224703239292813,LOW
3.8829148165187224,126.13317870925627,16.33695494418793,0.5451987325435488,80.82881714291861,CRITICAL
2.4297793233906844,70.13201561764649,59.889515996144105,0.5150130026646964,47.73384222333225,WARNING
3.622630533598658,148.13678334153747,23.95028552579283,0.5389551722285495,77.41055057275871,CRITICAL
1.953151953610234,42.67895629087347,44.10189684983882,1.4689826157169472,22.149719746109582,LOW
0.8326354257753333,12.841395561760084,18.431724062001145,1.1146828885188362,10.002835690343552,LOW
0.41823306927880466,15.891022542083636,48.923071916491935,1.3796462534592369,5.3248256268133085,LOW
4.879480973015817,191.7552722493985,15.965863944183734,0.09787617541234403,100.0,CRITICAL
0.5872798159318553,24.21278993895551,36.95976832582922,1.0312824211097258,10.598430716296956,LOW
1.6371449165541851,15.87687694335083,23.70580586090086,1.43232946092907,15.558990822475199,LOW
3.205707335725213,36.857424407637154,43.227963382171396,0.7527543801949319,49.067654454047634,WARNING
1.2855971225050666,20.945616714430866,29.5133727417605,1.0411361621385309,16.152130764177436,LOW
3.056978726997368,109.3025092442831,23.75294272394314,0.4900024305196475,70.10019029516101,CRITICAL
3.0008185057912717,68.8524642825878,54.48811894632755,0.6569377483612353,57.54380956181996,WARNING
5.779038622087526,205.7200893936565,3.9033303443730083,0.14681776122197662,100.0,CRITICAL
2.7388536061299464,54.15904316568343,53.529216843272025,0.6807018895335932,43.87383083862127,WARNING
0.9625808312794281,40.49787834699474,15.040081114559772,1.0982096079360086,29.81943616517129,LOW
4.350983254762715,235.15909768965818,11.586289333238756,0.14688733861507344,92.59011921892161,CRITICAL
2.558259882870346,63.08336298145945,25.648941734925977,0.7854387084197381,60.34036366762083,WARNING
0.629421819918569,18.748392012943327,17.313511194752685,1.4128554757803335,8.934058012561788,LOW
5.142520939874195,171.45016839985897,7.490964867591625,0.2393196790044642,100.0,CRITICAL
0.26533271477529863,32.27139643712752,43.80483405984139,1.3979631935717511,5.053475929037165,LOW
0.5145943156491273,44.96287093220741,19.986758109609205,1.1316236732590057,20.58878160250526,LOW
1.7542711648384837,41.70379252836539,35.09315740362712,1.375132881969421,24.740627623021563,LOW
0.2781753998883313,29.445219408596962,46.829586013705416,1.0200295595253472,6.811989618305434,LOW
0.49432777879083656,19.525866146627852,46.337382075175015,1.2340345271171451,11.670636152987056,LOW
1.0258041727900964,27.19940856484239,33.87642762186624,1.4997788516252193,9.935380335068476,LOW
2.5967985545261407,71.37765261370234,26.828334532499206,0.51523184315448,63.2185512749036,WARNING
2.9226937108118,75.53028586072108,40.394160382018306,0.7506378223128647,60.97156058927034,WARNING
0.16633195004682524,32.046398476654886,27.52714452993378,1.4195901974901493,1.888545034547458,LOW
1.4767367450104951,14.4637199982899,34.33278000031087,1.1405248750834445,20.54370949908584,LOW
0.8215278935467031,42.057831048918146,25.683743076182907,1.3753848246055278,18.71347148235605,LOW
1.3870469467888584,32.631262193639856,47.165788688467494,1.193661258987657,18.350345869950512,LOW
0.13639542254738052,43.07434243891012,30.989425506457287,1.3876220259174747,7.498955054395006,LOW
1.926835416690813,36.71471626803253,47.32820351037225,1.1327482037145362,24.84079598331755,LOW
3.017749952438957,45.87748501287942,53.9243694006252,0.9735807314501239,44.58145900933982,WARNING
0.6350704800007002,48.53441281784151,10.411379837427681,1.3580249866210723,28.371549921030148,LOW
2.9340343114246963,79.50544230434329,32.47517743054901,0.6699859318966241,66.63257895768432,CRITICAL
0.7524347341375239,43.38287161022511,47.41938054109983,1.0928665360025929,11.352739509708664,LOW
1.8643980680192487,12.472338427568905,13.69442112445514,1.0813954946031146,24.91162249761859,LOW
4.893429054517041,225.22769405252495,4.93317231610813,0.14128807573042004,100.0,CRITICAL
3.126765705431064,67.69340413549565,43.115644507763534,0.9521798874969286,59.078280732416516,WARNING
0.1130681282173337,18.497891087818918,36.54094375653809,1.2055987444412728,6.453077258797181,LOW
1.780715087636266,45.82251392527355,46.36701056214343,1.1569390382575135,22.771112183195605,LOW
0.4508016689600015,23.68430483454376,27.198304791192868,1.4154745855275341,7.482681381686793,LOW
1.496359110050299,31.258196567572213,21.5178137070397,1.2464097922664124,26.427701459558357,LOW
0.4123705052498696,14.663322982227868,31.867827282885205,1.4512065166430517,1.5245262054408388,LOW
1.4927002037229842,36.346454197590674,47.26219657237924,1.4104905086495705,21.57969253991559,LOW
3.3995187845869346,102.87562941004441,10.32433250905589,0.5306204296765857,76.53219371427718,CRITICAL
3.1044545181001513,120.38001667928901,23.919450945006623,0.2474836382036446,75.05124198071319,CRITICAL
2.0486651690707802,62.93588193635111,41.29167503805817,0.5516325044375242,46.08366702284434,WARNING
1.179151164900553,21.854304540531537,47.53262914605264,1.4093701147420254,13.464232156831551,LOW
0.19566410124177117,12.110610314384104,37.68045023786619,1.228964497217014,6.470855375184225,LOW
1.266543582017942,20.114324730004448,33.1052701737769,1.1796043734913453,18.683025650066494,LOW
0.7665563077365296,24.50239186236378,42.22858102672872,1.164089741398806,13.010024055987001,LOW
0.260907849563083,28.667724835376337,29.285283956793677,1.4204543552014535,2.5582832448995987,LOW
3.8236236107489736,106.92277531851377,23.773720698600428,0.32131435633971317,80.75309530760428,CRITICAL
3.1186437657415804,145.36245961010292,30.515993555060298,0.41262886107469243,72.68751499179149,CRITICAL
0.40631574275273286,36.25638414002628,48.846036294731434,1.2810944055322626,5.9534917680967245,LOW
2.102675678849025,50.883349790849735,24.654339406579837,0.8063979177682552,47.418549906417425,WARNING
0.7738657894716573,32.02653517763406,26.128310245330088,1.4168220052375862,12.77136088486122,LOW
3.6118310201032213,106.14205615928937,17.660091212897324,0.24234972728525173,79.44661192242589,CRITICAL
2.98723973644636,33.50540698206285,35.810372617246315,0.590889433608681,45.039458074146566,WARNING
1.6718740845007674,11.676608668650301,26.767315036084852,1.084101827883259,24.80620816658004,LOW
1.054611845616115,39.25945438812463,48.32472035677735,1.1102230021227095,17.9600177790646,LOW
3.93430411416749,144.14943811724464,29.062430705857295,0.45192826177388307,86.01897873694138,CRITICAL
3.0161571068424418,51.42289519243977,49.259858561725565,0.9122357588022745,44.673614013985976,WARNING
1.6825664595910332,31.61186127161229,43.78663636360897,1.2156508531705073,24.35345404785092,LOW
1.7040034180436718,29.360822900376164,30.56381770205039,1.154234140744742,23.566640029180437,LOW
2.487816794414317,31.963470712082614,30.87994421377424,0.5031895217032953,46.67711191221947,WARNING
1.3750769984633546,42.21720172183916,47.87024978768963,1.200106137924836,17.613057146824676,LOW
2.3988926759481783,79.51661518968243,21.030783950574047,0.8017644032505604,60.51944682329045,WARNING
1.8832065885989477,17.247331162003313,34.91013612959364,1.1113380395615424,29.12948744513611,LOW
1.1382712292834363,26.68773674258306,16.409024039060252,1.0854682012104242,25.500425182825776,LOW
3.084127662259383,107.51727352915808,13.007366911686299,0.20663699225303916,74.07497342641184,CRITICAL
2.9036741629498817,38.15095569074431,29.352513323722565,0.5118538768222591,52.20486144106374,WARNING
3.9264637979561847,109.37391679647672,11.518674168072224,0.21575673347712776,85.1191823483182,CRITICAL
2.5893426633397683,31.432621378882725,43.33009569250227,0.5056512682945112,43.092264689457245,WARNING
1.2178692198679912,25.90737657732219,48.95201653428598,1.2720993312518512,17.95129843350613,LOW
1.447933842804552,20.859680101708452,46.1697316563026,1.1873609852536882,18.8779990847578,LOW
1.6814907253558904,42.22595221453368,18.97274235414105,1.1130395355052813,36.00891782518621,LOW
3.9303984201693254,86.67526448911025,23.501759182786756,0.33498171158569157,85.95162376879267,CRITICAL
1.0358172233571497,27.6842813871888,23.376047159549948,1.197286157659462,15.116667840722155,LOW
2.242051037582575,58.59979391417964,52.21729317199945,0.8800804648950795,37.66742223519186,LOW
0.7860419800479707,26.338223256339305,37.18788867333381,1.0283402160829178,13.808308402531969,LOW
0.8446300695934271,37.88654768551922,17.737413718259305,1.3207522406281258,21.95703034579534,LOW
3.2972872042813264,96.09956277742684,22.339119161986936,0.2962126340720595,76.02314930658328,CRITICAL
3.2390970268224284,63.65460654556085,52.97401788997398,0.6984960811037371,56.840072349946155,WARNING
1.3754145679353518,20.825757679270627,13.249185392266906,1.4962908977438816,17.450281826864607,LOW
1.977999888530614,49.09119730265789,41.752724156321584,1.3297114810409987,31.08150415881015,LOW
0.9885943037212663,34.775598774660075,26.447619034779642,1.213743227045134,18.313232329789855,LOW
1.1720404517006184,44.02298112060464,18.061135120252516,1.4672165193767208,27.567316160065,LOW
3.1692750521360953,30.81001986697336,52.73521699118141,0.5200694295426833,53.06956765171153,WARNING
3.9919627472386434,100.58472235237446,16.30955668857381,0.5061453455432163,84.30861191575632,CRITICAL
0.3393148731207807,49.16606220402463,36.953555930800185,1.4234436122144765,9.727646321022599,LOW
1.3853191240891485,33.769673092343886,34.12600480491788,1.341266229768861,13.81133386081601,LOW
1.5603045287350839,19.050897200127448,37.694172246176564,1.1166664113246634,26.234058070980296,LOW
3.1206174006935434,40.93569444532696,22.397732034452332,0.5654868714970871,62.144644645611855,WARNING
1.494887392179128,23.652745838002083,29.1411347967809,1.4644297749227828,17.721873756894702,LOW
0.9841401744850234,10.547296590427244,13.263948800193536,1.129295795567392,14.934643569856528,LOW
1.1414758851832418,16.985887435853183,21.837281177464646,1.3319122374263626,13.581094260294279,LOW
4.100833547204418,283.5576481282899,11.537624026224169,0.1691758700266871,88.21038968549166,CRITICAL
1.2417328107522636,23.63834285742233,46.69072266310722,1.203295268679736,17.17837256589405,LOW
1.4579657836538684,21.734136857640394,31.018812294235726,1.3489163927525851,18.34118191682066,LOW
3.0194497735927155,77.29623220160433,31.83296389986144,0.5005560470980936,70.55172290792169,CRITICAL
0.5139936212908136,36.473383404559925,35.34846399062116,1.296730691352362,10.742040013829447,LOW
2.5140963881418608,36.72881335520539,23.77675590641924,0.9157591665561118,41.960676064901996,WARNING
3.6497880467642996,87.24038804023384,22.06081650664722,0.49157568004206287,78.01386153558948,CRITICAL
1.4530603871731496,24.263847039448226,20.17925326473041,1.0064487348947626,25.21407615740644,LOW
3.2767261031389725,77.8815823136294,42.62979802453157,0.7572306638699471,68.07904302884127,CRITICAL
1.2535570336787962,25.54905391506187,19.61196493801467,1.0474826376141881,20.697092295988806,LOW
0.2836251851467293,17.07587803295936,49.49344634318184,1.2220517784533094,8.679220715234955,LOW
5.165428898689363,271.87107315662576,6.538820486733505,0.09172318723418733,100.0,CRITICAL
1.3777637990799334,37.28766757020395,22.60957738597803,1.0666049620683142,26.317937298817984,LOW
3.0401331920844634,65.03057481972257,50.13888442638387,0.9364297107828323,52.81146103755036,WARNING
1.4874734601061852,34.76690941463347,17.465597591907304,1.0128448224347042,30.723357769200412,LOW
3.274938995754808,39.81228583530828,25.021991595939085,0.9817399737371637,51.15726680408902,WARNING
1.0091330332036594,33.42254915173207,31.65497683629753,1.0430160785164717,19.458106919643406,LOW
1.311770869506624,42.802700082225975,11.66315839386375,1.2490649717740212,37.62744443401517,LOW
2.3784678906045307,45.38854526465745,44.54551611957535,0.9489676467218684,36.83190357738864,LOW
2.5472337053116982,62.04827640493789,38.64726364510228,0.5949680682287805,56.96721356037696,WARNING
2.834696956023233,47.93107909767957,56.45356760314523,0.5104670589133666,46.90362397649415,WARNING
3.053161181170689,46.56761093681585,47.02651608828292,0.697968613097975,47.75358554336561,WARNING
2.6812754941050594,50.61398639158328,57.389196619532036,0.6254395499453501,44.51034331991405,WARNING
4.755678427454374,159.30551454431722,6.7861053461913485,0.15177949629586754,100.0,CRITICAL
1.3503942143073349,49.90997556040802,28.069579039257754,1.1773642783651064,28.036119088563517,LOW
3.414825655521352,107.1092087997389,29.79070818791423,0.3768133683724494,76.68795008467704,CRITICAL
2.0921694351961815,70.68616718611136,57.6201581151761,0.8243826930796929,44.98676731304543,WARNING
2.602192668633565,46.90422046831307,25.072960902016753,0.6958712252811391,51.91232994751067,WARNING
1.495294785335215,18.3532374197836,12.342612211381354,1.276183068908617,24.58281573748553,LOW
2.5182212805851685,70.15059407631603,41.61115572749684,0.5396401423155959,57.82419924889219,WARNING
3.3620278181324936,49.81563127491103,31.853032075992004,0.57173472850901,62.402529324142414,WARNING
2.1209231077544026,76.97842945125828,50.20534469780784,0.7933119591418314,45.44985576729904,WARNING
3.0801867568121133,113.3787214413187,28.902793805849903,0.5314611624473157,69.23105264584427,CRITICAL
3.1243458414308702,141.25935330348065,39.12820748813856,0.2708614092890502,76.50424439782027,CRITICAL
2.060428278166998,50.27114125695775,40.65133196790696,0.7903226129548171,38.77893727150025,LOW
1.6383825689051896,48.02131283817636,10.882645947291634,1.4912606361280194,38.140794921515464,LOW
1.6473348806106465,21.2133901020565,15.287186310154869,1.2199278198569175,22.796065152285905,LOW
1.2389761653515616,46.09613104442699,25.32861463789007,1.1081663888154134,31.851045626174383,LOW
0.19188915099268367,42.81950337921099,43.05363243800747,1.2940002317148143,6.947797057112864,LOW
3.2388984628250244,61.57293962915103,51.37621892851189,0.7992814966088799,53.169794633706275,WARNING
1.9200971338596613,31.644552995153788,34.203580741621536,1.1102438197073745,29.666200143135303,LOW
0.21321548497097306,34.174372788590844,40.54769077401282,1.2617006854610042,9.179325385711353,LOW
1.3663917557167664,13.20422906438409,27.673348192078183,1.0816833791992102,19.425796491366885,LOW
0.19718539067875548,25.911737637163927,30.468297884588033,1.2416471424831625,4.319364785548506,LOW
1.6943785553344297,15.813067696820164,30.227869751254957,1.0310207084782772,25.760606508628623,LOW
3.3170502692666854,57.89368378300366,58.391640816194005,0.5243474241999648,52.427612731008445,WARNING
0.18372513698372467,17.4110740133416,31.650804437667123,1.3227860907137141,3.223526148208988,LOW
0.4227854391162088,15.077776550198907,14.931351171957875,1.259280844332867,9.15178719406229,LOW
0.7804654614053744,49.580213335372896,37.372569957013795,1.4744903335235007,13.580962415687257,LOW
2.1151370928331072,30.209372181397892,46.8173733518767,0.8209097584007177,31.892503654309724,LOW
1.030323744460862,26.617720023683585,10.960201793795555,1.1676858031087312,22.88350215138331,LOW
2.4730456148991764,49.65735647470076,29.47695975586894,0.5484828354827124,53.42446206470395,WARNING
1.6152766860633232,37.10183220735104,31.877155039419076,1.237544936433384,22.517519680198653,LOW
3.488771930242957,42.03352573785765,54.972293365483225,0.9153113802158956,48.34986417680517,WARNING
0.8587319023785228,26.386914771700766,49.12882674106233,1.0904459506894493,12.851827770808413,LOW
2.630016506443494,58.917988155827004,53.304470933045245,0.9020827824919421,44.66591863057172,WARNING
3.059617325344659,128.44353871278213,14.199621301652886,0.3663274272073644,68.15146876358979,CRITICAL
3.494789463197929,36.760865685642734,47.018241813457024,0.6980004831928076,56.15933832203236,WARNING
0.40159985041118806,47.97092424982468,45.184059868470484,1.4535209802075109,8.765192992150482,LOW
0.8949401134188336,24.31244997342372,33.75122527773809,1.287796714320041,9.440588875315935,LOW
0.9963056912850342,32.138871048393995,32.81147754925562,1.1050535964561758,17.637041352076928,LOW
2.3917436487662904,64.74765596715238,42.69563776624294,0.8981218047281936,46.35279085683113,WARNING
2.9151618830543518,54.4088837655407,25.327285026700935,0.6306665089426919,65.28215254336553,CRITICAL
2.432276788939294,30.323217889485527,39.849568876032556,0.6428129942811216,37.57007782500262,LOW
2.035919397905725,59.24139056528954,57.65896950024262,0.5872046335557497,34.98514134109514,LOW
2.8257975208943384,50.36827621064162,40.85508085894965,0.9482873292345051,46.330128362750195,WARNING
0.14287257224015976,44.46659538796404,33.08468329551626,1.4453292277309213,10.354620997576461,LOW
1.5247338694477106,46.52165867559424,32.88491854888825,1.0903925752811898,30.056480745823258,LOW
0.477424696105071,19.87428110382932,22.256617974041454,1.2775668933765942,4.6273402197048945,LOW
2.122362388417049,34.389411852908,26.873178414306338,0.7590387490201724,42.32171381717572,WARNING
0.6382403666358969,26.012513446919762,42.47464496041519,1.00693106795643,15.628853405629183,LOW
3.3991294085904697,31.00689244746449,26.151348220528646,0.9430856470279965,54.20196690921744,WARNING
1.1727222139735807,36.5210881489259,37.1626641798255,1.465870201658254,14.056332053881782,LOW
0.5390536204615428,45.89542869854859,20.247660577574198,1.1103255298108743,22.680942165744398,LOW
1.7323123395291413,30.002330367643467,36.99572812216619,1.119533192037515,26.416938861670324,LOW
0.8802970027195374,18.387611097208033,49.062440932916175,1.3228012885292058,12.73665286969468,LOW
3.3033855436291333,134.7323639097823,32.97575931654226,0.4766622607466166,74.15960191872524,CRITICAL
1.3762468325637154,39.17239201908825,33.00242293835259,1.103408946566698,24.220772567237702,LOW
2.468284604853694,51.37332640833445,45.808743033786556,0.8726073713454172,39.714930666603635,LOW
0.4774000663375513,41.335488799833534,46.370107777479696,1.1851160928422884,6.135283301849936,LOW
3.3454929340466166,72.30621052651158,27.312535541569037,0.9781459407566806,65.21035971184699,CRITICAL
1.0237299427992776,14.360544625637148,19.94159283709704,1.1584713108836406,12.554940613150857,LOW
3.8754886503958965,101.17264222230287,35.76094363733722,0.5428923749479164,79.96354452965743,CRITICAL
3.4175360968708532,64.12702393835785,33.26467396431336,0.7502896587154156,68.50199475654826,CRITICAL
2.7658556130927554,35.99764708654849,32.48256178608082,0.9011980152768162,43.025630060883934,WARNING
3.1277377189350215,70.59731173189417,57.82998808903721,0.6564597740144114,56.677105100044486,WARNING
3.131686903436207,129.3528634447515,32.25933188541958,0.47108929648052816,73.24249323826444,CRITICAL
0.20190610388957858,38.698599624476486,29.01902860930935,1.424549009979338,7.129787069865148,LOW
0.4197293181646543,43.457687698794786,31.95638526560287,1.0945978961951774,15.53415617517303,LOW
2.6913475073098727,71.43544919090033,53.182508627321994,0.8546944109121931,53.89212539968891,WARNING
1.6938223376177308,36.84051922131639,37.88096664017198,1.1814914202019358,24.21720217669651,LOW
0.874778265371709,45.455214478405665,11.887868067895159,1.4807083098210247,27.005071879672705,LOW
2.947063966465065,43.527962824399566,29.95167154956708,0.9710291097442978,51.79173954529723,WARNING
0.3645827344909376,10.428611907814357,31.770293480610032,1.4878894092744663,2.347932271638486,LOW
0.7786654345867852,23.763664713977683,30.821753492194336,1.2203324417121468,11.545076939079834,LOW
2.207557392080835,79.1369770455193,29.99891563475319,0.5366820337298013,61.0334707897496,WARNING
2.893049555235309,50.75728269963729,36.887689355227124,0.8925319605232156,51.2921515000565,WARNING
2.6284546606692865,52.90143082919343,30.265888287443833,0.8760571663484874,50.37764851745726,WARNING
2.4812818141247655,59.80250578804751,59.82937808205292,0.7176311398282769,39.717786817773316,LOW
0.4880600021000149,26.74780573310737,18.78539714378276,1.0001135191091277,16.764909320998385,LOW
3.843879411230929,131.9604562040863,15.03443786938086,0.24814543048399443,84.89997291037503,CRITICAL
3.430535820913037,88.33984703972337,25.371784621963197,0.33953276298345203,77.29628636160076,CRITICAL
1.280528185895844,38.74872453048809,14.424143954926434,1.017795115403238,32.116546351086164,LOW
3.3412444497577205,111.09283848148566,30.267603207023164,0.40355762802795203,74.92178036332965,CRITICAL
3.8660356750457563,80.69374868438075,33.341389194495974,0.38429344009666955,83.06129255038577,CRITICAL
5.509138722411473,187.29073269199594,10.767899585739153,0.29764069184357483,100.0,CRITICAL
3.097366893791221,129.44603977669973,20.367387576124393,0.20279290475213926,72.41236499359972,CRITICAL
3.3373306088457655,137.92665857676718,10.017938165043859,0.3231276600104477,75.81505114707727,CRITICAL
0.5437779860303609,12.727464790618509,17.48497081642007,1.2777747849428098,7.082028460551287,LOW
1.7642193574997997,46.21195996042062,29.718278866234403,1.1650779751578022,29.569441703045495,LOW
1.9114654708259806,12.409077796011898,21.906011102731217,1.149033100585002,24.987057707300487,LOW
2.183746792948984,61.745332957658135,24.9538410682327,0.5352678187964783,56.04998988849828,WARNING
3.190128766318706,137.4875108191793,26.338926133214073,0.23114260784350785,75.7074505664535,CRITICAL
3.013228812905294,115.82463195986364,33.0832773826467,0.5739182069971134,69.62671403530314,CRITICAL
3.8196248695476447,142.1733944762913,15.976590575112295,0.3136737182846915,81.699925583692,CRITICAL
1.1346551168438834,16.395190534657655,37.64986655143957,1.0837832696522534,14.417589108842186,LOW
1.0563557481516928,41.85762246093909,39.57876932954909,1.322767178205261,14.579973151125742,LOW
0.8169900359136364,26.540661211598366,11.592457577830153,1.136994049734986,18.091623951342683,LOW
5.907265215659379,202.8490581378809,0.8620021789664811,0.053728481798454464,100.0,CRITICAL
1.5506801029696033,14.347301574987682,49.25030309565108,1.1908082495545675,21.193801453489513,LOW
2.5138866242166977,61.383443857940435,27.68064338960147,0.5730105096484812,59.95126243086075,WARNING
3.069036936911375,103.43523293234753,19.411093742714687,0.45425812878104527,73.24863511881493,CRITICAL
0.38216288512299357,33.85868301654175,42.57535682676326,1.1910617472299867,7.383537300031737,LOW
0.6698054266896187,35.711802820252366,34.03781938150876,1.3480399307835196,8.886297433341328,LOW
1.6655955385719587,18.16350644623041,28.761629900726156,1.4004693607707153,19.54324810955586,LOW
2.038022906395908,64.50234442047248,32.64405246187882,0.5278704267937209,54.32664045997035,WARNING
2.3612057241097597,49.340362102594,23.223232491460543,0.5735816255474726,52.48024970615404,WARNING
3.0060470431839783,113.8702153205018,13.697423743976543,0.3230716357911794,71.9059866565572,CRITICAL
3.161694553273987,147.6082623802833,16.17383130968265,0.49662644338673184,74.20212343323699,CRITICAL
2.801838828734463,39.772900018419996,26.64917448206635,0.9582445755577571,48.05060357457203,WARNING
0.8069562844295022,40.392946337135534,23.552939296912292,1.4760312233195014,18.045288362638864,LOW
3.049605908349483,97.99438845324461,23.9510900266273,0.2907914157886084,76.46391257265184,CRITICAL
3.3788120465805878,51.18850599654617,33.685304004475796,0.9807753660687831,56.2356665223409,WARNING
1.828142098723063,32.758219331274034,40.48698348726579,1.405903359175443,16.493654837619776,LOW
0.9240192295087221,43.938870976250584,24.53021406703241,1.3969675667259256,20.637238624055527,LOW
3.207645968061702,72.25198244483212,35.80213351427184,0.5256317295879991,71.78899103957218,CRITICAL
1.3801368365897706,28.014015431231712,39.95852603441594,1.1784912147343318,17.082002747712657,LOW
2.818543953219539,40.203219427330026,31.67644693991229,0.8743043542909161,47.825910987575774,WARNING
0.5104597367468372,48.69084761481191,38.60500079267552,1.478567416269898,8.664900159771289,LOW
3.525049340245385,129.5095238333967,17.5651863248659,0.3786905874810562,73.4341289099401,CRITICAL
0.4913620681662272,10.037736610705243,11.57060206594641,1.4886419115884646,6.570388630760153,LOW
3.550660459236564,90.72011500587693,31.843493120084993,0.4401005640398332,75.75883259949556,CRITICAL
3.1546199342856305,78.77051838423725,42.9425312010684,0.6708205563453009,66.55029079469446,CRITICAL
3.119381011338197,102.94899865200728,34.47236141878363,0.4389249513322847,72.79360637516373,CRITICAL
0.9995277528125406,44.18189572808721,23.600175442395685,1.4348248424060857,21.34886287521975,LOW
3.1818176528373385,110.12425726605403,14.964993239909669,0.48264165159768707,72.36144021125108,CRITICAL
2.9529850200624814,39.824348347810556,28.46983448209678,0.5207486627549531,56.02926512862196,WARNING
3.6669274474586806,110.4777426379826,38.593603431824135,0.48769808023033273,75.2956900037884,CRITICAL
3.5275879732721656,98.12329923551977,11.58480059094166,0.4904339405935402,76.42112244364273,CRITICAL
2.8466248816696216,60.0291598493568,26.650213213988025,0.6898687024108243,60.69938884520819,WARNING
3.454728296950677,66.38155688498443,56.90415028375831,0.8811060291570885,53.16610236530355,WARNING
2.9350693489398605,60.123458522863324,39.59143471952963,0.7643283019946379,56.63109066667113,WARNING
1.086694116020376,17.90223622713913,42.20697589441507,1.092888477349354,16.328667735280337,LOW
2.656575237400312,43.83770659756543,42.32684735561763,0.6735011677061,42.20783861394471,WARNING
3.922645139603572,115.16602739804668,19.836519820547757,0.4948529655826556,82.30298637138804,CRITICAL
1.8490181816948539,10.480121090907302,32.11259502873396,1.370331790533313,21.9536675887062,LOW
0.2622657573091711,48.89845560111609,30.720417255043916,1.3070931221595057,14.083185868107782,LOW
0.2423020998037691,14.24641414189869,43.49890078475098,1.1199099761032951,4.2983474948014,LOW
1.0593317573752645,40.74988525450052,12.477860743159518,1.288403959819128,30.102569246632974,LOW
0.9012539732992411,11.596901302550048,27.963140565395037,1.288806540318567,11.402591294568776,LOW
2.4986400382615477,45.776659033156776,24.264944757463915,0.6833991603231342,52.05285119213891,WARNING
5.940148913333414,279.7606649063091,12.015842986792382,0.21025970917316397,100.0,CRITICAL
1.2984637983279792,28.225981977595097,29.280693591077302,1.378888280187579,13.66577476775145,LOW
3.0562242948509724,113.99440088893382,37.384024012235855,0.4441452031272628,69.17928233332788,CRITICAL
2.374616268844033,47.163774453222416,54.08193663218772,0.7796090658842291,36.04552543588267,LOW
1.9310018585053934,25.079446691473667,34.12852248398018,1.0398575365936424,28.613203288602133,LOW
3.3988500630589416,58.783262649870984,25.04461289501642,0.7908607637367384,67.30132996092529,CRITICAL
3.6486829533573646,142.94742428024418,28.705159337420117,0.2525151888019297,84.79410226217287,CRITICAL
0.4834104016796681,46.353059908674496,40.41600269149931,1.338199184455003,8.130874875005803,LOW
2.7112369188186194,41.28947760753145,44.664879126611005,0.520166926069226,44.725073380501954,WARNING
0.9902582897231558,15.918333364376235,49.38617910363358,1.1045486822948072,14.593874083029032,LOW
2.6382584889077645,58.2707969876269,20.84036627945443,0.5172156542866573,62.935451292351274,WARNING
1.6516449620830846,45.40955514830261,13.468262703825609,1.2691815510505113,37.32163447679742,LOW
3.1336956543994363,145.4776142767459,32.54269952593908,0.5765337571147606,72.27761184150445,CRITICAL
2.5451058979991403,76.90905862623612,31.022671052367137,0.6660862610308662,63.75270458625982,WARNING
3.2048024090562093,135.85986246534569,32.156381601908905,0.22551782250143915,77.92436443471722,CRITICAL
0.6372543684141873,22.179616974161217,49.31787518218803,1.321388706739964,11.177749600398815,LOW
1.7521139764484615,17.22630165245213,47.90744708257118,1.1093858542054398,24.246276157991183,LOW
1.536765244802883,25.750205662616267,34.32845507065787,1.2222867505347144,19.1757834736554,LOW
0.6698658551988258,28.97234659473721,16.720802087707142,1.1773986448281943,18.624606811245954,LOW
0.20904450300771973,33.33228992736818,45.3737371188515,1.0758714564765262,11.112775547495065,LOW
1.432085415992113,26.42926173964048,30.185491519097397,1.0036765222772135,24.375733983405258,LOW
2.9920140184170867,31.92004386631723,34.73000429580532,0.9895159203958337,43.49648479012664,WARNING
3.7172618758657565,120.74490917869565,33.93414044023218,0.5457465065823892,73.51981460422047,CRITICAL
1.0027058933704873,25.442037426073433,48.66824560073842,1.3485831271451751,10.522836513665988,LOW
2.625746418463553,73.88747024313125,28.159784144375493,0.9132323047460915,59.42876953619114,WARNING
2.0819154548202037,78.59226506627422,40.504609764128,0.6454384271157912,57.149422951782654,WARNING
0.46608515332473055,15.162849877235258,21.91437593560845,1.3900240435200217,5.930858139684033,LOW
0.5322150470177259,16.647399984389967,23.309179060415165,1.4699621864428545,3.0641842582042447,LOW
3.460355373134827,129.67699404531672,39.51134749627455,0.22007014012798962,79.7406252804231,CRITICAL
1.4688678087792368,21.27300013181888,17.372055878003962,1.0196809399098647,24.407471464736304,LOW
2.6425277008532695,31.355332616811655,51.34006010351635,0.5052566122708267,42.94394026897397,WARNING
3.339956740682184,51.641996052858616,41.42169892391193,0.7384916963088268,58.244166862704446,WARNING
3.3358163646415346,123.05488278102885,37.80722686437592,0.5848233995765406,72.82985579600596,CRITICAL
2.67923720792649,43.93471579642629,58.3548749276164,0.5714071522364337,41.47364692576276,WARNING
0.869440316014758,49.95171743262618,12.198652273592883,1.2892709091017658,31.5891392107427,LOW
0.39358957698198604,27.582517670915948,30.418405253857653,1.129396204182262,7.714508154569385,LOW
1.9364610348230338,47.78829526689927,23.3951316054794,1.2854269681393808,37.02370451987493,LOW
3.006183822640897,136.74784992363143,38.451086583667575,0.23653029373342283,72.94855644081734,CRITICAL
0.9548929811108332,37.71635644099071,39.32641512547198,1.497710756462728,9.628972503651772,LOW
1.122618193550103,31.3329419143842,26.225810377889502,1.0845809469212102,24.748681459550774,LOW
1.133195433744319,37.79880532485903,30.606681135463553,1.4951425852924707,15.355205333396409,LOW
2.5564605688882533,68.6076013807919,26.818500463265682,0.6922579068531333,59.81749520442874,WARNING
2.7262595482451113,69.70072251329813,43.05955612559464,0.6710347173287776,53.56630633239353,WARNING
3.2382896705530917,95.70680858598568,25.13508772164507,0.30433969838483554,69.97062433584867,CRITICAL
5.142398367925828,279.51473666840764,2.7890047241032034,0.1707619389388283,100.0,CRITICAL
3.583105757279898,130.2609924688901,21.16130703436622,0.23697980681482667,76.75127686619912,CRITICAL
3.2439953023524724,147.67139592745758,38.74414359413488,0.2990526572285755,74.12170457855721,CRITICAL
1.8015559076603815,48.6648888358443,27.737564113441763,1.160498522820449,39.575660905853425,LOW
1.4992990317762382,12.066294284585641,11.971779710576659,1.1931438525727727,21.335519895580756,LOW
0.6997031091975893,29.6407905067564,22.82934329246285,1.096128959234046,13.144505060406233,LOW
3.47501115262134,42.08006382178815,47.251284421297356,0.8579923467708621,47.30749464733721,WARNING
2.1328675094549663,63.84361379137882,22.56378844144702,0.7980713247749485,52.80926602642713,WARNING
3.030353805533004,139.06690045608144,23.80987151928295,0.2870351759726578,74.60495811104607,CRITICAL
1.9112836184065078,12.90662350324627,17.963736797437026,1.1739111737165229,28.123024484950683,LOW
0.6504831691026077,19.550070843440963,18.541714179613656,1.2055721682399936,15.305156349528925,LOW
2.326179398325854,48.33394398514907,35.63669707364649,0.9882282647177051,38.574154515142794,LOW
3.1665918651016893,72.91614694394289,53.79456341642034,0.6798377806115339,57.593564515378894,WARNING
2.46925129628633,33.04527716175914,48.062610624117696,0.5049137762848939,39.4072674910397,LOW
3.1493682091405684,45.20473179856419,52.46508057779414,0.6469583802524669,48.194839985915706,WARNING
1.4813352013268546,37.716809168991546,49.494738892488,1.112580512107966,23.748341940359,LOW
3.156362141644875,132.62587145108532,27.04805848806305,0.30986634791516215,77.82197143737156,CRITICAL
0.7341755344326157,33.172536111538435,45.56002443258664,1.2846524922061011,10.860855215289224,LOW
0.542431258064579,29.68006917728331,22.40941134978819,1.0908817988805972,19.06967325647954,LOW
2.4842146901717754,42.90538215867073,38.559416697615234,0.5666421290410866,43.19329517009552,WARNING
3.2119359921635287,68.3882308857169,24.558635484769646,0.8219539785338823,69.16427700987452,CRITICAL
3.5773534012196677,125.24851626596623,23.750904382789187,0.41148292795362107,79.06440565091688,CRITICAL
0.9265277292464243,21.706203906696313,31.817118008468523,1.0667081677616035,14.393192414297632,LOW
3.1925173053927054,38.167722487157825,24.172523494075286,0.5727577413936795,58.74654994038095,WARNING
0.3027524562944731,35.98224027027847,44.7199836758036,1.4140929346617264,6.280507566716826,LOW
2.1129180749775105,35.619851358800645,21.97235948439299,0.6287396082462346,42.46036000099268,WARNING
1.8916672897351579,34.41504239126768,43.398951427318494,1.355175750356166,22.58277046567742,LOW
1.498248772110503,21.003955262364975,35.56431387978826,1.1704809868214943,21.67589760027164,LOW
1.4237090769590741,39.01305562943513,43.45514309641597,1.4872196553192376,15.48928205121367,LOW
4.130553515132927,273.27589841293536,12.926198673147626,0.19420264031192735,90.72192999563313,CRITICAL
5.823637139078894,215.86959912072757,0.7989594657218868,0.10868804700006145,100.0,CRITICAL
3.701499101465166,112.15405589157695,11.653046054764932,0.370757891129321,82.62207239056511,CRITICAL
2.4674793749819735,56.26591322253607,22.642212312886404,0.9862841178248685,53.108914666809866,WARNING
1.007947974334958,24.211358969476905,37.30046920464801,1.3311160791647965,10.37458839933761,LOW
0.3379773390827951,36.2203988738445,11.591885093426102,1.2988411677617295,20.216674000196928,LOW
3.8908321482896335,111.43264322589732,23.779110646392212,0.23078767320320695,87.44995530965713,CRITICAL
0.9004716751033928,43.553573470610814,45.08481870649152,1.121589990132113,15.107534606154008,LOW
2.2887397259537408,35.093938206977825,56.4448200556783,0.9102537521160545,34.61521530187403,LOW
1.1383050859482153,13.654129708942232,40.265861974095955,1.291217538444148,16.984573806702553,LOW
0.45764117956118666,17.36994606290697,12.280095502077359,1.2938992246858425,10.060132078697519,LOW
3.3267388905686337,104.47300791654055,27.890394924903276,0.3096851556496588,75.70067650721006,CRITICAL
1.4969341843930326,35.02599651765813,33.230239962226364,1.3708420644959116,17.12889052045671,LOW
0.3396092691893875,15.19428053671524,37.047829854261565,1.4293000534912492,5.598484659550592,LOW
5.256694235098889,177.61519850414354,2.113006908978614,0.24385529146102733,100.0,CRITICAL
3.0549158415986772,71.72291264280483,22.248556218395137,0.8737603183732524,68.23127178555384,CRITICAL
3.2861350424583144,124.8313091795277,19.42486191510916,0.5831884265929816,72.858084051774,CRITICAL
1.4532183898366016,17.035611336746484,19.415330475934304,1.247185405522879,18.488675251408342,LOW
3.211714372147971,90.09680147826725,32.76930495562092,0.40024781293357237,71.67380856163459,CRITICAL
1.398515888798814,33.74738479634933,40.19309833449325,1.1547312882230911,21.265668721033958,LOW
0.870396185027795,49.36357855866057,21.689958269575516,1.1474086191733834,28.977834835478287,LOW
1.8390508867206203,20.62742259465054,45.832629262407785,1.0517375318232922,23.248497206139394,LOW
3.3604782776573656,38.437471919911474,58.7330784039702,0.7264416802077558,52.08345158655424,WARNING
0.45777479734250215,22.149401849003976,13.720696370507,1.071933983171665,15.258834401798303,LOW
0.9035927331089596,41.823135050303456,15.655342168653608,1.065160216586168,25.629119165289897,LOW
0.4170122985905975,46.94925583507104,42.85885011104763,1.177032281177547,11.603776915522163,LOW
2.805913510502057,63.8562131741282,47.30684609851038,0.8143670075299965,53.43723370784196,WARNING
3.2485865625528616,79.5812171480614,26.54464816553105,0.8458888195709912,68.47688971993297,CRITICAL
3.4699331710374177,79.28003669764001,47.46714446896518,0.6218073959910971,70.17817885867812,CRITICAL
3.365294186217045,49.14166973842176,45.22541179932322,0.7150713660484131,54.23198043596516,WARNING
0.689704689305428,40.48518481801298,47.44706256666021,1.4703754296172304,7.5563153552863715,LOW
2.379256101035434,33.364230646075725,30.71989067537512,0.9561041183907628,36.728351665754616,LOW
3.0815819913468077,42.857617555454794,48.77552622299281,0.5140607531389618,53.79476514485729,WARNING
1.663706791449176,19.401251952476745,36.09124451273785,1.2025985712876648,19.959327837230596,LOW
2.161175828943362,30.845639996080365,56.38257709521205,0.6348150043835914,35.63871609751209,LOW
3.448172951900932,75.7907174095372,40.11502080262339,0.8975551412633623,66.82078062234163,CRITICAL
1.9571325499876233,48.57412936143946,16.54915831516684,1.1497115624015533,42.870890030678595,WARNING
3.3783156071652596,86.18778770027309,20.266765743367138,0.5925533336965121,72.80668073095113,CRITICAL
2.6242414196092367,38.3269256748635,59.44707189134779,0.9104245046315644,38.837810828455176,LOW
0.3287184840605143,33.230743344576865,47.150536848219694,1.2483717140029922,6.2971013455283105,LOW
3.4458866198598077,129.60084820374777,31.956182118595024,0.26958548236133545,81.73825803778468,CRITICAL
0.7869263567496175,31.391978651247697,49.84897972178555,1.2372667813112204,8.613890763447156,LOW
3.432067285066618,135.7473505833796,27.86244404860325,0.5546381766009594,78.48590081321412,CRITICAL
2.62607441270071,37.21560218437408,23.742376276493424,0.5083357752998166,48.68203926486538,WARNING
3.2364749122386947,94.80547244972377,32.08106201278197,0.3280064452349567,72.93296943870959,CRITICAL
5.703162800034475,279.5684434447505,8.135474971440104,0.22870836411215184,100.0,CRITICAL
0.11637610492438254,10.798917303121126,33.46406949618242,1.2276974526239703,4.314369356458883,LOW
1.4643295062816355,27.707748078697435,39.28876825248889,1.1165094821984174,21.31896789080003,LOW
3.588431240453452,94.75341696009343,17.10161427561499,0.4512121858278148,77.87501336034234,CRITICAL
1.7473220531301408,36.7707316700334,27.92341949132306,1.243950097639651,30.200122179117216,LOW
1.2909249971232035,24.349700421715546,49.82580706697397,1.2400917576309438,22.88039170168704,LOW
3.8008180998597503,111.57910488584889,31.56097797918388,0.4344941995123046,80.35615224015866,CRITICAL
0.465399968290266,28.55745053819564,19.832743480902984,1.4574210749258274,10.318121966255429,LOW
2.9473165680142404,57.14702222446639,25.175224678668037,0.6879106095039704,62.50658461318553,WARNING
1.2836126839484254,27.87496780801756,41.11939886283747,1.110235240499685,18.329162477418457,LOW
3.7104218150124115,109.32465373550431,25.518165092629317,0.23368520447083935,80.69807267337359,CRITICAL
5.332814609389838,192.81061026951338,11.716167884304888,0.03284470982069819,100.0,CRITICAL
3.1652320508604217,63.670986445571636,44.5799784102077,0.9462345469760058,57.257942948778116,WARNING
0.7287380549823708,19.93149918523384,49.52055848261686,1.1946948898334369,13.152184808951583,LOW
0.5540955924019475,21.251382542121362,26.445091130375168,1.1171625328252635,12.904618905133676,LOW
1.7708468079336714,48.62439325523536,23.66281548126272,1.1692534397127363,36.576831537760114,LOW
1.6011581749457318,34.65162993416578,11.79442230510868,1.311273495231141,32.49943962679196,LOW
0.8005777953946073,40.789256731875206,42.43740770690442,1.2001783134199153,11.756297854078802,LOW
2.7258158968463886,74.8766163261042,56.310449746007144,0.543708403935542,56.21706706245337,WARNING
3.825534841520416,135.3917500018867,16.027340190565674,0.5220476835018659,79.77900554254221,CRITICAL
4.099720292798328,172.48638798707094,10.751622761030287,0.1727377413366929,91.2253030430684,CRITICAL
2.0254536939731995,78.01833873110651,21.78352370936576,0.5715309763617011,56.12104247345131,WARNING
3.665947166080464,137.58602279362992,10.398436103757403,0.4168061193918904,79.43404818875877,CRITICAL
1.0480390940195068,12.888527413407518,37.3774144427723,1.2516102074293172,13.775149376233838,LOW
1.331688212747862,16.89545448420665,44.8957825341926,1.3065581195346208,20.176998731239763,LOW
1.928442309214293,30.734618533412824,12.915938074866201,1.3134164522075336,35.30930288775404,LOW
3.978947355854662,115.13086717171527,23.648706391832114,0.5013902421785923,81.77703976479485,CRITICAL
1.139139476206936,31.849904005234038,13.578924912415488,1.2089920427534568,26.038721398179995,LOW
1.4679939249921479,14.046624784524129,34.92551414991301,1.1780336495595725,19.78971928778352,LOW
2.3505356732380456,61.960091469497996,29.4273013830354,0.8568301415560768,53.36484339450095,WARNING
0.9123295251834528,16.434411739403917,38.01391555466278,1.3794340672089749,12.776841082634865,LOW
1.0616657201198243,42.58500224103669,47.446521662039856,1.256758933370885,14.165151260709353,LOW
1.7115859442505015,29.719308418323564,28.876100422580922,1.2451562447049143,24.57517229247979,LOW
3.8319415416880522,108.24639947081478,19.99899579611575,0.3967712096156517,79.45021640450842,CRITICAL
2.7297241485986343,46.70227742099798,24.272839718559624,0.6194225802018034,56.852334799582756,WARNING
3.305099686819527,91.82015025569247,23.820183749649797,0.3228350973440995,76.31984925016765,CRITICAL
2.8275685580299506,47.82794605884443,37.892110250104025,0.9827589591173832,45.95656817294336,WARNING
0.5906309451939676,19.738681762670403,28.310584508165366,1.379760074358472,8.833608032132723,LOW
0.8959726581694973,41.03460260811147,23.549318230977256,1.2818685507226997,18.7494495934196,LOW
1.5097912431397273,12.091164130750386,44.10170579502002,1.0990981932108341,21.456385091115433,LOW
2.478837946679283,75.29558356173237,25.065485020734975,0.5892598946362994,63.587461557570855,WARNING
0.2556830341724776,17.839207388070477,47.75065528848057,1.4882448305739435,4.0739576619797555,LOW
2.4046136988106506,65.11993605402994,46.35607226299429,0.9945626595543666,44.445212761768786,WARNING
1.3769130550572972,12.080950201177876,14.545841547868775,1.0019591874755467,21.76420774045056,LOW
0.3874021404790843,21.386989553858548,25.038848877165563,1.378155048490147,8.47781987155989,LOW
2.116225439833224,30.901450447945614,24.093287181362527,0.7052493568486897,39.25111222393953,LOW
3.4663745945045488,105.316625823653,13.252011181498682,0.5503732088744819,76.7185348279941,CRITICAL
2.252177146396588,55.61302819381302,39.494992316849796,0.8125457763432643,44.13483913846173,WARNING
2.075484399401996,33.1453738009012,27.493871653071555,0.5162353858458741,41.50906261096389,WARNING
3.0849954559909447,36.802811721582145,53.443156031811235,0.5773930174230559,48.00326581313876,WARNING
0.5838611551909275,29.558037057538083,26.296315254187416,1.4932847453896634,5.901153929527984,LOW
0.3701446151359681,12.1130357563441,35.03364779929503,1.0272546387068597,10.09235726626582,LOW
2.842391761568291,38.54068531531054,27.9076121245795,0.6594086614365023,53.59986085708441,WARNING
2.315176663910322,35.81658635666306,58.804675456737286,0.5109909074048115,41.88305910385608,WARNING
0.3576905704138955,15.825145868216936,37.8972646894877,1.3214032955430868,7.185332466831169,LOW
3.406221758598657,64.5963681633296,26.23406146205774,0.6217213083827053,72.11909991973712,CRITICAL
1.436232102680276,26.101054219605683,46.801602101836146,1.3251275355468308,19.145957264408523,LOW
1.9009274777819554,20.342290545609835,23.48849961625143,1.201130206841771,25.98308847050213,LOW
0.8618436207078682,24.02839151968337,40.91360333706014,1.4015852558163655,8.615477159624763,LOW
0.7964472560205298,24.934126441273268,16.056417757443402,1.3992267525255953,11.943644077165736,LOW
0.301029547227377,35.12826388372176,14.854876981944788,1.492967084312459,14.447484035171817,LOW
2.5853578243759925,58.92819661396772,56.45367264865635,0.777049640197913,41.16905458313794,WARNING
3.6442130159896178,125.55070690336602,36.004644570654676,0.5575892229850019,75.55261041215975,CRITICAL
3.094849193253156,118.08882013741706,32.21528563654956,0.5027707380508055,68.9462891705368,CRITICAL
3.080167000272419,34.30678857745181,38.55239298697505,0.5869886997609017,50.633026201511505,WARNING
0.13435407519080234,26.01319473643033,31.995076846248416,1.3097912964135434,5.818118904493684,LOW
0.32891546263308913,44.061486875917026,16.264512595705995,1.4873800406680977,18.29857080598612,LOW
3.5008766058895993,148.69949974454175,12.921301873240125,0.32122630447004064,76.2694410023562,CRITICAL
3.0656260881778175,118.45882824426752,27.725988021853436,0.46109124951088964,73.95520772952347,CRITICAL
0.7926762122877424,43.747221186599106,17.797710758806392,1.413433923586681,25.113301124990798,LOW
2.3112672430773187,58.440636821693644,54.7089261122037,0.7160581184009647,40.52573483111139,WARNING
4.904430200203436,171.4178455001827,7.788693601553465,0.28551072191716115,100.0,CRITICAL
3.350186524331961,85.82803606354425,31.736737274764547,0.3246049196055944,76.2166396686073,CRITICAL
2.6639822723906494,54.26333711713108,51.11637626994147,0.691181665530814,40.39632714069153,WARNING
1.0992984961127727,42.35197778004603,24.470732476902633,1.2621273602688683,21.53127361191251,LOW
2.4041591694554825,43.87614024511963,57.336525080938195,0.8617672866655444,40.940941317706375,WARNING
1.274395634567224,30.380354928968075,31.829987191177427,1.1797119134154086,19.868743708028106,LOW
0.46734454386289914,48.02978852850687,26.34798249083736,1.2333415779154322,19.69420720626568,LOW
2.364686795634003,67.2375365814961,26.729463164339677,0.59496737183051,63.82026835241519,WARNING
0.6439317380126877,19.898519249325854,35.809505782133265,1.3254858726092722,8.142894924019883,LOW
0.6199661313507695,49.20021852787268,33.850343009308084,1.35486854240051,18.264808269493887,LOW
1.0845908911467896,11.501146301272126,32.76920848365792,1.4603854248180377,11.741224670410904,LOW
1.8955324790721386,36.9443932798678,12.595971181536378,1.232862788833749,38.66095844860504,LOW
0.9926282107524949,28.21862288025447,33.28579211258968,1.1783852451746255,14.24137042128584,LOW
3.664012228067602,103.68575061476511,38.06569068276572,0.5648830284996729,75.45729418380782,CRITICAL
0.17489341172868966,39.65234833403049,43.10441045396613,1.4839322829756776,2.4280900220598487,LOW
2.0417615768938795,42.33282234223889,38.384590069317056,0.814251950041784,36.80481252868482,LOW
3.113953984522536,43.98834654435204,42.59810430609893,0.5440711216953961,54.63768422819189,WARNING
3.4859641057582684,43.8945562993878,39.927571966959164,0.6647652068869984,55.21919551738413,WARNING
1.7282052467518374,37.368363007539465,45.29764765390327,1.1017555541659432,24.364113491669077,LOW
1.0729682957274613,47.62760750892927,11.911254587256215,1.1761154875353728,34.62931512578594,LOW
3.3960544774354666,93.94098283179468,22.743825439942356,0.3542210005966677,77.50353946649197,CRITICAL
3.4825558500823566,53.26387656379617,22.32951323281101,0.6311371609074925,70.60001616487465,CRITICAL
0.39811498587762817,47.90260505296172,40.67395591271092,1.1341436002138863,15.648928542160462,LOW
3.8816353491754105,116.06345582967495,33.239578593790526,0.424857901531034,84.05139346533691,CRITICAL
2.172112937507288,36.3068829008076,41.1813446008983,0.6344307724895033,37.33516363786216,LOW
3.4532220358667067,54.21065696738208,22.544057455111894,0.7758439839032308,67.34454155764003,CRITICAL
3.99684928428144,110.12402215823508,19.608962274902275,0.5626613187807996,83.35185360042676,CRITICAL
0.17805649341555504,23.89153897222791,20.609140900106983,1.3430455769717433,3.0955373682163154,LOW
3.2680471873786376,136.80261574061774,11.660794508152286,0.4152484040159252,76.1100648804436,CRITICAL
3.647519795570163,147.8261078022004,31.418738435943144,0.5698634438328987,80.07665140070822,CRITICAL
2.175596619472794,56.40888607115086,25.074913122523732,0.7962467395882025,55.396978276312986,WARNING
0.4701969341451918,29.653217276485236,48.02014246356539,1.191804520177579,8.14203876993412,LOW
1.4579225691125821,34.15171029144472,21.95704600393333,1.2054081977837139,25.47802324872626,LOW
0.5213810346737382,41.2188455352062,18.047009291555177,1.0400317012644829,21.05687180022987,LOW
0.11894154599558515,13.390646177053327,42.305034782519,1.3857366724298033,2.038430644377324,LOW
3.268266216260841,69.95410728859773,40.33916141232105,0.6164509193247408,67.10200388813267,CRITICAL
3.7271628097401384,148.6532822072196,14.670777932677987,0.290265833220822,83.74807859145811,CRITICAL
0.22665367666428157,49.94243226342515,10.992688457805965,1.4176220300794329,21.59401188848975,LOW
1.699069373539849,32.184819648445796,46.065249179454405,1.4630964932073134,21.406638241537383,LOW
3.459941951293963,122.48811813919858,15.654995583866835,0.5219867335526741,73.47959939435124,CRITICAL
4.537197865829195,224.22389274008196,1.722322210127476,0.16774099693889052,96.16766626315564,CRITICAL
0.7347988389644702,30.873235012207573,33.42617341715197,1.0042477893036048,13.974646709872916,LOW
3.069521437792611,48.31431931032611,22.11743742275273,0.8774662698925252,57.00444921034057,WARNING
2.232262091971182,47.80969717306897,47.88052055737052,0.7800579915046741,34.91549035294761,LOW
0.8984742434343296,32.48443530492918,10.234589115486452,1.039254934226805,27.17150593871424,LOW
0.803933730413077,32.75685623378865,45.268358785543384,1.47095279363021,8.879547269270647,LOW
2.129929641282041,63.45770777674254,36.41214887490648,0.7353504997455308,48.32146334802995,WARNING
0.8296362405334204,44.17598053302721,39.95996069619828,1.1361576985905413,18.132042960445197,LOW
0.5787966211237362,46.83025804218935,33.26355351399022,1.2667401043723914,12.262345773672038,LOW
3.52328624930025,88.1723531938157,13.871953744871888,0.41474365860104734,80.56638299513634,CRITICAL
3.3083521216761986,140.86788182014527,32.92286759736638,0.29912497716276276,75.0943409387851,CRITICAL
1.0532284154122071,39.018726738006514,14.529248930365014,1.2031832026387308,28.195586773374323,LOW
1.1275714215459254,42.734425655808664,16.867127801728678,1.4039157259133113,26.977958726116057,LOW
2.618026608427485,36.91987929840623,46.63060961061469,0.7623361533428111,45.07599405545211,WARNING
2.506998171542735,75.3433288669918,43.49479474302308,0.5427012421454369,61.941272577817,WARNING
2.741895579145638,74.73737854156505,30.706737487771903,0.7052993486191332,63.198508128546926,WARNING
3.896256716471579,127.99989381772767,35.769416413666605,0.23550930678249307,84.66593258406725,CRITICAL
0.554802689049888,26.718740320555483,20.047680184178688,1.1602837930082495,15.043504327867298,LOW
0.6627358545620972,32.891352581680046,27.67414832364256,1.1733593806179556,14.512541118175681,LOW
2.4980010531765187,67.22210839187768,26.079207298962046,0.5651589940456454,63.00751454225391,WARNING
1.6346345011837082,19.853929889692076,12.530136355947183,1.0658547676031775,28.63078090578643,LOW
1.1550620681235446,31.103184897014017,36.21743913762645,1.116593777210808,19.113987645419865,LOW
3.309368562080013,128.58921577833658,10.483739391166447,0.3490628519576589,77.35053327125796,CRITICAL
1.6012496100796059,18.711232070702742,37.08151259528041,1.4016060616220467,15.166981936445183,LOW
3.1113248100829782,63.09301561075028,34.221191886080305,0.9044292695167826,61.72048976569809,WARNING
2.5684338647187612,45.138380380871254,38.373840406912905,0.9089817471745768,38.72293292195953,LOW
3.5450834128598903,126.30263437265563,37.09820866716743,0.23941874056517698,82.2634665223001,CRITICAL
3.8570290283305777,109.05750237984529,12.680197068756005,0.37511259091984794,81.12300704084123,CRITICAL
0.6532732644935859,40.89070227350023,13.021083441035476,1.4137906087403511,25.431308919512464,LOW
0.7409822488788312,13.58803676059383,48.461748915244385,1.4036308246631253,5.822240570958739,LOW
0.524844841814975,47.33820420999409,23.78386382907887,1.0804922158436874,23.926668876857285,LOW
0.5524372021825976,47.5379056164163,16.84343867428648,1.05662172581991,26.968155447546792,LOW
3.292765734942245,53.85549088469631,59.78257026738099,0.8395858497689964,46.15184590319745,WARNING
2.4564613877312964,34.322875356007614,20.05713372316707,0.7247916764601312,45.48640976626685,WARNING
3.5723151856300763,149.94451092604086,18.605399369416,0.3121820259040221,79.53346060340283,CRITICAL
1.6063960860197015,46.23027162545792,49.00348678830725,1.1161448270482264,22.598305191306714,LOW
3.328255089277337,87.8988381161819,36.100747765604964,0.4544422538574474,74.47397872183015,CRITICAL
1.4999096805493743,28.13664922497072,49.5711978042554,1.0273724911297974,20.55604447336742,LOW
1.015610317508957,30.12534218993279,22.63743289542547,1.3646201245487841,16.572567738914064,LOW
3.238832339640222,45.17519545739761,35.939150484368575,0.6584565069092722,56.39448357268794,WARNING
0.642601270853409,48.46445769017787,22.513785120226725,1.0490222690554698,24.033050190942404,LOW
0.5168398394728679,28.574009995285667,27.330037292361116,1.3998459310013955,7.208985800672178,LOW
2.639477440986052,46.68521037878149,32.658751362459945,0.8869975436470046,46.82080496544005,WARNING
0.5475752757295523,47.3001581238953,44.38011902499592,1.3548925251119863,11.75366560503425,LOW
1.088614889763633,49.00978141135835,48.63081775537148,1.1076345228929172,15.552230207016907,LOW
1.3845767649126959,26.200043943501935,47.261776284260804,1.0445048674480044,22.275792249566585,LOW
3.377782295664682,75.20568302397525,26.261168536629647,0.6833188500482282,70.43076138983473,CRITICAL
5.8294986574553205,175.04252685517037,2.4231092252197084,0.025622544842479587,100.0,CRITICAL
3.1936238097954606,109.13994499810482,23.465540969560088,0.439604417685427,75.56528441886542,CRITICAL
1.8282147206021768,35.355578473297676,12.876268692657824,1.4545027944178515,29.933307583113383,LOW
4.155424836783451,229.85403522919722,6.067285644283409,0.1178517229444207,92.143662037534,CRITICAL
5.006145200543218,162.43718720917218,12.400026669548168,0.1020668983353771,100.0,CRITICAL
3.43467814831647,93.49877262595719,15.733168680734348,0.5075056722884641,77.44557393539392,CRITICAL
0.7112041005324878,28.619478897587975,47.72783398773803,1.4658657123769123,6.026398928905335,LOW
0.7806161783618383,15.975975538150893,30.399403172539884,1.2302912753473332,11.059885804241818,LOW
3.8067078077450613,80.25594179412545,19.601786925507476,0.3687096967744503,77.68603851721845,CRITICAL
0.47918607020228365,11.511380263827187,35.73478900279042,1.1312551452415829,10.544375387934844,LOW
0.8905342737765036,49.11414774007127,18.022586383522796,1.1076796414273042,30.39982568284905,LOW
0.4282389047340659,25.174623928167463,46.43336907959015,1.307673920314287,8.206863166398556,LOW
0.4995247380135366,32.63554420407036,34.622104927727165,1.0197787532813065,11.120774095472587,LOW
1.3333925331786582,37.92282185613607,35.52559610065077,1.1602816121804622,19.862434385200743,LOW
1.9004849511892674,29.00683464090513,22.690366974274703,1.38315203555945,24.997458537473968,LOW
0.6890646456236551,42.47870969563207,44.68608604004488,1.3365040831443384,9.24196180395695,LOW
2.204754518125373,41.43353756923017,55.299804202725454,0.510060860926537,38.080958132398074,LOW
2.7106599387716344,52.33860794198034,20.283861299795486,0.9096991154832463,57.94355893875086,WARNING
3.0539443646568736,77.79900294130361,41.253598129464365,0.6998597754872138,62.060973984839436,WARNING
5.284220470051042,194.72255344148334,2.529284908071423,0.25276635043955437,100.0,CRITICAL
0.4779665816105728,34.0674643448186,12.427322758027293,1.2066712299355962,17.092628065975198,LOW
2.6540704611778687,67.43360876254954,53.1169981818125,0.885621537016589,48.87241175783397,WARNING
3.8425345083518017,101.22457356317724,22.883436912361077,0.38828237892637496,82.83899709330093,CRITICAL
0.159029447464467,47.87611597842067,19.62850342654027,1.1199744518618155,24.378343398639263,LOW
3.3456201689007896,123.50551177966588,11.163983641866624,0.27470901129245173,79.3230353242389,CRITICAL
3.7667683563383356,104.54498840200029,21.304318833226375,0.41342177342143177,80.0338380902191,CRITICAL
3.2796738565464434,93.40649254351037,25.127903823790945,0.5462580145490927,71.54388817443589,CRITICAL
0.2492188613063175,24.256189433986588,39.90607298259911,1.2753452723473973,6.409685798589407,LOW
0.17613126406170668,49.37287915256165,25.3392449030017,1.0761141069584335,22.030411745704523,LOW
2.426432433643189,59.28891354655238,43.47071631378365,0.7228649104514346,46.2624122215727,WARNING
1.1216150443228459,36.544988830691985,41.35887402022358,1.197403641439128,17.113776702412363,LOW
2.225916429602779,76.63240502712392,35.32235225684014,0.8647607109882192,56.918761357685405,WARNING
3.3948057234408187,54.189844829139815,39.617963869438,0.5598733942502659,61.67354635645209,WARNING
3.2469654124670626,142.97287425606206,37.324726609911885,0.5773240447496599,76.29247419710862,CRITICAL
2.1965219279756982,60.04785974987486,21.371916052132466,0.7487830416943629,55.76240545865801,WARNING
0.4475535593279609,24.60190266770406,27.29748666866012,1.3115862122660937,7.001019830656454,LOW
1.1905528325603096,35.49618449044734,32.26837026211415,1.3691477552391538,14.292620724960086,LOW
1.5537025241029487,27.310683268327747,29.367379932903873,1.3240510636305358,16.68572180630796,LOW
0.27277735483477816,46.928949879409146,37.57117284903349,1.0635513068853701,15.120691917625805,LOW
1.2257176884130332,43.422868203625946,11.746437148520341,1.1183165657350045,31.047758424483476,LOW
0.1535635468497221,19.78980318547709,45.25943278355642,1.2079568271487546,6.8023214090101085,LOW
3.3774275530699365,50.40202308014083,27.651094841495883,0.7585589654284597,63.32258113857022,WARNING
3.361194764519638,36.12407084251486,41.36144452818627,0.9397313467559462,48.11932777485955,WARNING
1.0157903436924474,12.818427106678332,21.125745617956433,1.1622533245844737,14.542930374730584,LOW
1.3754784047721316,16.487334896315097,29.45769548567498,1.3692695197379539,17.095366767260266,LOW
3.6262592746624267,126.83374607218636,13.78850417753707,0.5783105988985389,78.00196918561718,CRITICAL
1.873826973032378,38.798381574779185,40.152548519134754,1.1095295865299417,25.91294116290008,LOW
1.2738450697196442,40.79894472826403,14.158375036495583,1.4811826582272642,26.58249464993231,LOW
3.5183239230398233,112.32645370934131,19.43302317434216,0.43238743465263696,78.89128008640853,CRITICAL
2.6163993574441373,61.46095965041461,47.97251684621215,0.855560908507643,43.52274085576703,WARNING
1.0177268144035059,45.47326157875837,25.133903267305875,1.3748628733917716,21.483050910346495,LOW
1.0045077340870174,49.667445615709426,40.817512111693475,1.1052642442203064,16.572814948879248,LOW
1.582159645096433,40.84899261161615,19.124015116095407,1.46111165907743,29.158234678410043,LOW
2.5698864364430216,55.09677903904303,44.20285013750975,0.7799452659228927,48.544962267472535,WARNING
1.6441925181788908,31.670412797640616,15.243194468188124,1.383078550791389,21.281542899862128,LOW
3.947306899236962,105.8312412687821,14.065506206822622,0.40735985065322605,82.70429060413527,CRITICAL
0.8280124902623389,41.78651569591556,28.252672822038495,1.0853841300016684,19.09795877398965,LOW
1.0673154318562919,15.898156697045396,34.46622702584057,1.282873653275573,14.362407661924358,LOW
3.9460756180688312,97.13009179165907,13.94695919918064,0.3209106801985794,85.27343610708333,CRITICAL
3.9720534746234883,140.15274657493333,13.300531633826308,0.5789711992239173,81.57522183674146,CRITICAL
0.18753142238338844,31.7551168464447,23.54216109748205,1.2367174667970244,9.440653716410024,LOW
3.30320164372673,63.09507882359643,37.36195473912723,0.9097139268351826,57.8351188010215,WARNING
1.3702387207165723,44.510831098369025,16.51610617909576,1.4062068288119502,30.71737148042277,LOW
3.9143404426664836,98.56995623602367,37.11859195569668,0.3282651018945729,83.21749862153656,CRITICAL
1.4687091041911855,27.77919911911164,20.251695014768703,1.0952067480124552,25.55365484433307,LOW
2.0006023160380098,70.2945584598427,23.169984245197153,0.5957448074540597,54.75154963672389,WARNING
0.7093531134701584,48.556640482927534,35.66318724973577,1.0117164776836942,15.238938003953404,LOW
1.7625165295135434,22.05824745642672,13.78225379097553,1.3791923857949588,28.49930665897685,LOW
0.3669481186114829,34.90197584852455,18.312953658353432,1.2520350398742122,19.16931528166934,LOW
2.425260785406409,77.42125777707464,53.698564273423,0.8611867538163993,46.88591984458228,WARNING
4.3170404680548184,223.12017531959611,7.282421136830108,0.19181592643622938,93.72593580512378,CRITICAL
0.9176012132805427,20.988201312285746,45.51006098686752,1.0202928560673477,17.503596862468907,LOW
1.9370445455574479,31.063797703591575,22.13124104261781,1.1812916062973384,29.85279870793564,LOW
1.9797640766798745,11.571677806027697,36.19628492591436,1.221367963853229,23.65827471227216,LOW
2.1020153479286305,39.68945650116774,28.582592803713993,0.8690753774208448,44.3205128793842,WARNING
1.1896343513928558,18.609752820038146,44.464998003359135,1.4710927272448193,8.544174379789709,LOW
0.19458390289378316,20.740003047899815,36.16943119781271,1.2668084656546055,5.601339724045468,LOW
3.396277262491701,128.5704339629876,24.67968242425364,0.40503048636968464,75.88431192443423,CRITICAL
1.4426207913229745,47.62559996744456,23.17285109930017,1.0211002342906492,31.11310403806722,LOW
1.1344765310834204,16.73762204527661,40.41858425104267,1.4924645542207458,12.65068691695841,LOW
1.127160889216985,43.98400699929832,29.205397585534925,1.1866036845525634,24.6526867178619,LOW
1.2003466276665933,17.563106151133955,46.036309210679626,1.3370934744148069,13.280146645749944,LOW
2.1814409933577386,33.93488375976995,41.09243582569573,0.7013927670232475,36.91380932687736,LOW
2.133833252085858,51.54915314236292,26.991468601806318,0.9935500429620583,47.81222151961109,WARNING
0.28000393808075386,49.034834511341465,21.45036141532733,1.2119040925867872,21.629390389873574,LOW
2.037045946529167,70.51295652586435,41.46312760114481,0.6391085935344111,50.45170011259551,WARNING
0.2246414533955561,37.624612495465456,32.896309038710605,1.2022597622291176,9.911512778598569,LOW
0.5119471242653058,36.78445026150071,48.82672111175482,1.087857622918413,7.700153182631887,LOW
0.5828798322428473,43.00539502645676,29.410224165889645,1.271702926099132,19.401272852381144,LOW
0.44543608476720453,13.43641552811282,38.56476563699664,1.0981171408439279,7.997843908168769,LOW
0.9914372425762662,24.708340325101727,14.024799088903602,1.1548159050014228,23.002059542564314,LOW
2.9986766022033065,44.311215361999714,38.40410506230752,0.5967236140059687,51.32428611557859,WARNING
0.6312427220257504,15.096322867817161,35.57051532725451,1.0375714765887933,12.911758510014813,LOW
1.3250377805211764,23.586424819257708,38.31791306804756,1.278712372335071,18.850452993554676,LOW
1.1191797278520579,27.485924201801385,20.71494331269763,1.30200249886975,15.077175603623045,LOW
3.998904699763077,122.54339381203971,22.141176229875107,0.29008284008648066,85.82286221880506,CRITICAL
1.836247592987394,24.73181870622838,24.93778364581742,1.1917672562169885,21.877697981207817,LOW
3.650788320846902,122.99181952232249,20.024290671515864,0.5271616707329758,73.31224900688406,CRITICAL
1.368089508014279,10.510617060715894,44.86207425832991,1.2233697626556963,19.220106814699562,LOW
0.36266657470470853,27.578614974337686,29.852910851375153,1.201823347246739,6.031608035532802,LOW
5.198555035647184,271.12169034778634,2.187118062189577,0.1191873878837717,100.0,CRITICAL
1.1820165374595244,44.44454080245703,13.133528710480267,1.0362873990223553,33.46606162559082,LOW
2.814317198541208,71.64467974436147,25.00355639345614,0.5648914828613056,67.62718727294485,CRITICAL
3.4195679800375562,50.74988791853771,33.077684010187795,0.8033446615989429,60.8877722279453,WARNING
3.2852443423067665,96.74477616239531,33.609273981436026,0.22255274154129265,75.70116918320754,CRITICAL
1.0610375229254265,32.41394697401294,39.144606271711076,1.177422861715329,17.8285061652972,LOW
2.960724939713318,42.97245855340381,23.38595014338516,0.5596358360198717,62.053113378290035,WARNING
1.050376077493292,43.61771002184081,38.05173368353536,1.3945203021010235,12.663235728887496,LOW
0.46455905036855283,12.448666325742881,33.63664371308907,1.494608341710293,1.2831079689627538,LOW
0.18870115780862012,41.181267272957314,20.10344026738897,1.4148219026764641,14.075263994560997,LOW
1.3577426949562048,28.59419123253083,35.22354789234174,1.2247994530038686,18.672296776548418,LOW
1.0650050904064237,31.143368057497693,42.42415393040644,1.3677603528967905,11.090085421998795,LOW
2.7504577345317722,74.70497680530796,56.79483736522171,0.5275782953008927,55.908141397722474,WARNING
3.0376973904226707,105.70187379865159,26.268999268632374,0.25924031945085096,74.29273642309202,CRITICAL
3.374964654040874,65.27483259673119,46.87117081019464,0.6971705731753322,59.16364961492491,WARNING
0.3283025915976817,31.382181790241567,37.00519543377679,1.2087241419482313,7.496711890052015,LOW
0.46483087683910274,43.599928929757716,38.99650986497758,1.4473809935062474,11.143737216444931,LOW
1.9814228157686404,18.376268557997342,10.471195051465681,1.4987114695267771,28.92952623114619,LOW
1.2024342111783692,46.16139945818237,22.807246697137543,1.3351269880221797,24.127004036375574,LOW
1.287111257565578,23.458014072700408,18.448330343518066,1.1565910253518177,18.038964728018435,LOW
0.7090187169323415,39.77677015253304,48.848796475419775,1.2190168283488234,9.676985181758281,LOW
3.5658630735596195,91.00649655659635,30.718682262440247,0.40537379885032804,80.38076406895566,CRITICAL
1.8122374841129756,40.026760571266195,29.54419703511939,1.3016110678289818,29.32412815148473,LOW
1.968834869503671,36.69404652201584,11.753874099865197,1.1633109528740044,38.76692815236135,LOW
0.9550460551028248,23.3076071877068,27.531944321326634,1.1313466549400026,14.77195768180639,LOW
1.4093723782626417,30.58284465071202,18.006168449974673,1.1597947131299993,24.851216193980605,LOW
0.23916664780404123,42.49269330856475,40.09636932848037,1.3766564659396285,5.540687312311585,LOW
3.0040781355048036,53.84959576890875,45.6911265402846,0.5191807773939874,56.464570541474636,WARNING
2.5362699926408556,43.87133674004896,45.7120820064833,0.8464005993149544,40.32880906900979,WARNING
3.3423340824609906,133.88406151699098,26.840674725680138,0.5531345962712316,77.38212975901406,CRITICAL
3.1239730327136517,78.23452394142305,22.942534168630626,0.5267173011955086,76.8635187767635,CRITICAL
3.529875625518206,123.04321101968553,24.472708047841866,0.2374629810429898,82.08120492344463,CRITICAL
0.6818545659339608,43.51365523622074,12.894290309653066,1.440552574178283,24.57257062006706,LOW
1.2266710207354385,47.439767160071106,37.12490006146586,1.2072149062335182,19.937667431927146,LOW
1.9936982280758915,40.03160924719151,35.78879909527271,1.1776448216096593,32.269078473861796,LOW
0.15900806446679566,32.16725021795195,40.48130884156204,1.2686895952219275,2.0797806460237176,LOW
0.2375151470688327,48.1652656628429,18.930216042774436,1.4611538877417924,16.196071540702285,LOW
1.9724958531849144,32.162335338408425,47.233314567032295,1.0026744943471115,30.389614804331913,LOW
0.2826391182910878,26.982904287438224,47.34715624531741,1.2711932800952193,6.367192881653228,LOW
2.211689177448983,30.03947555466094,52.40560362981845,0.5437872814931191,40.3105942226258,WARNING
1.3640183888501305,13.147943068300378,34.15020575350452,1.0819658604766014,20.880742530637267,LOW
2.4518469421908624,53.169550440232314,43.977221681104865,0.5856367053331197,44.40005468024058,WARNING
2.2374245760490603,64.40588296031751,25.12752291241847,0.7126782481349918,58.756596542615206,WARNING
1.5219129739135469,20.48140018027498,45.26869225581585,1.4459101057033064,18.602643162150912,LOW
0.8439204892430954,38.532869180050895,36.37692987399665,1.312350334703304,9.55339247463207,LOW
0.8182474039253638,14.117845788011447,38.760912817344035,1.2519443983956369,9.481355754578027,LOW
0.7350091407942178,11.029696389888649,23.64191491322494,1.4016522867590169,10.330565870731087,LOW
3.5182183156359272,111.88511866534542,10.924738560981108,0.551681735034153,71.93570437055995,CRITICAL
3.0243909931100967,120.69974264083609,26.46797573498013,0.28772816048455285,72.85784068667189,CRITICAL
1.3393016112931635,39.085247875277105,10.028674348263191,1.4684267150455077,28.49406455133126,LOW
0.1718582594488671,14.922084943612997,49.45399691776648,1.157608368688643,5.051188123450649,LOW
0.3032833962317843,38.778398706798875,44.182746561305635,1.1284761497542348,5.0204186039761485,LOW
2.3802406298857854,77.02686505514738,56.23775871705058,0.783403052505233,47.59352663570401,WARNING
0.8241790758659975,26.474091325779877,39.10317288539776,1.225819497759419,13.31900176037007,LOW
0.4808911907560821,26.538630668406405,18.248108636071155,1.4382802453943588,5.932269041713711,LOW
0.9657555609508747,34.22796961839502,37.67455632643377,1.1915346848632533,14.159212670806332,LOW
0.22775720469886956,28.587578737806602,42.82943363262921,1.3072705091106578,6.9526562151411095,LOW
3.4940116705993054,88.29231935661373,10.409195375076433,0.3212878186874365,80.92517693053529,CRITICAL
1.0417424496781695,26.844756177363266,26.420911374057113,1.1156743566000753,17.230242464757843,LOW
0.47370826063930493,12.213295486533845,17.925229672943082,1.0046004488126896,8.38993582153185,LOW
4.3874341015525955,201.87428554643907,7.156823172830665,0.002535448818738162,99.75491008569017,CRITICAL
3.0319944601443245,145.8125884310469,36.762230532808616,0.4142087664343854,75.67479253677982,CRITICAL
1.3297223384559254,11.790735547539475,12.161905093989063,1.2286152098097722,19.177848133859573,LOW
3.3317264605037282,35.233031695394814,52.905917087755576,0.6050236686460349,49.80651418407116,WARNING
0.3859414463379125,30.1428029761422,42.06570359325469,1.2207670051894484,5.72749010035311,LOW
1.712658412034497,38.24232458552123,29.61817634079139,1.1288478240945898,29.14528564026798,LOW
0.6113275300122196,42.12532355744984,11.76582248349822,1.49604609351441,23.27493492515831,LOW
1.612530198254181,25.791012670867314,29.688647331498675,1.4403252887322888,21.0000444983034,LOW
0.104460200348161,19.791994920069037,37.22332371675069,1.0606324466795685,2.1639890755386455,LOW
0.8808251552682161,35.91348154432906,38.48287968991722,1.0892253370491873,15.601786079378568,LOW
3.7725225917625442,91.81835246567991,34.654043777626015,0.5077002236966346,79.2974180087842,CRITICAL
2.5058030527534294,43.125430213327206,24.87556848321436,0.7548785334504358,45.52794723891081,WARNING
0.7906774690016066,35.64024229282805,46.050368311862535,1.0819601310234725,15.66549209523709,LOW
0.3676503475066365,34.99775081631328,39.154820379543835,1.465956366298728,4.432370930414592,LOW
1.7981709567476951,31.192362282802165,36.77393403051184,1.4157869629552262,20.481541118894782,LOW
0.1733239676824543,45.155245836514084,22.5973290983573,1.0644894539635827,23.60139348880741,LOW
0.6223017506884666,11.31199497107584,26.81341556781996,1.4475500145331222,5.387414200273531,LOW
5.2740951070072555,174.24565406768878,18.116987799986116,0.15487434696001814,100.0,CRITICAL
2.3005097316446634,40.550334585376305,47.5317199370902,0.6098613750551984,41.00275803142156,WARNING
1.5858034686284885,41.35810072391364,28.130470901034386,1.3960949691376225,26.710568382780465,LOW
0.6206223827325402,22.593646216349413,14.672164309358081,1.1365798101849727,16.986826113105998,LOW
0.9651246246363441,46.337501914890595,14.179212670158323,1.3601339619736978,26.362074297255507,LOW
3.5684722021568196,105.4607864794979,32.6961575048592,0.3029461833606536,80.77057360963369,CRITICAL
2.059566811358371,71.9704018804636,37.92683388085274,0.8183464571789709,51.61351246053035,WARNING
2.709819780326598,60.886346203089715,38.25303695289594,0.9470456846289228,49.30995264325756,WARNING
1.699436547154756,42.05408233080994,26.42019285393426,1.1150422459287375,34.66387369874807,LOW
1.0964290571297237,42.2438699184299,24.13909900513515,1.3211048185013488,22.03381515402362,LOW
0.3076309461995038,41.77536900371425,13.958744936348273,1.1356906975397922,21.03692255335867,LOW
5.95946866954772,190.2414030680335,0.819564444997809,0.21151898526161372,100.0,CRITICAL
0.29143040352319494,38.300912759121715,11.24699636447685,1.435098345246121,19.25313319539482,LOW
0.7389941822594155,19.379360271326796,29.225921132496357,1.2759143667670843,11.624795199742076,LOW
2.3856777559980418,77.43270404514953,26.790339928285434,0.9828265873832062,55.33834038356283,WARNING
0.9533344864674764,32.82658315923156,27.42356632050836,1.2074234251507976,15.449485919549705,LOW
3.028814412629697,71.66356410179239,29.99835924957982,0.8047642548770317,62.70023275778272,WARNING
0.6961860722808846,15.673775904679408,18.552048426509312,1.0527568232006006,15.288800987684619,LOW
2.991091089663727,77.53031857899364,49.18713654588965,0.5260229193780657,67.8984144345607,CRITICAL
5.064608727696332,285.7982742564135,1.6607751562037287,0.05731556061260485,100.0,CRITICAL
1.211037935840879,42.649114074512006,49.53048460572747,1.1944257482370582,14.352647034905742,LOW
1.5103894665140762,40.816471482745754,29.98473647995048,1.1526072650644297,27.727440171837944,LOW
5.3267252219129855,211.2356279019448,5.609264484093048,0.21933089490106863,100.0,CRITICAL
2.4349810889662127,61.44525724618075,24.71754699496934,0.8274705522836607,55.40734491221954,WARNING
0.1004615754255742,15.077442306967054,47.34461511340376,1.4336773195576789,3.3639489448128876,LOW
3.456357067174804,48.680282976702955,47.25842450068685,0.5317678612119593,54.953945325372345,WARNING
1.9312535562575428,31.559234978004824,21.515180133393784,1.0601354815643034,35.23111295408113,LOW
1.9067885685450852,10.888112519514014,22.14895406527303,1.4605347431497906,25.32821281637216,LOW
0.5792803843248238,31.368816397249894,42.952069996821514,1.0515733804391805,12.915101146609766,LOW
0.8643598883450054,41.331603697554655,48.51139231922929,1.063327936423597,12.743297912078381,LOW
1.0137890553601767,25.052472678199905,24.527564948649,1.0261343337807982,15.505095395343814,LOW
1.65046365437393,42.10242992606511,29.455665123555754,1.1492253305738802,33.3285485845639,LOW
2.4322282036661047,41.8003965161856,49.22058616105306,0.5201626198604754,41.27343433025742,WARNING
3.5201602230243956,105.53726674154998,36.20174373727658,0.357996108219613,77.63080124459567,CRITICAL
0.49383679284449755,25.11187295637646,22.66737424067704,1.3386519796490706,9.545512487042979,LOW
0.46344939772337723,26.29621086445395,47.477970156347816,1.1886259928578478,5.421348782393585,LOW
2.3826308336320974,36.35167879866159,22.341464003202006,0.6527067492713756,46.07663831044024,WARNING
2.023757106417311,57.890506286771725,35.178455223738595,0.7532749999542736,44.27042692389753,WARNING
2.4700515416859172,44.75544300921426,49.336073973396225,0.9356384940605786,36.550145703739084,LOW
2.539314716780005,36.29011681730257,43.57326579790912,0.7625704258848148,41.860810139391255,WARNING
0.9585511848393279,41.877900160625835,33.617044124315655,1.0484586635334974,23.3767295018938,LOW
2.9436763679514,37.63290822703919,48.40693066360643,0.8386709230407582,45.59232220678629,WARNING
0.882320568421462,23.318009878494934,36.77648257014574,1.1080679061554604,15.644356597860549,LOW
3.3821866043247955,78.92529834663449,20.42680508024651,0.8113706381887388,71.29012095202461,CRITICAL
1.7337235316367312,20.072588080365268,49.241179564603044,1.3068539847718736,23.49153906638935,LOW
1.6520681731981874,10.557960747676457,36.28475356245093,1.1825469601159029,21.531677447184947,LOW
3.0440471104836706,47.123760959315206,24.318497924433423,0.5348229338741328,62.70059931385497,WARNING
2.764603265005906,51.12228950154396,35.923487129449235,0.5132234512988337,59.361076298125504,WARNING
1.954438299296539,44.94222304908355,23.175122681368705,1.2938977025331861,35.95882112469394,LOW
0.24156987745541614,30.415708853948264,48.777575027035134,1.3466047711094338,6.794875342959726,LOW
0.45978566400453924,40.852925728674,43.65759039824979,1.3088472930942954,6.7009659564987185,LOW
3.7882752081708295,98.1324600872343,31.26030159896521,0.2859418425699992,83.49234946374037,CRITICAL
0.48215943092171676,17.14515507017198,23.50991986939389,1.209224748587729,2.188670527947325,LOW
0.1554242702907415,34.20406488948603,25.829793193894176,1.149336078693775,12.806634045221282,LOW
3.74674330779816,140.04358838607095,24.84948384137383,0.252372500850711,81.29028531152652,CRITICAL
0.22350149900288815,43.0123360969193,15.037625641900023,1.451548753524655,18.17648133739705,LOW
3.464582764439246,132.10577430127935,28.583352214544597,0.521230256935098,78.74169401710346,CRITICAL
1.8878349969013082,29.454884033005904,28.50477087734918,1.3925359307817564,23.065521559572346,LOW
3.5544891143211705,92.58584694465527,24.032746928727384,0.5872290011638713,77.68121458370607,CRITICAL
0.9889329790049037,35.86484534630222,43.201307345122984,1.0246368267913857,17.411031504777405,LOW
3.5484009367419116,93.8119779403242,19.517656493491,0.3127718207006243,78.49711604605908,CRITICAL
1.6441167824139866,15.304159629872442,19.335850778325078,1.2266853028020788,22.319108094546138,LOW
3.145415719421238,52.36662133330939,51.59458484142155,0.8091731535227287,44.1296339303492,WARNING
2.8711057096960277,49.406654050112465,26.830411338015423,0.6134185511627476,55.56859271635889,WARNING
2.6351582073496886,55.7463754430336,26.827097412089348,0.8314531261722828,54.27783336653412,WARNING
1.9535019251397134,23.329669622029105,33.80185379695045,1.0450978501001222,30.077794216151684,LOW
2.134447659956927,77.9617717661911,48.626506082892455,0.8940798940678532,49.31343159867869,WARNING
1.7309094215460186,48.27342670172252,29.961446916163254,1.465767524577631,32.64609504478251,LOW
2.80757628034465,52.724136647767835,28.371510461204792,0.5018598304090296,59.70357053803598,WARNING
0.9521219332050042,49.22592878256198,24.010894826773104,1.226091469680054,22.53500635732424,LOW
0.19111969163027653,41.016380583699785,32.827327002879144,1.3803524030219476,8.066347398359676,LOW
0.5333174521100378,10.461040562119411,15.213628942762876,1.1546340557498476,7.666693515523486,LOW
1.9731310367807813,22.345305940958028,15.212957868093127,1.099541156413979,30.53347868118496,LOW
3.9614996792371473,97.27231944671666,23.50285805772578,0.20885378041179883,86.96287616296634,CRITICAL
2.6208890870788832,43.502923305077786,28.27348442466434,0.8270115388293802,45.712749018915616,WARNING
2.8476084245550406,72.9336027464748,24.699035955059717,0.892833300972228,62.07738515337542,WARNING
2.172516405242147,64.74103649358604,37.661891555193215,0.9724923927779215,46.954960231000555,WARNING
1.9179478741226679,23.19899581161106,48.487436379672005,1.4507429255503745,21.00078231176675,LOW
1.6267293759702126,49.82416807214024,20.106520086851294,1.2183885846616598,33.21906658942259,LOW
0.5182455639753006,21.277475373670338,27.743988052727488,1.0855512392067008,11.07589075998164,LOW
3.704911132731336,85.96403342917634,29.502773534197942,0.46146259056224814,80.19269835333111,CRITICAL
3.7205864193706373,133.6034324733278,12.744488737889412,0.40555033391129347,80.69001015344733,CRITICAL
0.4443142828658728,42.4121319649333,15.401525467221898,1.2343258184981927,18.989255751014895,LOW
0.9065363820854168,22.372968974328916,21.225423195060632,1.4861148546081788,10.24585585447967,LOW
1.4933230265620383,10.016411577566995,33.847306776095074,1.4579715019770263,15.39303142640361,LOW
3.06890211094759,64.40152594759907,32.77267520085496,0.6261012010796654,63.87142969196916,WARNING
5.846599016539859,218.59749148392305,16.923877323087467,0.1356970432902888,100.0,CRITICAL
1.1210921833396332,10.900173097147459,27.764520207016258,1.3906781091976002,12.560518745550269,LOW
2.9527354832959025,75.47777142186013,20.721280393009202,0.7785237930961171,66.0721870734124,CRITICAL
0.35887607367475793,45.50252287264765,28.83049569550412,1.4390575984928506,15.656446196580665,LOW
3.011288174922501,70.2130577189225,46.366221784005376,0.6990274203394689,62.240615168235784,WARNING
0.8374307678601444,13.827604642320047,46.58337740886991,1.0455181574727208,14.559630740494748,LOW
2.6197917182041968,50.28096951277212,47.182073462907354,0.5335468663149394,48.84051800264783,WARNING
3.1705303893937753,142.81933350547217,29.684382755423265,0.5527419203282731,72.53356184133683,CRITICAL
1.129863355684684,46.76153108114684,45.99638173418687,1.224080436684501,14.364712347538347,LOW
0.6450470624673085,20.743184173318664,44.44251745918878,1.034930960342331,9.636615265023027,LOW
2.2592300771846783,47.22529466970316,22.461721365393473,0.634986818427731,51.523279337748605,WARNING
0.9807408945919515,28.812961917488256,44.94301223038937,1.3813995264379026,11.963748472525708,LOW
3.0061208007076603,72.36775269546834,20.381558161021797,0.7014450155250243,67.87155721192826,CRITICAL
2.7944667905527,47.38850488022189,40.820821345660576,0.8276915997317267,46.984768512637494,WARNING
1.4568909781451307,44.449289090415434,16.187393927394446,1.2257735114087123,37.23232292259795,LOW
1.316476738409325,45.09956966925952,26.725263991744907,1.4555078499896101,22.352447618443925,LOW
4.212184099895904,184.95797819772878,19.007595029641863,0.287498305944416,90.42760211637638,CRITICAL
3.0204016106882063,122.31422875809216,18.31076346608873,0.5449339665758925,66.99597791114729,CRITICAL
1.404835868535627,36.96878529789588,18.8597419543856,1.017399599934175,27.64203056305982,LOW
3.800364188455345,111.99167665348378,28.19536675969657,0.44170380639477,80.04528431635967,CRITICAL
3.4250024141231976,99.28126758533563,17.951047544216422,0.41447691171288165,72.65249293718621,CRITICAL
1.4653471073113717,18.549467519276426,17.878145208348855,1.2063791601386966,16.930218734002256,LOW
1.2093307078852293,24.85853357337886,27.956468903711603,1.2685846608020144,14.936885488971079,LOW
3.433723702831421,108.84655267427775,11.068364508185244,0.3991905210349573,76.31230445207727,CRITICAL
2.838261306432,65.35155846614421,27.09927339964047,0.6261115671153095,65.26955336834395,CRITICAL
0.21413901987446665,23.020133525045416,15.74750500736851,1.354966536717123,5.458054273650754,LOW
2.215751706485466,30.462079420275717,52.32628196096851,0.5880972030821238,35.105838837202455,LOW
2.473480440473486,34.34697803461271,28.918000342310144,0.5940292832395377,46.55315005385445,WARNING
1.3507391885096989,20.5522429978543,10.482797412024718,1.2594686821323784,23.803154544196584,LOW
2.706758839067213,58.67008129488519,57.11602519448108,0.9141890728008231,41.544603600975535,WARNING
0.5507832909485608,20.505344494642944,30.17684158860852,1.3720247256142888,5.687044943616914,LOW
3.208955193006431,44.47489325598598,46.565029571334016,0.7132959505271967,49.94850909832755,WARNING
3.84522555816074,116.78023988167496,30.745166374407834,0.5533398804088416,76.5828427181389,CRITICAL
2.3300993821770377,49.4265574003021,54.629089484271745,0.8622111701346575,36.140946155764354,LOW
0.5080145545758791,24.238735633289462,21.36416596909732,1.088044643971927,10.28606916780998,LOW
0.8331329489886071,49.283095145425236,25.64368976592882,1.0399912413983774,27.97373169835005,LOW
1.2224320705708231,33.97454206953063,26.7503596193062,1.2159218461560148,20.413815041303604,LOW
2.2243239778354167,35.19196930554638,24.94289962397962,0.5505141232456292,42.755049729539074,WARNING
2.294723978604378,42.57150760937317,26.94288576605759,0.9789176522242515,41.19602676986231,WARNING
0.4987964003794946,29.67503837843295,10.784421298970145,1.3356840044483977,17.70649296300868,LOW
3.347958392451655,38.21963421642071,52.16436984244527,0.8959805072333579,48.82163918340082,WARNING
0.5839689508693429,20.529846993221774,32.24945576103091,1.2057054658802326,7.802904057115063,LOW
3.126370141947005,148.1584494395139,16.91915920642792,0.5091495745527412,69.75481073368104,CRITICAL
3.308860899236463,126.11987829587895,26.993310552598796,0.3887025237563497,74.78237370707302,CRITICAL
1.4912520367753463,13.510916564937624,36.727226478316204,1.4479060506992893,16.25024692821444,LOW
0.36023660563404813,30.270801628711524,15.06181244785509,1.2383102281552703,18.12351402029006,LOW
2.387396536830745,54.039308408986365,59.680638775873426,0.8433252116770187,36.67348639271717,LOW
2.0607637594119828,36.14555912711225,28.122823716802486,0.7009759623076097,41.10331314062288,WARNING
3.3462660507879303,125.8234835460824,31.2794288441045,0.43447294163533656,77.4999159399139,CRITICAL
0.25936010324882297,49.71215912744058,15.087298145300437,1.0361741919180287,22.354282442020427,LOW
3.301834660892895,125.52078818514553,19.870171889866985,0.35658170831778846,74.27862135765054,CRITICAL
1.4687905312754514,30.461447769391672,47.74260868627908,1.0209401969193879,20.1316316430217,LOW
2.8763371832475775,76.0098493037137,21.9663409448571,0.786749792467608,63.66464806679096,WARNING
3.0190434092742917,131.2718240393611,37.99339663505959,0.46287906465602485,71.92149294891236,CRITICAL
0.18527393129816427,46.80455253290515,28.81184890766299,1.014498372167974,16.946760566854188,LOW
0.5071164376894932,12.57962721823385,32.971741588342944,1.3110147396260046,11.499760292202868,LOW
3.225653199503922,73.05044106540068,44.62497586732506,0.5063782398537153,65.69485802535664,CRITICAL
2.9736209030283267,47.51183071635384,56.68394020687177,0.5669874333748905,52.168838459186226,WARNING
2.006539369934871,76.23255527025904,24.50016532952366,0.5474421150737874,53.86253845574076,WARNING
1.211731155761537,27.716563921678542,11.367023561643496,1.1598260311276503,22.55694565793575,LOW
3.6897015348618685,130.74095975059163,30.943507722505707,0.3243892085532133,80.9624510654113,CRITICAL
3.980470797783071,114.5692910319093,10.291010647691266,0.2560179248536916,85.31905454869678,CRITICAL
1.1993121623266045,13.003745832212559,47.73429194839527,1.1825418366422005,16.993274235779634,LOW
2.910079369673348,61.33919085259223,45.52012940864992,0.8143606935127911,52.669488667158895,WARNING
3.4796210277243333,66.6145283712848,51.07785553570085,0.9362314075418371,62.82956260583075,WARNING
3.4437835792823357,119.95971178810188,25.812128155403748,0.21528111350295642,74.25400016864018,CRITICAL
3.242064928661378,37.87502740379019,43.77326935706383,0.7968052722232072,49.15328187665347,WARNING
0.42551663446331245,36.7040685433294,34.37781189309115,1.3217760614937086,8.300036743396698,LOW
1.7977157086470301,25.570655872361932,22.534776257214318,1.2311807236238697,27.74223258015654,LOW
3.303453216449606,140.47550652219684,33.445693885992014,0.5723230689379046,72.46899760661749,CRITICAL
1.1962223852298604,20.981783389617785,42.96377961937497,1.002662095285532,15.42704596425563,LOW
1.3253220153433423,44.05937797255976,34.367815655733054,1.4265864893233613,21.70005600782171,LOW
1.087053524053464,28.02146156268304,10.465795980123849,1.27840607157037,24.8601862386882,LOW
2.857009292679616,33.33751274253785,24.657820963388456,0.7982372887719762,51.911856053111485,WARNING
0.2513257451660551,27.18410973794187,32.17290392334621,1.1643729941748033,8.737745546143481,LOW
1.5342578049262652,35.94780170132142,35.497815148716086,1.276713850393534,23.007099692210467,LOW
1.4233636486060894,25.04167164436626,47.704388406346226,1.4089923855386026,13.832994644751727,LOW
0.7467311915873432,29.062717743200743,21.842620401557884,1.2574647476962415,15.380296844631502,LOW
1.95765434436845,14.316982198599755,47.27776558617488,1.4567890057013475,26.880209611233724,LOW
1.2970656973306325,23.62303749684475,22.046360791417815,1.289114893084757,17.958337226188767,LOW
1.201119101384964,21.46642325148092,24.67831327267981,1.0419489803144546,16.270697891337214,LOW
3.4849922845774994,101.3903521529478,25.529168070683035,0.35278320761810755,80.18062364394777,CRITICAL
2.1717993024895224,79.84952514062755,37.0222351078687,0.6741153198536843,54.821416404631044,WARNING
3.454270724360425,130.36908892858045,13.223596493256597,0.5384476742220448,78.32996398910757,CRITICAL
2.3175751676929486,37.26430048728933,32.651693949024974,0.9880352930159522,36.09780864004485,LOW
0.8547323061758417,32.85280061732411,48.124984500318604,1.2583680224700322,8.463452541639281,LOW
3.5471276425689005,82.85495094048626,19.45024825569322,0.4302198031324413,76.78788446205282,CRITICAL
1.852747902974756,44.106646124068824,40.99533729011795,1.1963675571121137,25.581850955553755,LOW
2.6964976171927293,42.66990537796863,40.20112184595068,0.5152482739263773,46.041649186878495,WARNING
2.5549983289399663,67.03899335803362,51.36748716928318,0.8816425951015796,49.87486995873899,WARNING
2.306756508039194,46.898498962023936,38.793817399347,0.6653964957138279,41.04160349772588,WARNING
0.8581768588917776,49.196577311295215,19.035256517343036,1.3060793294716144,28.570609151351523,LOW
0.2349466785337206,29.51506423992238,38.0865731459325,1.2566099879139094,4.814494361845682,LOW
1.8794746621502116,25.12785398112876,33.05622205814534,1.396001563065098,24.483717829700957,LOW
1.4607126225374611,15.416753992713122,21.65174988822021,1.07235531806826,20.70707525736024,LOW
3.4149475958684787,56.388610453443846,41.60116769042751,0.730516784048906,61.120524410454735,WARNING
1.0037445587573426,34.11230129067037,49.439662886826376,1.4688822796591121,14.640206152129704,LOW
3.392950764991353,147.3233734841828,22.47358186207549,0.4404330661572863,75.17440729572158,CRITICAL
3.4258880196139074,42.230813702613304,49.84523912954569,0.7604077930720411,53.954226371553275,WARNING
2.991460730974514,46.145053428895054,39.2509580731042,0.8086771254940335,47.746466812755536,WARNING
0.4769078257106325,48.46561969261216,30.458701601704696,1.3669601851438502,12.00546968264156,LOW
0.8774736231927346,31.767204637678145,31.738794799254528,1.2485769079414357,9.966460460978604,LOW
1.042543409151009,16.76415601682606,15.045431451830606,1.4663228586705839,15.153989987139987,LOW
1.827063694638242,35.517219583186616,40.7667947809435,1.184281234513857,27.390728295064083,LOW
5.64092258031663,278.09226945218154,3.4438853485150855,0.08128896236136586,100.0,CRITICAL
3.031884795208592,85.3269992286542,18.21744611889711,0.27994918985977746,71.48757539571251,CRITICAL
1.61609205958127,32.52506375568188,10.23082645171872,1.2146613828520976,31.29341618735471,LOW
3.0531457825692367,66.04466095260489,49.13883782234368,0.5000264134661484,58.70985313169335,WARNING
5.628417534109326,285.59725448839276,0.3128659061486827,0.2801576387357218,100.0,CRITICAL
1.5036782549453356,48.39666758568364,37.141893656726424,1.2852807023123032,26.006040668042917,LOW
3.442937121734436,121.95054964173352,24.290148804830984,0.5731384885441196,74.92870834467999,CRITICAL
3.1878598076333553,59.15093237220682,56.35670976485816,0.9709957234419359,45.99275798132433,WARNING
0.8645040251286112,10.938360868846178,23.176666294977718,1.268434108985301,13.477679313662964,LOW
1.808960860652287,47.09465637846214,26.104457533606507,1.4451512785567602,36.862066781127325,LOW
1.4999519804764303,29.037688701908966,14.903326260287319,1.4639671006185107,27.58505194136127,LOW
0.13587366929484584,14.021214347673435,29.848779179596974,1.3449821785631813,2.7647849168193703,LOW
1.4214280724375357,37.94542357727824,38.157436293113236,1.2462609270102543,18.955040095196527,LOW
0.47882355612019123,22.30620349425346,11.693379700732134,1.3167676468080851,14.262887073810282,LOW
0.6778949835223836,40.83258086657285,23.088847326458154,1.121097946006571,21.69257832329395,LOW
0.9621321444756716,30.277204643087778,37.49559650742859,1.3166417411664977,10.872280325190594,LOW
3.0447514339262383,100.7508507345578,18.40402356326139,0.2584067622368433,71.79636981042262,CRITICAL
2.995556718389384,49.0550256805907,48.77880925253525,0.66808266928979,45.59960534465942,WARNING
1.1282573061283463,10.948654412231624,13.191564945360014,1.2089847717932636,15.764332901322181,LOW
1.7080042242836602,39.29203082432724,34.43786102810613,1.4101464803045887,23.413300874431474,LOW
0.5208519966223202,30.480935564350375,31.953670223738953,1.2691631860049561,9.523767652880238,LOW
3.8757170365589393,136.0991767636039,38.30284321795856,0.2393978566717613,85.32170459673435,CRITICAL
1.0406062967437113,43.86137972493621,30.2066284609093,1.3740173696707942,18.223312643048622,LOW
2.2471010133315863,47.56779673274634,30.594650312542857,0.6749308471112392,44.9060005967955,WARNING
2.5517707717142013,57.76316613039701,23.997275082176387,0.9025088466173139,58.437781070003325,WARNING
2.3144913831675504,74.2337492476675,44.64897006427812,0.7143625708757407,50.24664298148943,WARNING
1.8903717820122927,40.202728165265,18.320982509329955,1.1688553873621124,38.41548128569516,LOW
2.6618016533193987,65.82381313210834,35.45974891455655,0.6056314584690983,61.14688369934399,WARNING
3.464020888398191,45.53004856976648,38.43878368850159,0.8370006855349268,57.64404722402866,WARNING
2.0874458057935357,79.9210616961887,50.096098148778694,0.9319516581470566,47.271517005691834,WARNING
3.2844276920701434,35.61914874643547,33.909513422372626,0.9382104718022464,49.86322440007968,WARNING
1.7232573672871594,37.47071182388679,30.803307328663358,1.4151250963906925,25.01930511605862,LOW
0.4685885168244547,21.394107064424546,30.206560731732594,1.2656653963365878,8.944592357657058,LOW
3.1711782250482146,39.58867291468355,22.002581083731773,0.9368169113173501,56.437537771176714,WARNING
0.5687080165135948,37.812757984975384,26.377917505092366,1.4381569849577545,13.572352759974336,LOW
1.116258235941635,45.06392475340075,46.49940216921474,1.132987032327056,13.011765234792946,LOW
1.1433736289587573,47.964498275529884,49.944692766575386,1.1177036244207632,15.46560635441091,LOW
0.11757979262821448,28.42264030249023,29.533396520173383,1.0112848482867214,10.559186988689804,LOW
2.4410050828924295,57.99465507679747,32.03676292661675,0.5835671574346536,51.55560592205049,WARNING
2.29824279542972,55.42029883223135,26.295140594754702,0.8354873547428925,49.738653970977296,WARNING
2.1655913513749008,53.39012060186696,22.834868026194943,0.7990912227710012,50.56031991952904,WARNING
3.386531519290701,57.45416112843614,43.319939188732626,0.7008265628821901,56.106987603871204,WARNING
3.7771859094396096,99.97837032119891,35.32628757328696,0.37295854407403595,82.84999710779367,CRITICAL
1.4321681496287961,21.625718772261244,21.899706799706728,1.1481740384402903,21.266635756642305,LOW
2.344739062688804,30.04529176230451,48.60947413930532,0.5855923719175626,39.610327138710936,LOW
1.0042220221990814,11.782801628505233,48.822933305094416,1.3580315267097791,11.189130820688488,LOW
0.7055247888422549,27.941701974738375,35.04979291052132,1.0731865332944839,13.424740618018554,LOW
0.8223704961528372,44.85087403800468,36.5259131759929,1.1708559396708442,16.18511449159921,LOW
2.0295248230721206,66.78213300056827,39.48064162064958,0.9065910736422307,45.33759649666839,WARNING
0.9835671169882783,37.595840132534434,45.35991107484747,1.1034931515000599,16.908291541649906,LOW
3.8151802319698893,148.51992106247644,36.407553198450614,0.3119749318767627,85.02161357117176,CRITICAL
3.899250306981565,123.66273690584629,10.168939382441613,0.2745267106074134,81.96355291554427,CRITICAL
0.790316503581119,30.054039745349836,11.735887143142435,1.1742389878978277,22.388453663091326,LOW
1.0411035291744266,27.107671521338442,48.24078841946268,1.1073675625607815,13.635589975712033,LOW
3.104026052548004,57.84222065672813,57.160835428672044,0.688984177820642,47.461958757892006,WARNING
2.4323179526721592,38.01545197577845,41.78125171618032,0.7661551316899553,38.721238023598666,LOW
1.4266093616394984,34.95088762603412,17.560691309859887,1.234717431077022,28.394947873132516,LOW
0.7124430703537928,34.415754665762144,47.564347932409625,1.3358724202387418,12.882016139820205,LOW
0.9753014496160541,45.6329652604251,13.778497032043475,1.4944378560687717,25.38237660037044,LOW
3.4183833377132715,110.85985788917611,29.027292729326277,0.5097909677103933,76.6195846319898,CRITICAL
1.2269963915015552,17.469319763894838,23.83798071452812,1.1739843330776083,13.273239198143527,LOW
0.3766946031983577,11.337519422443908,28.80996341315017,1.4772238474264943,3.306047650644658,LOW
1.8979025367058557,39.334460589283744,35.499952117366526,1.3226388776617815,30.108206739059636,LOW
3.249168606534942,33.61358545056758,47.628041579966634,0.7670138651923588,49.850179633964046,WARNING
0.7465224662446586,34.83330531096772,45.63981498577059,1.2480879630505577,10.104214561691817,LOW
0.21686089927141325,12.053374852947103,25.2060056783068,1.168618875417921,8.972126730057782,LOW
3.114232252377299,32.542698441686994,28.8449305155606,0.6371309250794499,49.253454116969,WARNING
1.8931988894951202,42.16811629191124,17.226196083646812,1.2032839039527454,38.638594696160844,LOW
1.6029077407242738,30.40851665912488,15.113989479738681,1.369496031578122,24.44457896585071,LOW
1.045737470853103,23.72462065668038,19.676230903670312,1.1992510144019901,15.347167244186183,LOW
1.5677459075829965,16.83779574270343,11.75618454522549,1.3268493464525397,23.704507520483823,LOW
0.490199550910972,39.48910708999307,37.98852308617349,1.1231353670515867,11.799774301242127,LOW
3.104371458082829,148.78817677139278,35.80743432932394,0.4751594581916301,71.94905985656882,CRITICAL
0.9400966624143422,12.860120973265413,25.586296891524615,1.3708015098686044,11.580390788751767,LOW
0.7275589333894548,33.81422890041247,44.8881811599558,1.0237915962730562,11.453689803022028,LOW
2.158586840646702,63.24038792901223,31.447234831916294,0.5994584068686124,52.61763448170476,WARNING
3.018524576745956,110.64440903226983,10.648809773853813,0.3934372192417316,67.6011293340791,CRITICAL
0.815136321695503,36.89051759730264,41.295832345778365,1.2653753011940712,11.302762413581014,LOW
2.300924556686979,44.36651666138248,26.475824402094336,0.6246476750023057,48.1726836902087,WARNING
3.4174211312322567,39.77853235507615,45.667028406459835,0.9086296344937614,47.034595897206145,WARNING
2.3825054787516136,43.127511501000015,21.570122122839997,0.6527221132742409,51.92562188432791,WARNING
2.6829776150928923,64.90371692393245,35.51808674619568,0.5799566225120638,57.457982816895665,WARNING
1.2019388583859714,47.922131274115614,12.750038083547093,1.2536970469224804,33.762015842996824,LOW
0.6947481739330045,42.7947259010802,32.1576693541855,1.2252912464080588,11.792616589981268,LOW
0.6662807933035761,25.32405734362338,43.42282839858242,1.4836066034041342,2.7755830689601826,LOW
3.426905320636304,118.64127206069558,16.928249937962335,0.4974010143116301,73.35862056932362,CRITICAL
3.213551825360512,69.03663650143349,28.600190730801142,0.8578177752788811,66.92628984042726,CRITICAL
0.10500109560121755,28.036146123725928,24.09730926155366,1.2774549169127045,8.219691669193434,LOW
1.733364540566303,20.310208625124385,19.057184203505997,1.2403570282421779,20.863567071564752,LOW
0.4224399543949654,38.73840713292667,40.80356125016328,1.2311642487296413,7.795883071105366,LOW
3.1039030879061684,36.91377638389043,58.64712099338147,0.9105159735482156,44.786261295911565,WARNING
0.36291926882964487,39.92647196114785,28.786170278064944,1.3914670863699337,9.58996504247521,LOW
2.9069190702578327,64.31833032893397,20.73422897516567,0.655888823402511,64.41342197031136,WARNING
3.188685003708895,45.339714155505064,21.441495099967497,0.9663895623438672,60.017072489446875,WARNING
0.30231535024094214,29.674274855725894,40.73871182656535,1.1108236573087795,6.399233791637706,LOW
4.394807467461085,236.32803254491859,18.505292833139286,0.04406897066333377,95.68060288332694,CRITICAL
5.89495446879125,282.68579805873935,4.291130426600045,0.190216516803295,100.0,CRITICAL
0.43369028457920444,26.855077648554197,41.753436485944654,1.2324249018520261,6.5836226062830505,LOW
3.492739115300182,49.9554649778713,44.61603018836959,0.6826221008076859,59.9497863162473,WARNING
3.5423589504923214,133.7879950264146,12.676196764508916,0.2844632149727708,78.37083568009882,CRITICAL
2.0300175854431624,42.64274893812794,40.69605159299864,0.5074805991281504,38.14001036835987,LOW
3.3886275395829584,62.267281162530395,36.58943210119975,0.9651755885665338,58.352526820476086,WARNING
2.3000133816691215,36.54211806744099,47.03246542970932,0.7799415827884919,38.289636271167836,LOW
3.479573257443338,56.67948650552043,24.524230260068794,0.9141367824079942,68.59711600833468,CRITICAL
1.5768740814734448,48.284283840002054,37.871820558573646,1.2980150804749004,21.27173829024654,LOW
1.3091081408482221,40.05092467750984,37.140682779376576,1.0992050505967814,19.6569728174857,LOW
1.6041161371478196,29.02816312756225,31.464931189419755,1.3855680240854111,17.623770969692384,LOW
3.1625670686634786,149.68615140132272,13.565577354287116,0.20597998844169557,79.5581001674552,CRITICAL
3.244953508365956,131.07897392127046,34.33046124796208,0.5435945564128467,71.40552462643583,CRITICAL
1.7111462172939218,24.706321842364332,33.64381522142456,1.251886721862317,23.483142703532714,LOW
3.4593415840815425,32.78677632507011,42.95846070006519,0.9315143896251423,48.71889126838986,WARNING
2.4981108362357305,37.74708926689679,53.96138053133892,0.7607997564955609,39.75060344561745,LOW
3.806016504603069,128.50802556415672,10.150765100959358,0.37112938265529993,81.35858905657297,CRITICAL
2.3950454284971188,40.49323386395606,43.9639730041101,0.544464761377512,39.662419727920714,LOW
0.8072660608535356,38.82657818031449,32.19227033095792,1.2114382342333894,11.290312870912883,LOW
3.054904890910774,127.13740353208846,36.73847994483252,0.5215538834941014,72.3679264756311,CRITICAL
0.6622600630625478,38.68191754828419,13.370822367230621,1.4059308499162921,22.484837337727054,LOW
1.4637450351508388,37.1927250087988,43.23689963287402,1.0207979781282348,24.431233293985798,LOW
0.8087134897692654,15.951531353966114,32.33537910280887,1.4586744507533744,10.809970258040822,LOW
0.42017782257244995,11.216941586163426,23.125887220602745,1.4540947978482515,4.130401179110515,LOW
1.2521785758132207,28.059837564777766,47.5387284946325,1.0612595712685469,15.848160165087522,LOW
3.604940813197755,122.98635165829913,25.957320906439072,0.23674013489168041,80.56843584701663,CRITICAL
1.9990598604461813,43.40917163384059,45.73836216668464,1.4116131796232496,24.05627220693678,LOW
0.6766692372684118,14.344296093859704,28.91173381206332,1.338563744286951,8.278684602637012,LOW
3.749217165090898,145.70099170449538,11.616948711813663,0.2048719341666166,81.38836027007245,CRITICAL
0.7286854666182091,20.791842315694566,30.45745625206349,1.2200742236120663,12.954315417174415,LOW
3.0090704172506544,49.35652544855742,30.05230748568627,0.5831002684043727,61.20762117381739,WARNING
3.0003580800263157,41.70140876534373,43.52344983418791,0.785344830788424,44.61039940219646,WARNING
1.144960074129342,29.671625304946723,32.61825464296433,1.3577529773105643,14.42293914558934,LOW
0.22659319697971192,49.0431874488587,48.27967075481766,1.030218272470282,7.98023403453458,LOW
0.453865382769572,29.41379588537672,43.20708971998349,1.475305887371445,2.0362843229227092,LOW
2.4680019591626756,75.49118204160303,54.81601852423348,0.7791158751398305,52.11746458401871,WARNING
0.6574403836076588,11.336719788202378,42.63283404101181,1.225191606519504,9.573610803411446,LOW
3.124614207707521,140.0359191769279,36.92526505325062,0.5786831660135552,66.58818067543763,CRITICAL
0.5125667676715765,24.94563273866794,23.31648384925613,1.08807695625143,10.382479062093399,LOW
3.032109580482058,125.07075492885885,32.888466355346836,0.5037946276753228,75.18468303692033,CRITICAL
3.729033742829494,144.94670431533874,19.979697994626743,0.4012837667006172,80.29065263565293,CRITICAL
0.43638225960395505,11.14080099354593,46.37216585624198,1.0041115656944457,10.493413815036094,LOW
2.2282218303792747,75.61148109998,55.71183758359543,0.8269505731846287,45.8922405404338,WARNING
1.7979324332719135,21.660677126047695,32.508461733688115,1.0498654861719412,28.121620882136547,LOW
3.140770457771213,95.74277640112851,26.74402474384645,0.5056372000851925,69.12741816264884,CRITICAL
1.5385861025841345,49.40829303644375,42.39652481224362,1.2301033090783076,25.472127359083856,LOW
3.40984767311835,116.74538589704272,24.3138930218705,0.37904954906620997,77.36861839486502,CRITICAL
0.5905005185511087,11.509892678697335,33.327806475321836,1.1149807077005172,14.101639891080286,LOW
1.3422769312725875,37.24837031286195,40.08619569030664,1.2517884481692958,18.88926818790283,LOW
1.9675953510784203,20.965446687677534,18.10627687961724,1.2210770568932914,30.353462034594898,LOW
1.9591394828764026,33.53734225665699,32.278083666567014,1.32789813994986,24.67949299725649,LOW
3.074260815434646,50.83745303120266,50.29182288284772,0.6135006496692104,49.73819932571907,WARNING
0.4066922766063905,24.879790391566473,43.88048141556334,1.413956031074532,7.8914448126825185,LOW
2.3618101619420346,38.40705429473735,58.88383972849244,0.8087786566048092,33.8463849649852,LOW
4.675511974264458,255.45475499611973,4.452072730824755,0.07836005138217388,98.43488391257807,CRITICAL
0.5994733337797193,11.429935778634587,38.176944859099464,1.2460583285429307,9.645410885152456,LOW
0.4262185869441333,14.101381524505761,34.50371233103506,1.047105181806247,11.217634130633789,LOW
2.1094524993885315,71.05630522425898,39.72140486160819,0.9233915135844146,47.55348784109428,WARNING
3.022749548049288,79.67507801978542,29.293421836960725,0.8119727873806941,65.02312446810106,CRITICAL
0.3265342978539315,35.963669621541925,32.686523516535686,1.2767147805818637,7.784113159800874,LOW
0.9916756930840134,46.98491271370114,25.903674772425866,1.3124612348942282,24.313307471271695,LOW
3.2869279181035047,49.56890466818734,55.54772859139193,0.6201135831977727,53.55506159316569,WARNING
0.20092918597810208,41.823273461691315,26.682209449308225,1.1145583069556995,15.34073838836722,LOW
3.5535308853571834,123.12775602910048,24.229767116508732,0.35666661715152354,78.86793650301294,CRITICAL
3.125612703520302,109.29127528013595,20.33685723963626,0.3992602881004593,75.52381004808362,CRITICAL
1.0749688528752264,19.696752555488434,17.373253959527652,1.0324171093930956,12.760742438562657,LOW
2.6411628812848402,61.33218416558792,49.10373373218974,0.8396583326567768,42.121424449424985,WARNING
1.316092714167107,29.791774197674936,43.965289919540425,1.437350992163356,13.817921620787136,LOW
0.35884393793687874,35.21603704143998,22.049029922491176,1.0092853593825495,16.19233003196873,LOW
3.7174344508782537,133.3857442938039,16.04384487379481,0.29367777024672514,83.0498733807787,CRITICAL
2.258149778974793,45.271584634151615,32.858499117912174,0.5798149666263821,46.47068968010759,WARNING
0.1540690445034527,35.17419770515754,49.039324775698,1.1656069073115607,4.744565871451307,LOW
1.1837359181983085,46.25416844382585,41.36247119313915,1.311257934206358,18.280854260312204,LOW
1.389996306133273,39.00384075590603,48.60126491639675,1.1301986793725358,16.28672463094998,LOW
1.136656082411586,38.27162017587258,41.61629903531952,1.0968694665124052,17.376937395870293,LOW
1.7349718245161456,28.95040614954881,41.98314576408012,1.290309880241177,19.156429089745718,LOW
2.4990094797954856,71.57083109651556,30.982892622040865,0.7730494040016453,59.41797400458181,WARNING
0.6067365182107071,48.679400721121496,16.402964219469226,1.3936629187286975,20.653993642417554,LOW
4.039802967480155,254.85411210631423,5.058236111125742,0.012146347298491332,91.94999041199684,CRITICAL
1.2169828146665853,30.055859143812974,44.9353665748419,1.0420008572603128,18.702789222713037,LOW
3.020164547649916,63.45400084311416,57.69337979740148,0.9115437645034402,47.58444765606106,WARNING
0.6892797200725239,28.05346900616389,25.3677673970391,1.2161669499393326,10.850552503235368,LOW
4.177265949499161,288.3346304758095,9.604734269420534,0.18712267364986235,90.14771026832167,CRITICAL
0.8780851125295565,24.989240901430392,47.0211728658758,1.4144649455965062,12.046572599551736,LOW
0.30543436970648247,27.114780594119647,13.946295069312363,1.3095465476355599,12.32281763688092,LOW
0.7015330619840288,37.08762894690622,29.361557609113937,1.489134742999494,8.706233040846703,LOW
3.3590707790431513,83.18405790305923,35.368789003450566,0.5644937241258685,73.51666614710922,CRITICAL
4.517168443105548,258.6307369212555,18.16069752671443,0.07070613429921283,99.74491890859142,CRITICAL
3.309481579194867,148.34892556688393,18.43780061141424,0.581374329903134,73.23624907807287,CRITICAL
2.716815615684096,41.174715712792,48.22383159105968,0.5954047457231535,44.52049603820427,WARNING
2.3798680445603764,77.7810689890678,21.145247753426112,0.5998641400556183,59.40404894872301,WARNING
1.033563271510692,44.89862093034156,38.482536856366835,1.2899809902675554,13.491016763706778,LOW
1.4185850059396237,16.656571372437593,41.45469543846792,1.1250283792550766,16.954926193035035,LOW
3.126544458713408,119.5951417669352,14.261848283291867,0.48191833445287463,69.91291440619314,CRITICAL
3.4346076538672534,114.16645821854831,37.822685094482864,0.40839655545974285,82.3704116850386,CRITICAL
2.1603250626305472,71.0555263870758,37.42020109813037,0.5361742549487427,54.28380246944985,WARNING
2.565424957529408,35.0183747547527,45.351161581730025,0.9400656767168208,40.65845455674784,WARNING
1.2429421621214416,34.25267789498128,24.601012161552923,1.4522369636406438,17.82780105960388,LOW
2.6971763089062515,79.87568728309479,39.74001456290466,0.5891991259642906,67.49255032124984,CRITICAL
3.1828726476627063,65.40118919989558,30.16871316266753,0.9310420429201157,64.41648056797611,WARNING
3.194152696618549,89.13189455859758,39.26814905767336,0.5473295854601472,76.14754244975215,CRITICAL
2.0768095237854935,67.27515426763864,40.21328133343521,0.8238545373951149,48.092433169348496,WARNING
2.7377169834836836,38.58945547388834,31.148548605645956,0.579426345971978,48.214224622933514,WARNING
2.9152678643549628,37.69870648719145,51.7486970314085,0.8926014339564126,42.20953015721492,WARNING
0.6484659750833748,47.51951461837988,43.02685783917912,1.348898516531262,10.437090855018461,LOW
2.2811169319756655,52.41132910541123,44.0410350995476,0.6636883400576996,40.835818307822144,WARNING
3.260674372458208,46.180473471703536,53.546286179698285,0.5517882830515075,52.26893525846692,WARNING
1.3193732684379214,28.87749463021177,46.31562401651331,1.1815945980454245,18.99810926931294,LOW
1.0513963216739768,28.237847430746452,23.77712184868753,1.3468706493491642,16.127766519796204,LOW
4.533312384265009,257.4140223734942,7.885164709914905,0.20312459158533241,98.81473164759151,CRITICAL
1.9881688952590701,39.15608543163,48.09965201737298,1.417484774740593,21.000861388510852,LOW
0.13844884201590585,30.959726698586685,30.20231201081635,1.262625232415244,4.389130312766537,LOW
5.822908006909678,174.2569167495162,7.377650431117784,0.12718685383897857,100.0,CRITICAL
2.8581497254574373,72.65067794939628,52.23712613661434,0.5661057614101499,56.3361536353099,WARNING
2.6531541933530534,44.73244515312503,22.000752836087454,0.7436247801727255,50.91770613629266,WARNING
3.1542280809733807,42.23947595147124,21.97789746717389,0.9243763502826174,55.028292182331604,WARNING
1.8805137384507968,35.10479495930824,22.87386540805281,1.123238954788368,33.49696779060427,LOW
1.1043966913195766,33.60465689377883,21.92166793387658,1.0175324745093595,21.65537682816567,LOW
0.15005993116844346,39.56498668546185,22.720388192571924,1.3981500929838317,8.239632653713144,LOW
3.069547184562656,43.675143291485355,24.863493981341076,0.7780286675957307,52.205022108215445,WARNING
0.940733495969271,35.877868333492216,29.765029645650824,1.3101394085504214,18.328102244723627,LOW
2.8012848377129287,63.945151042985344,54.94238409090451,0.7161356438940842,49.58086431823699,WARNING
1.5520666796195222,33.30215348167976,12.840271208903541,1.4460560078455407,28.565965525627874,LOW
0.7282026142331298,13.612742411962921,32.506164786852366,1.2395203628373068,9.571610427952107,LOW
1.2637300634844584,39.51812481011754,40.69113204214593,1.4526865941312137,15.248562851193032,LOW
3.296501571023939,91.14981261446209,23.0616818838404,0.36075948318238665,75.58317887936252,CRITICAL
2.8750793484916217,67.49934921899876,40.395597928224404,0.5524113204703828,60.32531365751576,WARNING
4.235720217359541,293.7376758348755,1.8202361376503395,0.06931084138411783,95.40094228825062,CRITICAL
1.4397149786140904,44.01194946287167,27.362843272639218,1.4642610375212148,28.185704320272215,LOW
3.296800205051839,104.7986004929338,37.178557575839335,0.5603853984155055,75.59362313937758,CRITICAL
5.8036766328833425,169.10580540500413,16.474485722739747,0.12295154343287822,100.0,CRITICAL
2.794662372885198,46.086851492913894,23.000883555716726,0.9478256152009592,53.3516617292024,WARNING
3.1395267805596694,134.3737789945051,28.7753999815183,0.3636575151670489,74.89650230929118,CRITICAL
2.8216098642037055,60.4784266949232,23.64264728328724,0.7369598804555959,62.0392025225013,WARNING
0.49592899011676816,36.45215849147467,46.450246073371524,1.2018783052391733,10.11165235679468,LOW
3.748318801122491,140.8130061375611,26.09664013032398,0.5007504977476763,77.64482212212856,CRITICAL
0.7617217691900637,25.581966579260897,30.45182984984138,1.4645381801284119,7.1630886085567145,LOW
1.2680648109968984,46.1110419105818,48.49166166690347,1.3268014762676132,13.751728223750654,LOW
3.525202200230797,94.58288628020279,25.740652362804322,0.4220330405750604,76.37919053983565,CRITICAL
0.791652191507676,48.377583829646596,27.757798413068755,1.3775469836490732,21.292124695800954,LOW
2.398316277204862,58.59348446858661,55.772115732745924,0.7375988597284747,41.09962939609544,WARNING
3.844426333120087,119.83990993179879,21.470937937501326,0.5738232290173126,80.63135144180464,CRITICAL
1.1237567977743712,27.84457228500751,32.59273255840789,1.2352525394961635,19.417242537306407,LOW
0.10643691116701437,19.811603745745717,38.18344128533401,1.0495972650564394,4.418405529622881,LOW
3.2150225693561847,94.3215530004243,15.445238848644866,0.2055926851885459,77.68156170271341,CRITICAL
2.2822999725197937,44.26389984704399,39.037067894598536,0.9771729758116504,37.32503242320108,LOW
1.4901272174477873,27.577928931716812,21.91389393440087,1.2279579685110569,24.620667052481604,LOW
1.9146872567148034,17.720599416227945,45.30968304828322,1.4047366048077172,21.607621820501738,LOW
4.955781321891499,259.10959407689273,7.414213140755681,0.05531047140590815,100.0,CRITICAL
4.192492982281433,238.38175851789305,12.529277105081118,0.16142386286221627,91.2745501303465,CRITICAL
2.1742711625178366,57.75092621026455,31.488502845094462,0.9700880316505283,47.40522754633058,WARNING
1.0671065464169747,45.512724598599945,37.75031681396301,1.197314534953016,16.56602144754723,LOW
0.9658980466161209,17.081657642396255,35.36003069663953,1.1820764095523026,14.769207889845088,LOW
2.546303333974274,40.49659158367422,51.04607456422492,0.7432045494955433,41.90338595657016,WARNING
0.47083176857601183,16.616036180054362,41.0864478482238,1.1144935926501558,4.64596805667488,LOW
3.3157323505567913,73.38736950408654,38.043042872994384,0.5076831253673617,74.63331506798535,CRITICAL
1.2517677211058669,32.31059036392247,36.05344423200822,1.0770378662365419,16.82136520965301,LOW
2.5086314198940203,65.49477166907268,21.914623956244284,0.7039300127954566,61.729949121145566,WARNING
2.3403057744972413,69.76435223986113,45.231189324197274,0.7937808860748992,49.02094382475182,WARNING
2.7086931708723356,64.915666197028,37.347877324278386,0.6011365908710151,54.15944284826992,WARNING
0.11102716080158809,22.038308622346896,39.956705619140784,1.3970813544188048,4.186525516257023,LOW
3.0836501345336194,34.25218106530356,28.799645075877226,0.5044074166472363,53.78739454126576,WARNING
2.516657432642765,69.33262580381734,33.55744879748105,0.9096668761494305,55.66457016124528,WARNING
0.8761260388763192,23.948112433719135,40.5458813009288,1.0484756963133575,14.42482528165954,LOW
1.6907559990793728,12.67188309048688,47.693740306854295,1.4931584211360065,18.785666640580477,LOW
1.5751436004401795,33.83707248466935,35.774628019702696,1.378754911409253,18.271055343997524,LOW
1.6830979681294986,38.22479216720576,33.093669007854814,1.4448676673915284,20.497325289228797,LOW
1.0386814471778933,12.208705070016226,48.18550053440223,1.0642886303984391,17.605432896697362,LOW
2.7593465541363202,31.28161249422113,56.989899034574464,0.9259184044094666,38.00230314911908,LOW
0.7904457109210405,20.21713124184362,30.26764804025195,1.4832046480617145,8.406422104774522,LOW
3.334896583835147,62.543941874788864,39.00986106348802,0.9273037813666856,62.721151431572906,WARNING
0.34474484014967743,44.212578574517536,33.49660655170667,1.4445461991244801,9.374463247270846,LOW
3.053628390371449,115.06785113012079,21.248936472235876,0.4503433588280468,70.03737870152091,CRITICAL
3.0630928698573494,36.7215541417867,52.56267623805067,0.8030547999264865,48.58187622863238,WARNING
3.3395289191306934,87.5702159636039,25.19503603110776,0.23432430868377555,78.38605640334262,CRITICAL
0.22510011256644386,34.88667696694431,33.40881317563821,1.1404416365338,11.051612403617463,LOW
3.304110007342837,111.48077874144744,26.312873677559672,0.24009275127051444,77.15137829141541,CRITICAL
0.8358532299831268,34.008101883703226,30.546106872853183,1.347270987018637,13.372223496287912,LOW
0.6406271595169066,42.76922307360409,13.195747511654435,1.4277429773479788,24.7017105613661,LOW
0.22572057127784362,18.637528160805402,15.11415271634782,1.156202948839816,5.443627904736621,LOW
2.883139195347514,69.49340536898714,46.24959572993434,0.8043791625647765,54.52064849984617,WARNING
1.700115457116628,19.200018101935996,10.228837261678585,1.3256599486131195,21.153374347034877,LOW
1.7912187589886377,44.361853188266245,13.069094877128236,1.0531942027070387,47.07636035506724,WARNING
1.4619156617288043,33.79664083675486,22.992964389942188,1.0126857440211579,27.837260036172598,LOW
2.322130498737624,71.72368717313142,36.8116104021702,0.7885387213158828,52.103756626668385,WARNING
2.6496203054031966,39.60209967795021,56.17701369268601,0.5990520971205437,42.918339026902686,WARNING
0.13853195015809794,34.89261425817057,36.467002428701214,1.155520852528492,3.7039447704417063,LOW
2.087200686540243,76.45581763456627,28.90084176709786,0.9998366026210461,48.61034065592255,WARNING
1.5659382688935173,18.936501797185002,13.233872065730159,1.4374666621753245,20.66288882931943,LOW
2.8355988990258756,72.64780568368744,32.602238772746176,0.7618361999994926,66.41879465724485,CRITICAL
0.7724210698880315,45.65820258225489,16.63511698650142,1.074754319760348,31.584351660554958,LOW
0.8423631402837858,47.86255371914975,19.86469690762696,1.3341803510586971,26.430034729669252,LOW
2.6721930491977393,76.87629933797915,49.46626940875162,0.7289622899304489,59.8348194642557,WARNING
3.318046375739114,47.84443311402006,31.995429602232196,0.6069194447476322,62.01407349729363,WARNING
0.18172653232210514,44.802207724371314,37.13572585623629,1.330266207718243,10.021311725023622,LOW
1.7537805742607706,24.377801047289566,47.06830017356362,1.34932849004062,22.748450902828676,LOW
1.1717613512083878,31.321222459530222,15.515952869213358,1.2956214528753072,22.25969816528077,LOW
3.6414903690642877,141.3843252309593,30.281680150397595,0.34279347685604517,80.36984680208552,CRITICAL
3.0136201405207657,78.01261626007188,30.14677836486786,0.9374885293120588,64.79188582636483,WARNING
3.3978785874773685,146.711132322831,31.083486314979247,0.21680230696752478,80.18623119425398,CRITICAL
3.4844728090331927,112.22288893444829,26.993998179389028,0.2597538187084912,82.19883460762128,CRITICAL
0.6185426046163054,10.09818345775377,26.628452365993933,1.3641577552468673,7.759372959290055,LOW
3.4177846416905098,60.425230648539326,30.185074666115817,0.9620739745683495,65.30686188328323,CRITICAL
3.386474532511144,65.61970142364609,34.734980303389364,0.8565141011445483,68.72999592984854,CRITICAL
0.8341895674781042,26.25292127382317,16.673529376833386,1.011542740275885,20.385648272033407,LOW
3.9882034927269743,104.24544521759461,27.981376667833054,0.5748579867260488,80.40837521276289,CRITICAL
1.463526614051211,40.19914932596653,13.559021434773534,1.4306246925915325,30.65967848686983,LOW
2.401500139654164,75.5798443280137,34.73051159487653,0.5227750779826763,57.50926178692032,WARNING
1.1091079028338955,26.32887290352928,20.953700763970367,1.0656616248821587,17.79216686865781,LOW
3.077662212103312,49.601476740179564,56.197180679272606,0.7800019946144592,44.216988571225706,WARNING
1.3286782310038199,48.11215392996693,41.78209177686822,1.020006565267562,23.226358336219516,LOW
1.4303563655778675,43.050765994503244,39.25380380741086,1.4946666434141376,13.617112584113483,LOW
1.7624800405464007,40.66490660697944,24.487150302325844,1.3670622718284844,30.353802189423636,LOW
2.43843525906388,62.788865089209004,45.66479994857636,0.6047431113597999,49.219938089852036,WARNING
0.9238829151131803,32.780474773776845,45.064211134823935,1.4641083978237972,12.974519603903069,LOW
1.5175560974884967,18.192060997566678,24.842589392141257,1.3171139994068075,19.706572696149678,LOW
1.4726764896440125,43.421420050726674,25.965666443758057,1.223971208588582,29.538608668599984,LOW
0.715554602466924,37.155129295623865,32.52792369792645,1.0811147855482486,16.111229466049263,LOW
1.8099682260694427,37.526977468890536,49.43897270742078,1.3835062649903846,21.62115774939902,LOW
1.7385682693568694,44.17070770630123,10.892068195945743,1.3047525612247155,43.13726531156326,WARNING
0.8897559028508534,43.281629568751036,22.393590861107132,1.4715244053188101,20.762355821648683,LOW
2.3782927421418774,46.237530448360104,53.391939703197615,0.8809026274774763,34.575311166213105,LOW
1.1145174391763744,12.467211850123817,18.34983529594517,1.2429102794301996,15.337751973573848,LOW
3.4106020583932786,57.72562778454825,44.00874444247877,0.9884855273131304,56.00406893714143,WARNING
2.04617985329112,66.19013883152616,56.21874768549662,0.8977901248971634,40.48596906800778,WARNING
4.181324177018677,250.0867242949859,5.6679538914118766,0.192027118975851,92.78793761643594,CRITICAL
2.2301852481622433,40.33733228701196,44.86518312172854,0.5641149736518871,40.33945192413445,WARNING
1.0273142969123596,47.645613405833615,19.085963553477853,1.1948130086790052,27.685408724973488,LOW
3.1330083942559583,75.08266933563526,56.61891950294061,0.8883200371863115,53.80000836464004,WARNING
2.9916958802385754,32.19858208107274,53.463751165238044,0.6243716331455911,47.57030180536049,WARNING
1.3690740973659106,27.176751474090132,27.651512111997736,1.03281399766787,23.979171853014527,LOW
3.4134971370633718,109.65100788153552,31.078813189709564,0.5771088004421105,73.4252645164872,CRITICAL
0.93627399242208,41.83892974209205,34.38774277496154,1.0552931719819774,16.701139309729104,LOW
2.7936549014906578,73.81016811124924,38.49977096049753,0.6397212111179471,63.98115753096985,WARNING
1.7610785657002386,16.840434176729136,27.03474243532575,1.0935865574634736,25.27349103582397,LOW
0.786089317190287,44.088568268919175,32.150958171777525,1.3589339255656319,18.79405368836109,LOW
3.901741676040642,102.99563380365042,38.57353789439156,0.20995035280584218,87.53535677835329,CRITICAL
0.6188547556105048,22.10489140327555,34.49253539387689,1.219166387807177,9.417437874266026,LOW
3.3423659638469987,63.70996874714303,28.17866880790302,0.9663409511802511,64.74069195840958,WARNING
1.1704291072657147,14.550498499226073,15.55103536450523,1.1500152402977484,16.0173211613725,LOW
1.2480550696310704,42.66981117890726,40.4539862481157,1.1312422273582383,17.854517159226866,LOW
2.8815035772098905,45.89696648534114,42.15323663471294,0.865353442181443,41.51632182192849,WARNING
0.12127867998583783,28.32267756291565,15.273464712140568,1.3321721457323572,9.30758402244652,LOW
1.1421188129233366,14.642138375382757,10.92427411149921,1.0255658190533485,17.237417574183294,LOW
4.284572437221872,256.2717379705253,1.358524084456525,0.03244810567055465,88.97108641325585,CRITICAL
5.8896709060414745,266.94129638136974,12.042036602546995,0.1364880952179033,100.0,CRITICAL
1.8994663392535553,34.11635245698742,33.16290110743978,1.1159505608844573,26.442437183215127,LOW
1.6901562268276549,11.105273314237225,43.35963048396386,1.0701425063939833,21.21962556640736,LOW
3.7297726373361573,91.52691837551136,26.974539785784042,0.32506252574208777,82.62154179235247,CRITICAL
0.8572330572942267,16.7954669922648,25.322627043431147,1.435808423164425,8.92028613787034,LOW
1.9080467687495972,47.8523559683355,15.795946372293841,1.0886556267613225,43.016383169394906,WARNING
0.6203564574402048,33.905159727822394,41.970638638398725,1.0666943085466298,14.006333303405555,LOW
1.85197604178743,40.0459347129033,33.591184031123134,1.384593394997964,29.167463842106756,LOW
0.5637796877359444,39.160536851718746,26.786891686290733,1.4906885521630975,11.110571355765208,LOW
1.8512820990090253,47.31850194268318,19.674117882589847,1.3991105907940067,38.13146058841826,LOW
1.5141770629409956,28.678696366551915,19.112030228514246,1.0996750644723432,26.714482486422007,LOW
1.5354398483270084,34.202859407230676,37.54517159602173,1.1411631753659712,20.70744639592635,LOW
3.9898921622398746,108.48153438372697,10.3289095939463,0.26791705582037895,86.23449105532535,CRITICAL
2.918118977305789,69.3932359792772,30.155360438442727,0.881815957773567,61.20330929870726,WARNING
2.2209107127474903,52.628225171779135,55.247893582225636,0.7105956899126954,39.162926118136625,LOW
3.590253365259694,93.43136991716497,27.433187340936893,0.40239333166282537,77.27395651562023,CRITICAL
0.23824851485529153,13.950762055950051,26.63666131730864,1.152690740984232,6.508423360574401,LOW
3.3757058053802704,133.050068545047,25.907425790987283,0.48163426745693416,77.79064047968828,CRITICAL
0.29040156319599664,36.94846590883395,10.31038593349698,1.237646488282754,19.95113486206508,LOW
1.292013458427188,49.17679492551409,28.576116252825837,1.4087491282628333,21.621265671750542,LOW
3.8899658687466814,135.00603256315821,18.887672599503524,0.41800336628957624,90.03939017967278,CRITICAL
0.9434417262884255,29.368522630391624,43.26560160677324,1.4480141826624966,9.561768217908082,LOW
3.1742786785013606,123.53173747232755,10.749127013023935,0.3598025901042257,74.08683554187282,CRITICAL
4.201387202207606,213.55397279994634,6.142999003799043,0.27152643701647927,89.67564518762666,CRITICAL
1.2915629487161233,23.45474847534839,36.88337562424252,1.0160598780339072,21.36204455320246,LOW
1.4041072422680225,18.49482621209991,44.303507030496064,1.0292954438550677,25.163512467673574,LOW
1.2587505964725216,39.04424273477674,22.57906543466042,1.414448555987939,21.66733046525877,LOW
2.5836845144225453,57.88211966715793,43.07043389743697,0.582767646346933,47.35388477442727,WARNING
1.54611011812199,29.301536298666907,47.61264612957057,1.146838206679218,19.87868449432399,LOW
1.5952179399101787,31.84098373283001,31.88112585697791,1.0266700815025918,21.20416534586915,LOW
4.616710141264621,282.67448021907956,13.524674700809548,0.10227492275762713,99.62152772243314,CRITICAL
3.2608038199237908,74.16841490154559,26.41575500024581,0.6697865706040849,70.5902033817976,CRITICAL
3.282230079488282,49.07871939127589,49.601437799367076,0.8138502068003699,49.35112083195518,WARNING
0.36801361903536445,38.372954111038695,44.182606757649616,1.342927246200746,6.012297624512884,LOW
2.165868780602989,71.91689102966926,42.22035913581933,0.8449845060708625,47.66258047038514,WARNING
4.167361976495394,285.18360344666837,2.522053919748186,0.11788764199100467,96.92490592130785,CRITICAL
3.2491380026790715,36.07555847688331,52.4027723291691,0.7406380752558084,50.45728043152757,WARNING
0.9054095287942966,30.368463409841702,47.80202213578414,1.2741018863960758,13.731874376490142,LOW
2.9103834203398105,58.24063905430911,54.43721930314784,0.91082329858225,46.422156793538335,WARNING
1.7123165483586684,26.5627447776177,20.147873199832432,1.4348842840069629,26.21878343992506,LOW
0.10746571070221383,29.818367716117777,14.00913026571537,1.3771879777624547,10.032602380580599,LOW
0.9429267285466095,13.48134260366217,21.466369937890107,1.390745121629286,11.707921880786998,LOW
3.67983675975772,136.77151825045587,13.269148879117473,0.3002927304008218,79.77249119431855,CRITICAL
3.715105613618089,124.76876784641178,29.913002083651,0.3656802217218574,80.7108649549799,CRITICAL
3.336159664985099,100.60252209618652,36.18388975238328,0.5187950619035941,78.21416005851617,CRITICAL
2.196102109186775,40.75357357325262,46.24911961635227,0.6925206189202058,35.74618814224416,LOW
2.527162510206025,38.3550043882817,21.335728194634296,0.69285835638051,52.03087290321371,WARNING
3.2389865877556767,94.45592154508488,39.09462355723121,0.21000164514023686,75.71476954486026,CRITICAL
1.8438248263982089,15.585693208383343,32.071171349027814,1.137027103714774,28.216980003617472,LOW
0.19485272276042026,14.622267953453552,12.854680555575202,1.3802790577599615,0.15022329937561452,LOW
1.8649987975879843,46.430072509525885,38.62705920490308,1.442341188710844,25.807506749791347,LOW
0.8241077194157373,34.54848727416912,34.945037891890564,1.2408499190061706,12.036678540221118,LOW
3.434980197888045,130.9104734067698,18.086850797573785,0.24006773049493196,79.18847928936819,CRITICAL
0.8656483202344489,10.661484982426831,42.59168006543584,1.1795967011945907,11.443290985575041,LOW
1.790418078122364,34.34750111531203,48.011362006819425,1.4993750171956584,20.82475369807264,LOW
0.6677258217582217,44.33424220636387,49.94445708149817,1.3148206171162287,10.390953471047531,LOW
1.1911137224884658,43.322277650568545,37.52455505044222,1.0105819069910191,23.274806800877517,LOW
0.3745038235297502,19.31888848312156,46.219579099653025,1.0184466444553841,8.761389254262319,LOW
2.8011525351287982,40.9134741426693,26.56964268892618,0.6183990172980594,50.874008806890565,WARNING
2.406766678566805,77.38012508038611,38.5546088571539,0.5293980082723185,59.315225840639776,WARNING
2.419391555784848,58.537187086665995,50.886100192298585,0.964004370887277,42.28573737496767,WARNING
0.7362282068980641,28.570656811437587,47.08699350943955,1.4506934284053286,6.061034002328878,LOW
0.3819322186132076,35.441614205275435,47.97981726956647,1.4983668851471907,3.8187333761642592,LOW
1.2381240105177633,44.25070614096325,14.69848291185536,1.3447822055259824,27.357145677611598,LOW
0.24432454523334202,37.816285943572225,20.109706749938123,1.155702822522439,15.060172134905295,LOW
1.7428523163907943,29.737771171309543,32.88587511145601,1.2847163415474272,20.20836130395927,LOW
2.1905843980365116,35.19368951394053,48.40580150386013,0.6044185102259919,37.062310332104225,LOW
1.0029321873033064,27.974052669181848,38.34316500259997,1.3117158967216804,15.244628327978056,LOW
0.7124332924208999,27.519909915822165,22.298486921341045,1.4924689344854318,11.653901409124693,LOW
3.1646546882560296,80.39159091173087,11.283498047418036,0.2976253804171701,75.06171311210393,CRITICAL
3.7367502209132275,95.09263441575332,21.978977680773575,0.40315768381251105,79.09121997571718,CRITICAL
3.8391216031061646,143.6802818335443,25.277357515086255,0.47770989857434515,81.8020438559016,CRITICAL
0.920262081550561,35.36202033226878,20.279437514151244,1.0260925288983804,21.132105174369762,LOW
0.14210311753459093,10.333989500550786,14.414202262315019,1.119744357285065,5.008986931361742,LOW
3.2869361830962625,63.90301883938376,31.843283565418012,0.7808080798957275,65.33550784375878,CRITICAL
3.0921567385516138,63.32692276488444,54.83241699102472,0.9350527291720522,46.35823949499063,WARNING
3.2273180020556946,30.282605242059237,59.67988036059404,0.5914468861645996,55.534702710599646,WARNING
1.7568564962014468,19.001615961767975,29.071808956015328,1.0662910900905895,23.50315412183588,LOW
0.8095820119061717,49.72683158393331,49.79252117215089,1.0573931393303062,13.226521219660373,LOW
2.077618219503652,31.509600766859432,24.21335576979857,0.982742828503967,33.936230267739276,LOW
2.8545569480531148,41.079671521972365,50.26491152359781,0.6547765847013254,44.72618497393759,WARNING
3.6567227064567307,110.54458360125281,33.69736005108536,0.5271658504186658,76.44352564944397,CRITICAL
3.164741038363272,82.9505291874054,23.621659678286477,0.5204839600974516,69.3775283665095,CRITICAL
3.379295943369249,56.660033218452014,24.00258686266133,0.7943444871680081,67.05957665562923,CRITICAL
0.12335225619577472,33.74610317787241,45.469375677836176,1.3353316580010497,3.7000176459779586,LOW
4.126067304999523,285.4501627727244,16.281365747733613,0.09427245614985148,92.02120595100881,CRITICAL
1.1107462955433467,24.271850226197383,41.688681326214066,1.3790646032484224,16.179664409464664,LOW
3.014830162431708,136.63722517761323,38.15386159374006,0.51572017964326,70.07439473054573,CRITICAL
3.4803705713273185,49.90215870520478,33.27625139589987,0.8122124635921962,60.209861286407246,WARNING
3.936773949523002,136.2186916325327,22.800219418474143,0.4539656941248256,83.03452183375282,CRITICAL
0.4224745355209586,10.00630978312227,38.72951979925137,1.0555486044229951,12.475669496173815,LOW
0.6659650298933073,32.41519440547073,25.91829109183077,1.3373369960115808,7.842056422928446,LOW
0.22735335017129318,45.828766989920055,37.67274344500203,1.0608090784098247,12.185481463334533,LOW
1.9522578135193618,37.2469020175802,26.69824284374966,1.3508655203778925,31.504470970819774,LOW
0.9167772404372111,10.441123370756014,47.06228460567352,1.3016539391944715,13.22959829704724,LOW
1.8472464969007296,46.59727607081186,49.567366574643835,1.4370282815694895,22.80886064222941,LOW
0.2870313431018825,49.176820547103986,21.840982060824416,1.435445895233903,18.11459429066045,LOW
0.13994713371724418,28.634852347854736,19.548587357402543,1.3449206417179822,6.44618395158019,LOW
0.837293613110987,17.424162558217326,41.68889388975714,1.20803511777664,12.507466475660376,LOW
1.0202515143170372,13.633527242456566,15.157492216792686,1.1198049160141026,14.325286030315667,LOW
1.1433958125014545,38.87412642132449,49.73491152640699,1.0657853559394632,19.69077771402183,LOW
1.419276189091015,43.28903134015622,43.85395119465693,1.3392317745385802,17.762052119805553,LOW
3.967812136991523,139.30102199021755,19.29275689775862,0.2784862604681181,87.0888812972809,CRITICAL
2.6795221255702826,73.88791710963665,24.00126684268615,0.6288700306557593,63.26646518735411,WARNING
0.8355952487025678,34.9037518625076,16.32530582877458,1.4303022451748548,19.03351720585902,LOW
1.8423412525730574,28.714796545357263,21.001610357629335,1.0709144143438374,30.823761163326683,LOW
0.8442827508992385,33.570870449483465,21.02743587610801,1.0876121461830577,19.917720922965678,LOW
3.420186758422431,35.0220208930983,26.223612975400314,0.9800063286263594,54.354576663636294,WARNING
1.3431820109147063,13.201302790637467,19.69319245814956,1.3868396732396253,15.750151342268955,LOW
3.391953592680567,51.43757041706772,54.792494632556924,0.7244777187391187,53.73315006204005,WARNING
3.210680397327563,123.70032805482887,12.180469467694445,0.5346842882333847,71.6743981452094,CRITICAL
0.23454793263295257,26.00876382155245,33.07688554398574,1.4274584792798855,3.2052870468909314,LOW
1.5233196001491542,32.6069302489575,27.915653793778525,1.1546344393960948,24.765188910869377,LOW
2.5080194066855466,67.85059338736801,41.75574785970564,0.938423887077056,47.49930139053439,WARNING
3.557219044930044,94.47887267004928,28.705234298686662,0.343086705976971,80.03690749545483,CRITICAL
3.453299738646543,130.85089506751916,12.866086229087115,0.3584097385209385,76.92768763032596,CRITICAL
1.3356945649413468,40.279790379586224,39.981064352316395,1.2549370281532015,16.36497961235666,LOW
3.437078082757475,88.67163957068934,26.933255249614398,0.5809205538404427,75.47603536483567,CRITICAL
3.395843040553359,51.41713972174803,33.255765557705494,0.9886207825002244,60.56953205365229,WARNING
3.3230435846186026,112.4646418152646,22.45234387023397,0.25963827146857354,77.29375677488768,CRITICAL
3.189356227680665,118.35095674460538,10.718841553728094,0.5056881935369234,73.4549154264234,CRITICAL
2.9383843752046293,32.58604412773267,28.441533208344616,0.5371654361767901,52.48875899137151,WARNING
2.9182247324200854,57.462563568894716,30.921151827034375,0.6222537486722126,57.666811868628876,WARNING
1.713234662316635,34.65917434164978,17.46044050016239,1.0886046899106199,34.33501797764809,LOW
2.6102961613089497,43.098778213925875,59.17803052451295,0.8986197875114001,40.630558706666335,WARNING
1.71037311292914,40.35727794458726,21.883221995119936,1.2132764271208198,32.485523800740175,LOW
2.4012677860308,71.00296828731268,59.82434846057704,0.5383099069648243,47.05297816919468,WARNING
1.6239188626905259,41.558035861649344,40.39988633323874,1.1744974676509554,27.721349886543486,LOW
4.655094541876986,288.4715831575287,5.387138363609882,0.29672233964211137,96.96152105916308,CRITICAL
2.6952672205378265,60.66952140318024,30.90124676160827,0.6370869287557333,61.43252779702519,WARNING
2.1538768404965314,72.61182624879555,44.054705079602655,0.9804277883923899,45.16997389267678,WARNING
2.2627622955562714,53.68916811539111,45.939903901888165,0.5141323505249888,42.961222314635805,WARNING
0.3622524569820039,36.93566316463323,33.84552246786139,1.14723204942058,6.741083726181689,LOW
0.2475310391712524,25.667791020433576,16.158974046627357,1.1884098030739854,12.958707286262271,LOW
0.7532627333916295,34.56124793794602,44.43420112173795,1.3766067193694387,13.452683023480123,LOW
2.543439497474729,48.25256387709027,55.17669241057584,0.5196217880202731,43.324061434666696,WARNING
2.7271670901356706,35.28894534470335,31.116880430774362,0.9451572281068257,42.637030939529986,WARNING
2.6201248627608633,33.634107792040545,48.56486109609222,0.8514254116980162,40.68201988291346,WARNING
1.2272150766771854,19.335818069136266,47.65036256710591,1.2943972645901147,20.606243875629655,LOW
0.9543917166817988,42.22739155507569,16.4646424292119,1.1464178112301302,24.802518458364837,LOW
2.1956802307660412,68.13430852273044,22.73406859402265,0.5062963063337473,61.45717330450617,WARNING
3.5813392169322986,104.6278827960768,16.97783910891551,0.44675431330432647,78.9720744083283,CRITICAL
5.270049132283219,216.4305759158836,9.822819382693242,0.20474371987105858,100.0,CRITICAL
0.7238689402403645,13.010889640144153,12.934430380676783,1.097919620947117,15.63016405689321,LOW
0.7374055600656525,13.294119613470325,32.01182092732518,1.1356342932415884,12.076034449453578,LOW
3.4657816086986273,35.56571607387751,28.485015948877596,0.7365472690496874,55.99966837510525,WARNING
4.205665632128315,157.9459359069151,17.112052541080562,0.27817946106209585,91.81644014759912,CRITICAL
0.31551211081709885,11.326966310230953,14.180302505708964,1.1047099084001404,8.479878186267747,LOW
3.1642091055372834,56.753687488960736,51.89955910852069,0.7979037661949848,50.79544930159792,WARNING
1.1661092066599614,31.34034344538054,42.93812215037283,1.4908636086908296,15.239435582482175,LOW
1.5759796019517482,24.856676479729284,11.575606515587467,1.1816230892810886,27.58171047544964,LOW
2.1788752515222,76.20172462151274,23.106896530913545,0.965003359916583,50.84082105032383,WARNING
1.507537792992214,34.0588440352483,36.86571685819781,1.19458230825674,23.27568265665713,LOW
1.9807482196719974,18.55691481998871,26.714247460885257,1.1459115937869837,29.313246186966886,LOW
0.2546416016026675,10.457307066888163,27.09802132969942,1.2051687971678855,8.00271599887459,LOW
4.9396041513953595,188.4627554363131,17.824588820629348,0.14732038489607355,100.0,CRITICAL
1.8940249815001948,33.58021536701702,23.78007420569847,1.3128335903157966,29.72016252783711,LOW
3.2739906004725903,115.35817029294721,38.76071961735266,0.26895845731938106,78.27639174001243,CRITICAL
2.5268294460013543,45.69396867418825,47.36838682353482,0.6077716425522727,45.22383260663301,WARNING
0.4575318275005442,10.33219364493319,48.80229440152278,1.2158514893282095,5.722081660219864,LOW
3.175554483141463,35.63035745196559,56.48257811505557,0.5973148236016124,51.8095402119156,WARNING
3.478450430131556,74.11982673831818,58.26255714244676,0.6712993856090597,64.94000946609879,WARNING
1.3534899112954386,22.943104161580475,23.64808289568614,1.3309588650789632,16.970270505040656,LOW
1.6428632567493884,16.236740386513084,41.59793079068154,1.0321176240287104,25.920435201308628,LOW
3.252679627739349,102.90341240802391,26.1136224486022,0.28462912259572093,74.05105501549224,CRITICAL
3.7736366450057606,90.17041983760471,23.914891954498962,0.5099311066618486,82.53329525720287,CRITICAL
1.2565086450057041,16.10611920002428,43.22333300457805,1.1777247317902393,14.833344027398452,LOW
1.6976890557518216,12.005760922872408,25.864351973373793,1.1850017702875157,24.45977026498929,LOW
2.095884746287908,65.7343724717477,41.09196532515176,0.9504339472007897,43.752988465414816,WARNING
1.1909077992582076,30.030210989639443,29.58243624910423,1.2280526997586063,17.701793795060254,LOW
1.921180922504951,20.43233708771105,37.309753585081644,1.4703585398195542,21.16865157034046,LOW
3.306909361426092,71.3740479878503,34.404708619560154,0.8000619699697482,68.82087979384151,CRITICAL
1.5130999484096466,31.122336875684983,26.44909450526642,1.1343985480834888,21.631414585798403,LOW
4.143421041769866,156.534102085863,4.345148009877291,0.2913217375883459,88.44335948542673,CRITICAL
4.2855697002791295,165.16877822724874,2.244230784945458,0.1719383769817694,94.12771467261881,CRITICAL
2.5500007668119498,78.89479938930633,37.37680552473318,0.5752242753866081,66.94156778758497,CRITICAL
3.458768289956593,121.55247782344173,18.0203413647656,0.45836661056220557,75.91491592605938,CRITICAL
4.098107145175588,282.9796006057752,11.245650055350456,0.07562959786868997,90.90418146712572,CRITICAL
0.44484549371459814,19.778088410266484,43.3139616636577,1.307205004658583,8.243212546643097,LOW
3.231968452157786,88.4797001694231,10.1826259292677,0.40314481504639754,75.83871859016071,CRITICAL
2.0231227491148087,70.84302402705111,32.021070289539836,0.5748367322918005,54.63907081395817,WARNING
0.990301628312764,26.99471708272044,21.55549197496907,1.0861091611035163,16.69551528623573,LOW
0.5135651645252827,15.467802979561451,32.05322198769205,1.302700185976672,9.731758463541691,LOW
3.020320056400502,44.616665564169125,33.21244021587386,0.840757267721169,49.09535141572548,WARNING
0.6169598993981575,13.532508848743113,43.20555609106614,1.4265556945785183,5.927785293453659,LOW
0.22306717909788332,39.55309749404718,18.46114503453655,1.19671774471843,18.00283593720145,LOW
0.73823630570271,15.369536763749743,12.966905211396895,1.4960858572242048,9.774602670052298,LOW
2.813144763797478,68.27492502026499,53.60308638750897,0.9033573840223638,47.0584176916177,WARNING
5.3308095852765085,293.48233630938097,4.028929632915876,0.25918710843450693,100.0,CRITICAL
1.9801731356518328,16.30754688292589,30.65359275353306,1.3964222669185609,22.083442262744285,LOW
4.850616300602306,240.61081508985956,1.090793213503014,0.252663024063078,98.6523868743138,CRITICAL
2.6060301542942206,30.808476997725986,43.666752823740154,0.506328914242081,43.6326487680473,WARNING
2.0805457819090614,45.670278073727815,25.977276085680764,0.7900881848982669,42.67736999318845,WARNING
3.0817037803985654,42.76156084592827,23.569990065463358,0.5393418284709489,61.41025435759496,WARNING
0.5878090425489437,14.035552084234357,34.22281095575721,1.3399364369735873,7.803898697673842,LOW
3.291695364567172,54.32129175130359,25.37828163068258,0.6447025653522063,68.62646943413648,CRITICAL
3.0244466280330307,61.86954251866497,55.25299557859807,0.7930081887391482,52.88308177703192,WARNING
2.3730607339497016,63.9091292294534,56.087764735307026,0.6928661639499166,44.42062135330905,WARNING
1.2048657882857374,15.207573968032095,48.69276688922365,1.405703751350328,15.785636372087225,LOW
0.33132879553058897,33.778954196504756,23.795566966927332,1.0174529295365546,10.252890701884272,LOW
1.623648745286367,46.60307061115224,40.2637573605652,1.4112111550081385,24.33145926644984,LOW
0.6007886067453418,18.34110161196751,40.60253725462256,1.4739585394672485,7.611678827838588,LOW
2.5814898508381985,51.28808074651526,23.012857286696192,0.515728597623013,59.05853270755606,WARNING
2.657643338016771,57.610753402731476,42.30644990489665,0.6386879066666507,46.277754217106875,WARNING
1.659283228462034,28.046560147503836,34.145780980239515,1.447760060190413,15.397616828090463,LOW
3.890422203779165,98.90034975255098,11.049474649241885,0.3044267199581317,85.41437676768486,CRITICAL
2.1225559394033433,36.76892980055506,26.227045021679018,0.8152108740844616,38.85305287916102,LOW
3.2894658658480944,77.03182754031215,28.06818229545767,0.6548862423620245,70.40336840564939,CRITICAL
3.5751125669393615,131.67343281271494,24.70357708380346,0.21154316533444983,78.95889435266186,CRITICAL
1.122053759408983,38.75156139280102,18.61322110114926,1.360954786996152,22.828006460410563,LOW
2.60604492549269,63.917531472751,50.559881972781724,0.9959633091540554,47.355753451311735,WARNING
0.8809774830917617,16.624802376406855,18.162922336072278,1.3466975012991889,10.473142644166233,LOW
0.6416890488276886,28.202068192325545,21.626013174614734,1.1167895415609332,16.317375306380328,LOW
2.0117673818609347,56.96152636682416,51.750672281190155,0.6331141431587342,40.93241927704913,WARNING
2.6687744512980767,47.32889939378896,53.43696292111254,0.8792229784999321,42.533397019682674,WARNING
0.29573646944019155,12.872301817818768,13.771039115957443,1.2914346805960215,5.441322443113182,LOW
2.441522249773067,68.16540385900649,49.81868152828221,0.6229135663166081,49.266021280074014,WARNING
3.121664957408151,49.872696283351345,28.416819349660727,0.7606354034459346,59.30435107635314,WARNING
1.3972381569936878,27.088121091273383,33.661151894214925,1.367032017511554,18.37723036263311,LOW
3.220975961859963,66.10777896583139,44.60293360074043,0.5753964079161757,62.61479281122627,WARNING
1.5335942841085728,38.865185440188,15.635404822815948,1.4385136356308186,27.28722701456576,LOW
1.6147921487314043,28.279214385120195,23.13089174232605,1.0791196313371068,27.34201909342151,LOW
2.183128132476849,35.63489302191626,22.89242299091166,0.8718836736867721,38.53928798389199,LOW
2.0876464862818627,58.01350377984865,23.387046209707595,0.9518728853044709,49.66941728136768,WARNING
3.8114530304136904,137.99770031489345,27.091235517097996,0.32242367928647037,84.31103786795057,CRITICAL
0.7216800418739654,35.13981720356249,16.906261433295956,1.1293201183186607,18.146331323991234,LOW
3.3847640426844947,67.40446828515633,46.65706456595652,0.7913607379918894,61.239470301870504,WARNING
0.45447133330585343,45.78841821707462,19.941440080513452,1.0456544387890805,22.10938765854312,LOW
0.1537413637528615,15.482717701617922,16.92814523039648,1.027205063875089,8.930549097923027,LOW
3.2555116937046757,48.66577031829705,54.983059068728025,0.6066732872800633,50.20003247666318,WARNING
2.6298043863054605,60.664167342094935,50.466996215767345,0.7728515080164742,45.63238737645024,WARNING
3.4028754715914995,44.953215480442154,34.36655754535813,0.8588516808546685,53.52953052353085,WARNING
0.9888922249369584,26.775593518735576,17.130992332881632,1.462215045892131,16.027054613814325,LOW
2.7220337481617785,64.00305141534183,55.891306885420875,0.5680870711807856,49.99423244818932,WARNING
2.054382343162291,79.20090750981802,38.19626411529589,0.6796155703108615,51.73885702736056,WARNING
0.4312777445366561,41.66295635720111,48.216566589843865,1.2068223774226992,12.294579497913613,LOW
1.1615744756038495,12.321853480740153,37.85053901202133,1.0264123222420682,18.023141102155762,LOW
3.8249469294605576,96.59541012893501,19.709883431074008,0.3925241514233173,79.24745713473526,CRITICAL
2.4466806098439484,32.774536053553035,20.10110199327636,0.5505755289592142,49.720851675044734,WARNING
3.4421469685750057,51.34830996406096,40.50735813799771,0.5734240845367131,58.051546369099526,WARNING
3.3998880013712807,39.78492696515198,50.58254872228408,0.511751211409162,55.49615296220078,WARNING
0.31042216487796714,24.09901766382798,16.94147678555534,1.1866524950614437,7.471605005097786,LOW
3.3782780768883645,50.02976870526362,27.693726259000858,0.6353613790979917,62.99966748359554,WARNING
3.571639723270148,111.85077226148701,14.489101645267802,0.3798909233295128,79.55853855484905,CRITICAL
3.083902541828198,116.165744248287,16.751750365440163,0.36431083580971624,72.75095077660089,CRITICAL
3.5275145198885447,103.39507053595318,16.236650623149913,0.5201299437625957,75.60031319708044,CRITICAL
0.7350681108985495,48.39373706954074,30.803597504233373,1.2003496406216265,24.65580278266819,LOW
3.168482758849413,47.00544682514344,27.148244837304354,0.7924680591695239,60.75569555644488,WARNING
3.371174120689113,85.27484273602242,38.750457508928264,0.3740047709749901,78.5520628699016,CRITICAL
2.9994579846924383,57.32568543506018,28.210301189450803,0.8775715250580707,59.990265110613585,WARNING
0.3164825479431721,13.358066459991353,23.58259382254115,1.1554230777586967,10.49780237281302,LOW
5.567245484886859,248.988644288859,10.352961780352102,0.0502102592179954,100.0,CRITICAL
1.0382179018599176,44.95992046452333,45.49164007109318,1.0054829580282236,17.508186148055646,LOW
3.2714842174998586,82.72806547778961,35.43370811088623,0.5455467023952834,75.91624614708516,CRITICAL
3.78630955271028,142.3073831409893,26.582423427901105,0.5870588370931235,83.077534331582,CRITICAL
4.233089219997265,277.4315639331183,9.99644515497178,0.11626990148994963,91.96165260769325,CRITICAL
3.30633585504,40.67307580694844,37.055595790777005,0.9697404438574377,49.91719303519185,WARNING
0.7808985014315568,27.62146592493513,30.778110660702254,1.3159956720657344,9.81861552849741,LOW
3.5337206613520804,103.69363572575844,29.738524843582425,0.48708890189739656,80.06359096393967,CRITICAL
2.084922459702085,38.49414375804125,31.41190883560913,0.6413128029757466,37.81503204637412,LOW
1.1030286730934562,18.6370240375583,45.378852543021104,1.0426843896632827,19.25022646910463,LOW
1.7139023119642909,34.633755776849426,21.69318063370534,1.2103801038882303,29.241009962192503,LOW
4.007009327062116,154.14446337126228,16.476810303423875,0.0598388060499156,90.85010871380139,CRITICAL
0.5505813391493543,27.044006159234407,39.222650817336195,1.3121677632756028,8.049648207251606,LOW
3.815007776983758,102.62328493822554,39.46793684067089,0.4834481601740524,77.86810797211018,CRITICAL
0.1668053552484135,16.7363179604012,39.114234722005875,1.091869462921214,5.293511381944754,LOW
3.3439606135835676,143.56924395924415,38.34626925731633,0.20245145892547234,78.59757237639646,CRITICAL
0.1468465058430965,46.347710652116234,30.736301789383035,1.0374720063492484,14.919252642444201,LOW
3.692909151568081,140.73332063323926,20.99369939019939,0.21728547981999935,81.25900303194592,CRITICAL
4.034345981324739,292.14774796216335,7.373548476982894,0.0030271215065644564,91.1695167156846,CRITICAL
3.109126870498798,39.05251802360738,58.36028347057738,0.819369628144619,44.62475626686393,WARNING
3.5400657152841717,108.99937933129178,39.315487197849876,0.4328485483279344,79.16997293107397,CRITICAL
0.17603731740411138,18.034048642044652,17.44033727423981,1.1273793975999227,10.896815713225694,LOW
0.7841244377463836,26.821507602755062,13.954653538240587,1.021180965976391,21.51064075444073,LOW
1.3054358882198696,43.107176288141616,27.107716364648184,1.3205597325259897,28.4387422466703,LOW
5.679248991723122,213.90012157536142,12.894336756294859,0.053121276574781925,100.0,CRITICAL
3.391457448785221,50.36674602516304,59.95379308738525,0.7896100176137789,51.439370170882015,WARNING
1.2148341137136374,20.982907827183865,11.299252881435788,1.4104266523473317,20.636037439886042,LOW
0.46922007236017116,48.9574229641771,24.465813110200784,1.3006881057215802,18.281604138428893,LOW
2.8407102232602526,75.73478717606073,46.97764285467474,0.701866502052465,59.06407470302818,WARNING
3.4258255579156343,61.26988149402064,52.67873801899505,0.8267803627725965,56.173592456639994,WARNING
3.9444878798452434,99.10452092729157,15.089832437701567,0.39359630013301594,82.00174583559676,CRITICAL
0.7515767200897401,48.75437341871154,37.79869842423387,1.200662721970612,18.46486568591534,LOW
0.7765703801340192,16.793577332049917,14.252232852518055,1.4533711862862768,9.347399519702535,LOW
0.48916036944412344,22.056996471942337,18.03482942766631,1.3871302842162256,7.5947730112440075,LOW
2.9524272736414727,49.36089285396024,56.36163765256944,0.98476627076751,41.87874801487197,WARNING
2.136875853923368,51.822419941155644,43.271650591108404,0.7610367855686666,38.07829921492801,LOW
1.130647031546693,48.352038170353914,18.240696171655042,1.3274156791970018,27.20800538157931,LOW
0.42587469553124213,32.593966839982976,38.133638180757295,1.10123928207069,9.822143190321917,LOW
2.273714496648844,60.67287133156286,36.47838719583196,0.8268997546668084,46.45532134148926,WARNING
0.3133182408249282,39.06962260917278,47.773289429931665,1.3053742474771548,2.781392403249581,LOW
3.1429546168957305,43.14071372764708,21.809185236808595,0.5009363719595843,60.06683610576989,WARNING
0.4411037557379668,14.979955930717912,46.595135224694815,1.0701336067295846,8.70445050201302,LOW
2.889658932668247,57.17447288543169,23.96225736863952,0.6593991808752756,62.746291028448304,WARNING
1.1671018132403217,37.71233575396402,31.284794408188258,1.2171183483056978,18.097305603442408,LOW
1.6992143593843072,18.7747226026108,39.36873358115476,1.3787411623700594,17.553504071009936,LOW
0.27710645919612714,11.837201289163598,14.464127978075672,1.0935725157311131,6.840051304072936,LOW
3.2737049542416834,41.78211659998435,57.406480429871124,0.9774539544675017,46.022364157810735,WARNING
2.8380221659058504,72.49878835547977,59.83964203784421,0.7540786532800738,50.37807351133933,WARNING
0.4532132519569073,10.191992992694829,30.364547699555168,1.2777593333512978,7.531580723890586,LOW
3.6280834765714354,138.82353667547582,14.449052044232413,0.5421344521209259,80.43107685282459,CRITICAL
2.2553495486574957,39.48817790730054,57.06002476176885,0.5161076802251865,35.994129251134495,LOW
3.2594440813534877,48.018906077828476,37.07608349291348,0.9909588922507071,51.60601675149791,WARNING
3.345806196397687,51.93811103258149,29.36304815936461,0.7059317326932258,61.96804369317968,WARNING
0.18860821087702173,27.293909533525262,43.09782943918453,1.0123318441490055,9.039016354095502,LOW
3.3987438117706095,41.846393075559114,47.745393629105926,0.9875509505501001,50.920985665172886,WARNING
2.5041175816133574,38.48884698790611,43.230443678090126,0.7418402228789333,42.04924148822804,WARNING
2.662040118028432,46.93198473432342,31.739143094360575,0.6057351600248733,50.78659508585237,WARNING
0.16948264348962058,17.456553886653072,39.87081778477716,1.1627344943383113,5.675797092796655,LOW
3.075326263395916,59.059267136605676,58.34790965461594,0.5107199333115566,50.85716802373956,WARNING
0.42765849576528425,34.052334552588164,38.48751927917969,1.1585368846815292,9.215219026824537,LOW
3.036380855106793,51.06699083055241,54.160621218218374,0.8857749676439086,45.678686787772456,WARNING
1.159284702867823,48.27553770531865,45.16248018209001,1.2022582015575658,16.422713046212955,LOW
0.5453709143756921,31.300594790260803,14.569938130322253,1.2746375040641242,15.103468602975632,LOW
1.0819211299121856,18.537915253041692,31.45718183593431,1.4176811770894462,14.788495526457528,LOW
2.9506826293175035,57.05151445314057,57.09062530525637,0.9659513422103017,39.24968593461457,LOW
0.45446003317166983,35.45377261272357,30.003693431289328,1.05165023890664,13.500080397967881,LOW
1.0113007167791008,45.50355962875433,32.655628825243895,1.3407675001042354,20.354179339671205,LOW
1.3523468339840052,12.023022643160415,29.732008649558367,1.1479963125719834,15.653864577544738,LOW
1.9257431199603168,17.30779250845531,22.449810103143875,1.2549462878654358,25.12111719720086,LOW
3.2845611473222034,45.500817791092445,35.7100073415484,0.6782781118441781,58.42269538229858,WARNING
3.044346861953601,101.5894762180076,30.382256727853896,0.42617739982613706,74.49494723300595,CRITICAL
0.9183615810552197,30.068119367053963,46.04756487818407,1.1304175814019881,9.445672420071048,LOW
3.644241400825982,81.42385817473208,31.738940106981808,0.21422075101962204,80.31343205005682,CRITICAL
0.7767172340974418,24.893512735415243,22.731061844779216,1.3105667034241657,9.63698216604838,LOW
1.707364455647425,42.49609936125261,29.059328314210816,1.426364982639274,25.567479304553725,LOW
3.3490091135276048,78.49627867829717,45.37812559022412,0.8820277949262192,70.53674467285342,CRITICAL
0.40535961129386067,39.32819219811906,27.25461825552008,1.2229826352022029,15.558822194860163,LOW
1.2911409306964017,16.951954285409588,12.553041388388543,1.1651788443495306,17.37768273407941,LOW
1.7890841132570314,12.198138154745063,17.064547702964916,1.2743598027915248,22.292410117916965,LOW
1.9773290897261848,36.35338801435353,24.616245236062273,1.2352161238316206,32.374499080159055,LOW
0.7552601890170985,35.96177869072856,45.31247195469483,1.0920650115405923,11.37683438232985,LOW
5.7579846155173,263.2023781302212,18.66945583895116,0.06603882625072924,100.0,CRITICAL
3.689991196354306,140.8831474697382,33.907346972278894,0.33859802527073,79.86219674317782,CRITICAL
0.3050208627236547,47.40306463921875,21.64013453601126,1.260311232585726,20.838511559282992,LOW
1.923863429108653,23.401966837539298,41.14183285690756,1.42770807731559,19.264029134883423,LOW
3.369343970459351,67.74658665361191,29.085054623674623,0.9441538737188526,66.20652880694344,CRITICAL
1.1948358823780751,43.25742477170844,17.53579069601969,1.3922550678387766,28.678639041273197,LOW
0.899296250377764,43.3137237146735,10.769268138270407,1.0561006833828215,31.618616921848187,LOW
4.5607883571807015,296.331479058593,3.650631020173478,0.10832833290220069,100.0,CRITICAL
2.7948487637075115,72.172022183237,29.397942513335707,0.7212354634967593,66.75212511098705,CRITICAL
1.2322890318883384,20.021776970852805,23.353682573735433,1.235625358311764,15.250489882905608,LOW
3.6946720036441993,80.56706591531257,28.501369923014046,0.23748994642388657,86.34046547796177,CRITICAL
3.4872615324177527,56.559939712075575,47.311180007765216,0.6186570804473758,61.776532180895266,WARNING
0.6045176506661479,27.817347011441207,38.48995567376056,1.1879419773978368,9.811731154059654,LOW
3.0944570512687193,105.95629382813932,31.268623702852658,0.29039470626459696,72.06230609884481,CRITICAL
0.32992986182243283,47.19939132536539,32.070035317582054,1.3981728877398245,13.146370507728292,LOW
1.2260514309823487,29.798085348199663,47.82951837609176,1.3737873180270552,11.467327955764382,LOW
3.2573419881895322,98.8883417303766,22.340387466445012,0.2973478853625504,80.98459086683746,CRITICAL
1.7290882086365216,32.331060976156635,44.45450875826267,1.415567382701848,21.61296804274281,LOW
1.838978579658441,26.170508602606123,25.747047355560856,1.1513776853089766,22.5325901589685,LOW
0.5783428344363513,24.99409091187218,41.99788194339527,1.417127751792586,6.286827333496411,LOW
3.052673331829697,142.24014733970498,16.57553036956995,0.4714156976857503,67.27824242680492,CRITICAL
2.829411122283878,72.96801123764106,24.062885745786453,0.6735140126628181,68.1194322630286,CRITICAL
1.6255666986111248,25.98553929975743,17.556554257347816,1.3794932202217414,24.492833147533503,LOW
1.0780580107433415,12.555031354475537,24.256714206311504,1.3005383995031963,9.465531233918439,LOW
0.5308621513664564,28.235303536964118,48.13019422883337,1.4252264588918953,8.797180513872515,LOW
0.15658349590974976,47.340972508665224,31.069989995229903,1.2689189115746538,11.394186506788255,LOW
1.9404595349788014,36.885947477296284,16.149801279831436,1.0666133739921766,40.783218906577865,WARNING
1.5567521813993632,21.815080153624642,10.855553867003191,1.472087181752831,21.737871551340238,LOW
1.84874067985007,45.16739671116392,28.27578219929712,1.2054499524959033,32.16258217369292,LOW
2.3651810179576485,32.609249598318144,57.56896544684827,0.5933494924385864,40.02596572560061,WARNING
0.1350249984314097,15.918189550958829,25.12619274242967,1.3418653467552695,0.6376558557183616,LOW
0.903727447859349,32.29380258865867,45.54369978493168,1.1630352511635618,13.463807059781514,LOW
2.1647896355791003,51.23417458484802,20.711405650499337,0.5167795908236256,51.66698511995374,WARNING
0.6665748664867659,43.80429196021649,34.08617224505817,1.226966480871495,15.008757153554953,LOW
1.796307377199254,49.93212622935833,17.259484994347947,1.0601914823873098,37.61350409495045,LOW
1.3559514106452977,36.45763353803099,43.916966491136435,1.3759131942131266,20.718394050377114,LOW
2.7691047054278375,53.782549222581835,45.80389782570613,0.7787372744878269,45.2653200249312,WARNING
2.9192821609450457,65.95982802568273,45.71214035131504,0.7598712432186336,54.52157144200143,WARNING
0.10269461825443937,32.398565885833726,33.626209064345645,1.4860244823878572,5.0178061130222,LOW
0.8488531613737923,18.07198325368761,12.821371809492877,1.3864022464308703,13.869518897122145,LOW
2.7068550309374713,73.81760565135957,37.75179363918915,0.6424543115208825,59.36794298437507,WARNING
3.8615642842499565,91.4827962953489,10.778830550617629,0.23599422253984828,80.89680394554355,CRITICAL
3.4531363314784995,102.06670398807148,38.23658586236972,0.5398070664770711,77.39862870422006,CRITICAL
3.512284743050213,135.26068791708184,15.380600777936557,0.4292891830224974,77.67224391857249,CRITICAL
1.5497368558497682,16.74276577568451,35.258942685310004,1.0428320970234863,26.330660638747318,LOW
3.291723887180361,95.85252841741764,13.87409212199003,0.5784008773356191,74.83785780841737,CRITICAL
1.0019827920139186,14.400849719659066,32.39364382335967,1.1234582475543953,16.79881320223005,LOW
5.593161880030294,211.94880902893314,3.0268251738306606,0.23559950734163518,100.0,CRITICAL
1.1580922127188793,41.48226615961465,22.572595148987688,1.0423349071376447,27.207134130720213,LOW
1.5214094582038775,18.86655372349553,18.796981921574968,1.4736135136733555,16.30129531089191,LOW
0.7464279588925447,22.725301253339634,48.26110996312036,1.3945369914408468,9.891908251192124,LOW
2.278944836087198,75.47627796811648,53.11481518024695,0.5818209206639618,49.69077361560775,WARNING
1.347962382376999,36.152186375373226,13.797280382624724,1.159425904468291,31.622938175040105,LOW
5.356853334017474,259.5112749904994,4.258345712086113,0.023634621301174295,100.0,CRITICAL
0.4662332115853751,32.990227626216175,23.12413903367287,1.4101725075237652,9.117090294788502,LOW
0.9827914346502344,10.5463134570432,29.267292898207682,1.0279191104382372,14.378260980731621,LOW
3.1381456260528164,39.53586265023726,42.72833363149964,0.907105449191434,46.36808645201975,WARNING
3.204488026800729,73.96617124348599,57.50728408637881,0.702760577601768,61.04149158634878,WARNING
3.4932803423965684,30.683882555232206,34.205328612631625,0.6405139631351012,55.3584321813662,WARNING
0.5228065867478829,38.36495363260916,13.390378931012874,1.370804416971669,17.293058433334007,LOW
1.2948351121545543,40.48684421934711,45.05942452349462,1.4260697819272379,16.580181029078542,LOW
5.162769790673022,286.29833420105393,16.170265465208217,0.26840028729420407,100.0,CRITICAL
0.8522880820465507,20.858426520839636,21.66635082003748,1.0616278099754408,14.113060350431335,LOW
3.009242314581078,101.87538198896418,15.232316296492451,0.4356155762433362,69.26506002169464,CRITICAL
1.340109174747759,14.852188182606545,17.020458098619848,1.123587372297259,17.806148873114147,LOW
4.79430499988584,239.84851359465398,4.830856254319558,0.14713785754724637,99.16012379175129,CRITICAL
1.406442714949394,49.71613963597058,25.8258728478685,1.3122793179586973,28.396851580553736,LOW
5.663069944893751,219.53283349540288,14.749789689198387,0.0384405120751572,100.0,CRITICAL
0.9099337218836162,15.240582177344578,37.959404326979424,1.2281200220266677,12.921056200322798,LOW
2.2195639080022356,36.98858305467472,43.33661741040496,0.9925048739147231,32.45996941323662,LOW
3.0722720122552367,141.3120004956866,25.728579501242535,0.3633067095705703,71.72203608374058,CRITICAL
0.6645226004428996,22.23210329797915,45.392123238407834,1.3618976150873927,10.616336532778124,LOW
1.274281342955336,28.40264955831804,41.29766540800773,1.1546280552366428,19.470173990549345,LOW
3.3233186177259704,50.10752380974644,22.664883494698458,0.7580254111708964,67.20630527128738,CRITICAL
4.971216635993694,219.9285345233301,13.091696003829206,0.031049251078070304,100.0,CRITICAL
1.8460607184507571,36.79770453455065,10.53776175933665,1.10231273627951,41.895758747286365,WARNING
3.292176803382045,145.1720017394294,26.58840680733677,0.47861560895515715,75.68686627367204,CRITICAL
2.1841100820119306,78.15573296924399,24.915023195766107,0.6274409782055919,58.30972597990994,WARNING
3.515736188374045,106.38952647566444,37.65536498643355,0.21450092700591794,83.04049986937775,CRITICAL
3.2308177851877815,139.41154294277774,14.175898402506569,0.4320875854762162,73.8407603012863,CRITICAL
3.2070074267833375,66.82471043583897,57.01318947498393,0.7234171152599643,56.6813976409248,WARNING
0.1908410210347116,19.858394785500202,15.727900155209685,1.2789743707172403,3.4164173302517957,LOW
3.0701966114077135,148.62254509094782,28.48875370763383,0.2733857015875394,76.20915492178982,CRITICAL
3.145071889675344,51.46713916853872,54.4653042498219,0.5753662036482352,49.94686600151789,WARNING
0.5535847426311755,46.705327636868404,13.124387550046247,1.2137075600938547,25.61088510277803,LOW
3.348039580703241,79.88481093306068,50.13552459679343,0.9853954952845148,62.12466118706086,WARNING
1.3285348392246938,24.02874037817004,20.935356724551145,1.2886996335665455,19.19351540349255,LOW
3.034981873516154,133.84618424790062,31.681818341338815,0.5855813701553148,66.43523736777362,CRITICAL
3.1480279908794806,74.78346063189466,51.58848036842196,0.597633467595527,62.46336432231139,WARNING
2.4982601892970355,30.46028336953215,28.00883743154664,0.5566103249667247,42.805977620560796,WARNING
1.92387948641788,25.163468921954085,10.383425605775782,1.1419230741730684,35.850743850860226,LOW
0.2953362672981225,13.09949160542998,33.73037880701509,1.0946738618149294,10.240166018510259,LOW
1.8398135650981113,29.91752213582425,25.95346459359023,1.3751944635453508,24.118360359610733,LOW
0.270008927666593,36.07894855691843,29.47762852956993,1.395207625159605,6.998304298589812,LOW
2.7510449416929648,79.08053278212165,53.243376294263804,0.9558688541386768,55.007334707630385,WARNING
1.5678002040089292,20.618928999905958,18.349701337135595,1.4721330798277754,19.692293385107643,LOW
0.766334422118382,18.670308452879397,33.42056169924319,1.174047773753937,11.330351295397168,LOW
2.023470976913099,33.21874417575198,23.986446109249947,0.7094968426551156,38.861796711787086,LOW
1.1913024760541266,40.73459970770402,21.553177196784347,1.2045038683681366,26.13275105466469,LOW
2.2023122696120714,31.299114686289016,26.11223237273133,0.8134268106267667,36.58863857164238,LOW
1.8314125990686712,10.77196528907939,36.13727696697448,1.1922044654575925,24.730989246407002,LOW
2.883037580545107,41.17493771773221,53.88837950293554,0.7459701913046783,44.4514404868722,WARNING
5.540978717002592,294.892530766886,10.286529578197177,0.14210733968721015,100.0,CRITICAL
3.320436894520145,78.20728979327791,32.98207624129999,0.8993522869213195,69.39813572708482,CRITICAL
0.7600549873256438,47.25433468825837,15.843627990923444,1.3162004475675984,22.86663291248123,LOW
2.1811075290634796,46.29895218844061,42.51926018061063,0.5935893044942451,38.511891228086064,LOW
1.520754026566061,21.264024409410055,10.795196347891217,1.270610314016447,24.136397036349237,LOW
4.782553710813891,213.02018312746506,19.37803434228076,0.2083822834880185,100.0,CRITICAL
5.377732968851112,284.2549127407754,13.987577314664424,0.2205347474521188,100.0,CRITICAL
0.676609526226256,41.31938598304117,21.868251566795983,1.2813850354007659,20.85362388201092,LOW
1.6759486155471623,34.10919202030407,17.47638139308309,1.271017692753059,29.234299342895795,LOW
0.7145879359879435,24.061121663875213,12.532769878892838,1.4929808422007087,13.123326548594545,LOW
1.327419552798728,24.24993012350335,36.95002585035435,1.3646177547341805,15.824045453170685,LOW
2.1709429720372286,62.84466173273423,31.199501978163894,0.5144006852846668,51.52337961578392,WARNING
1.439165914242361,22.353752365698366,22.611220524156902,1.0302761281206303,18.21194788181231,LOW
2.8517391370993757,47.4712556346894,48.20755915669419,0.7686788746134385,46.71877619404661,WARNING
2.990003906861899,44.44789095703586,25.62973453564613,0.5783170905952594,52.03056916248761,WARNING
3.309309928650689,50.47481391727759,26.780806413178496,0.8783012491469273,62.96787056311714,WARNING
0.3037480233620947,13.70304268208395,38.50418737018932,1.0347908917717894,9.844508171388856,LOW
0.9981431074089493,22.428140942329637,44.81620679768399,1.085216600939998,17.934802980296308,LOW
1.3786057604681006,42.655909054462825,47.290713553526686,1.4381483202457424,14.566727988710616,LOW
1.21409186851361,13.091739726018634,20.314800141920344,1.0471111893737537,20.407142231355635,LOW
1.1676063957027103,27.33523392459763,28.356660971949413,1.4847860259182792,11.690089417265586,LOW
1.2919164920940256,26.802506783177883,12.445847241907448,1.244665415812118,26.038800267457894,LOW
2.7023396061389486,74.4162907351311,50.6679129533393,0.9059711256509027,54.337802850315896,WARNING
3.642717154745558,112.06102370211622,35.94033257756951,0.5704029670413002,77.05357122861042,CRITICAL
0.2528420803977351,16.26031596321826,19.995727794694588,1.244259176965413,7.852481530315048,LOW
3.4795978647279497,52.07533716445855,40.7273976937244,0.7609078506916278,61.151672839122796,WARNING
0.10327716200869735,13.906652725044918,14.062264137167153,1.352448454477398,8.706878887384157,LOW
1.7999567990356644,47.14425318308078,49.03573351583595,1.4695406524435102,21.22109309603429,LOW
1.631798344827623,45.537268205763844,44.0515535719006,1.2166834743484174,19.40316307634772,LOW
2.146368754364404,32.012238530962534,50.129456572350435,0.7126776371643418,35.64519463543249,LOW
3.8171272821701447,144.1194400953454,18.935500338583083,0.5799197413848012,82.14773190616295,CRITICAL
0.255740677427632,27.264620694893967,43.132918745673706,1.2367105653167227,7.1390733897871375,LOW
1.9028750873089813,12.431246745176136,45.931188301751796,1.152221724495187,28.208090788961414,LOW
2.6335278090511016,38.59172784584581,34.325874656067725,0.5964672181463977,44.83583513222034,WARNING
1.6160695982714997,32.758801350449644,45.72826354203367,1.318272244288362,19.573821248340092,LOW
3.001410844590505,52.472959659187055,47.57355288800331,0.5348538732344805,52.75296147982833,WARNING
1.5592616630827565,10.50570405600074,18.689862899235216,1.032568619335448,24.662547793580618,LOW
3.133811226767581,70.68180119009153,20.179267733021153,0.750616363339204,66.82178423844884,CRITICAL
2.1261651489645286,39.06629280521566,39.03187259978404,0.826782576340551,34.96368212004234,LOW
0.45192432857878195,18.17785468262652,19.548032187959137,1.1132769242631455,12.959594921072785,LOW
1.5743504266247874,38.770740237944594,15.061076561963027,1.024420811660372,33.61051533145721,LOW
3.0798310665628734,90.38374265037992,10.663998266743542,0.4513345461194615,72.14762587849762,CRITICAL
3.41084317748091,106.01100886387745,18.905561028399553,0.26096276801515256,78.73230225205107,CRITICAL
0.3513390452182503,14.564590287471141,19.620481696221475,1.1533343151565583,8.306297249810394,LOW
4.7449338956513465,218.64399488841616,6.491573183305583,0.0548662952689658,100.0,CRITICAL
1.8956504758348807,49.47242727195023,11.796379860349262,1.0751729373658834,43.869813353859165,WARNING
0.3452830647333034,28.260470268871607,20.86778464677037,1.1759525278793304,10.842084516096918,LOW
0.9134432963492691,49.33030443846279,23.153321875247613,1.4382146374212175,24.284292764005638,LOW
3.0756446806573496,112.39814600391654,39.67768715845176,0.5078400605178929,73.14880979921928,CRITICAL
5.559268712266958,281.23229511632167,14.13059264606382,0.22815060132517193,100.0,CRITICAL
3.843884965665632,127.11063706741366,19.137398412617472,0.21425191815605574,85.14106043842627,CRITICAL
3.5861203488054967,100.87000798036982,14.474053235426133,0.5318092662003018,78.16634704877976,CRITICAL
2.549023081387814,45.20351423901285,20.34219080472681,0.9168037793441202,51.69528366584436,WARNING
1.2984344962774585,30.162997873603533,31.067574357054045,1.4633564226538867,13.08651214941698,LOW
2.794344640472506,31.451939132988723,21.62002745927678,0.8063342648697397,47.86445506925539,WARNING
3.4377995312747736,118.8206470074937,33.994883621497046,0.44420246961672766,77.66952437473286,CRITICAL
3.1011604713216903,61.04370937784006,58.76968521832152,0.5986441543585342,48.499938627231145,WARNING
5.0766789807000325,250.7934210742368,1.989231949043797,0.1141727824134321,100.0,CRITICAL
1.1385291006447649,13.531127718736379,49.834257167126495,1.4486482942666474,14.503577939571507,LOW
1.7314341999149987,46.77718402233631,24.141928902538204,1.359750827523883,36.87605767653658,LOW
0.7128625496032098,26.977355554303163,15.822710346100045,1.4155694822176912,12.362339265475772,LOW
0.8602841524211058,45.76218450808578,29.864952562526852,1.2721269546754315,19.38197248104129,LOW
4.744732596457205,205.73596627743,3.900604635783087,0.03429693423573756,100.0,CRITICAL
3.1550457030522745,78.45064817515,50.93672843621452,0.6216762470167994,61.63254709615448,WARNING
3.585099898544986,95.04098216943942,36.672887281487185,0.5973443420218973,74.32093681126545,CRITICAL
1.7382780937747258,25.62062790737576,30.962897860268175,1.4574079878824904,19.853761113270462,LOW
0.23942963163881625,26.20903131717336,11.59728757062437,1.4176086303043844,10.868989532995819,LOW
0.7237865496800328,44.80191986425567,39.8506424532882,1.1095191808210292,15.288131147516626,LOW
1.5555519983246204,27.811790895008418,23.840096518891055,1.2256027041061983,22.315599122956204,LOW
3.353330429810561,32.488359829428774,40.9644616490782,0.5164177145419389,56.50817267031653,WARNING
1.8716558000532222,35.224338866024375,47.36621375172025,1.37858331270626,23.071856274900693,LOW
0.5391875983690864,25.76681818334025,16.80427528048304,1.2474558023883302,14.434420660340802,LOW
1.592690928147196,47.676421794059195,45.07955323895942,1.104333812255796,24.39825308893261,LOW
0.7607055863622588,25.99434780548862,24.432273049830048,1.413179605087502,12.19956860842228,LOW
4.119958544383033,223.19364596861232,15.481234138922321,0.045348587456467956,86.42845194871828,CRITICAL
2.3591971693017,73.37020566122837,33.08398661600317,0.6645314084504548,56.804193718982496,WARNING
0.8916005152268818,24.145514525604415,30.995088720223297,1.2998200720344832,12.344882783642817,LOW
2.9812524679878987,45.38747583039101,25.057049086201122,0.8804037707155385,53.93278166547583,WARNING
1.047281512230755,31.333073710117457,36.379606843506075,1.0208016166776606,18.326933633542964,LOW
2.0929565104691155,53.4144283836434,53.10684542276776,0.7256076566391981,35.56878857108302,LOW
0.44930688108966577,47.65644725674005,31.294045060685562,1.4261777301937426,14.409070014337324,LOW
0.7370478024509941,49.42161922696157,30.873321939793993,1.0703477119303733,22.176661910264944,LOW
0.9788145722187709,26.757633683205103,41.173450612779476,1.1774709822446208,11.056404606095734,LOW
4.361539838601806,238.64800274522025,1.7939859401650926,0.2201591951981946,92.73852173210824,CRITICAL
3.9359740847107245,149.2444568058665,21.89617682693452,0.5963669899178049,86.8547470374645,CRITICAL
0.5817445742706274,13.560644989355847,20.86954065937927,1.3839687758090056,8.17068651599397,LOW
2.7709497687839684,65.43521446068232,35.633341970688875,0.920654175749851,57.256017325029866,WARNING
3.046707047741613,56.79679965645356,55.4091593684469,0.6260073668395263,52.2426927715695,WARNING
1.7895066255059626,23.855972790514095,24.77320675278579,1.4443678946933127,20.148013887590107,LOW
1.0806367099847247,23.310548613427176,21.066797687163277,1.327974355419196,13.22193139823044,LOW
2.9039493819284523,39.22675253683221,30.9281402420093,0.7044932518669171,51.282790244287014,WARNING
2.958085113225509,56.611742383834894,50.73642172456137,0.878968869803083,49.878412063988556,WARNING
1.7743741038129506,34.59640343207763,42.89454055249722,1.273139552395142,24.396191726170002,LOW
1.1305792444887863,24.844466551063526,37.89996144148378,1.237896895867368,16.213718236503812,LOW
2.3257330002365975,79.21248832456452,53.66700837085955,0.8945024422803474,50.36440649645717,WARNING
1.1177001404097406,15.484127522973147,31.539039066508238,1.0729446232416437,21.306564855851896,LOW
1.047235268829457,45.02613550698344,14.342525788112376,1.3958664464998265,28.802087421602558,LOW
0.16974516732879397,17.42298410980191,40.601727598819586,1.2025630366684301,5.805362719398973,LOW
1.461755858243661,14.409316348849309,41.57518533847698,1.0840512749025901,23.85699232816022,LOW
1.5464157162881846,48.16925429905687,24.857358025869296,1.4147001100994678,31.121310850322565,LOW
2.2891152608185528,45.12519801757058,25.27083554388144,0.6914835055321567,46.837122568276136,WARNING
1.3235961118978996,49.78020416882235,10.480366523370567,1.2704599066436493,38.65967767168428,LOW
2.815552129467376,53.58264006641943,30.756172182459256,0.5280145666244569,58.86715114080723,WARNING
0.1999237953572892,32.01969877863671,22.291745729691726,1.2668012007627139,12.260071415462239,LOW
0.7736788601206865,20.044491472760242,46.620669148667865,1.4262553181446025,5.563224458038494,LOW
2.7805195053073612,76.53628972726986,57.29711131915261,0.9846650626758302,51.14734445761425,WARNING
0.2177525683800868,45.523215290352205,44.75483182157545,1.1786354609980225,10.76552176071679,LOW
3.593675074397902,136.41339529132313,22.82293213480643,0.2453593309379635,78.35853413335502,CRITICAL
2.158374069356642,79.57009315248058,29.765472832276252,0.5992762017685465,52.87773436708519,WARNING
2.805812269092333,51.99103689166221,50.87568585301018,0.7583272003643013,47.517833679142086,WARNING
1.184223946835585,45.36777884913477,10.695549717017357,1.2025910519004805,35.225700390689646,LOW
3.353154402282538,112.11101769401685,39.446241791329385,0.2797295435802295,77.47254274966856,CRITICAL
3.253709554426754,66.92797490578975,30.605960088680426,0.5084466775357592,73.61870333250388,CRITICAL
1.7319334195817186,45.83338706760649,48.24904788304615,1.4397816188063906,17.647553665403514,LOW
3.1097324515483944,56.90717150407272,23.493094902338765,0.9630406733934593,66.19996265756384,CRITICAL
0.7903341856409022,35.18269580675087,36.95351844667908,1.1053439585151508,12.14804817051717,LOW
0.8721597204235451,39.22240323589861,48.61832713759214,1.4046406321857166,11.622485812949389,LOW
3.140605804076527,84.98237592045737,26.731142857200137,0.3161189932176137,75.33771027584415,CRITICAL
4.509584711462608,222.86761715328487,10.024809548507065,0.07175303845721286,100.0,CRITICAL
2.6649289791188595,52.33607779949368,34.509465918899345,0.5084646762127676,50.16859915275163,WARNING
0.6850930445576708,21.14513332359028,25.737926128945432,1.0659259948216984,13.195093138434766,LOW
3.038660528777195,61.50927845272862,52.15019790276762,0.7260041439935405,54.928431405451434,WARNING
1.4330387648092342,27.384094748719676,26.709447780462504,1.3801028122645802,17.87717521897471,LOW
0.7433133466889897,18.96689106987607,24.364397718703884,1.115187411183012,15.248104153708535,LOW
2.5467514468231887,79.43802029471308,43.75417458823203,0.6997001508891474,59.848268409699905,WARNING
3.729874012642641,132.4492735776873,15.884180492016148,0.3873297229474221,81.25149890986268,CRITICAL
2.881900599551397,72.1178393859191,31.382433590464103,0.7877376389431825,66.85969875819086,CRITICAL
1.4114004757289889,39.27871353410848,11.713492847559937,1.3378954818139925,29.43776992942263,LOW
0.46904256642160524,26.62238128493266,25.373561118341108,1.3691958184680288,6.6069089419014,LOW
2.9105429815768202,31.13434210912238,57.24089116283976,0.8431166400482238,44.93542654707958,WARNING
0.8976936864746455,45.5885488049759,27.494451662504588,1.0376720587865753,21.51326513580657,LOW
3.9205352312396275,127.9102882707119,24.036775843960747,0.23714378917740853,85.90057764160382,CRITICAL
0.11468750794666308,26.92453723983145,15.488689264402637,1.0802577076403457,10.948610146877433,LOW
0.4896781320748589,38.619367190975574,42.357092288711655,1.2262668220146504,7.506961961531038,LOW
0.5893786787340821,31.7559368285259,39.58204594939971,1.3025015306690166,8.541007357623668,LOW
0.3248157387059626,41.23092939548758,24.551442063962284,1.3680270072413947,16.77850123205569,LOW
3.9210295160538022,117.45747460004225,25.345250942969162,0.3062713862011349,85.04133115607118,CRITICAL
3.457919167199621,88.9313867501164,22.981147438796498,0.2508213000952016,85.20998282944858,CRITICAL
0.23613616703982088,47.74014142532956,40.93412453933718,1.4194405402525605,7.077423620977484,LOW
1.545578957036956,29.41491580676777,18.043339536241838,1.0622116884536066,27.00050505403419,LOW
4.098377980464044,216.1715399053615,9.041870447807682,0.09018957857450266,89.99356872236022,CRITICAL
2.224965536227317,69.19561902936168,33.29790872990553,0.7956712948993209,54.86284901399299,WARNING
3.6083090281035597,107.18752262687208,25.096140102248917,0.5074939173515209,78.6670653348828,CRITICAL
3.103781928176672,106.93993837451374,33.283497952405014,0.3726607050375844,71.23603021529624,CRITICAL
3.499707716200702,54.649621455226594,28.339778998170424,0.5814232876395473,65.24482971313617,CRITICAL
1.1617527463448107,31.78288365955337,18.209357071212366,1.3476647032262834,19.223373398190425,LOW
1.9818961774597876,24.97057871402937,40.43206687024407,1.22636271331497,28.487935734581825,LOW
3.153534858173972,63.38780125992678,54.19113385182317,0.9696092474388426,47.416526397203924,WARNING
1.5407808556752571,36.03533940495478,17.11193354260995,1.0256197705732124,33.89667772864962,LOW
2.376618536044018,54.98351218645267,49.86987090050377,0.7813333903281665,39.057620055798616,LOW
2.75594866973809,40.158001918210445,22.702193738227482,0.585716102237359,52.67027035387561,WARNING
4.937093899582944,280.10182570531686,16.975049333376866,0.1534558672388621,100.0,CRITICAL
2.4085768688949343,71.60310483770755,23.348965324356396,0.8865693364426388,58.17684562091791,WARNING
1.774259550099187,22.16818072540015,36.17573459322299,1.24375113931014,26.57441229542242,LOW
3.041269747374622,144.31969991181728,28.272449650630406,0.522925720307621,67.63094855619762,CRITICAL
0.996501652191466,44.75403007204656,26.593918792392923,1.2673297833745425,24.861742567912515,LOW
2.214965054413416,52.270271428891746,34.203790654527594,0.7478306720175442,47.0281593086701,WARNING
3.775861438658652,85.87926509724113,36.709275933236924,0.3887068604599294,80.58279129849325,CRITICAL
2.354489026414187,51.91904485704657,20.674514803284175,0.575805318965238,56.835810994498374,WARNING
0.555513928582691,14.00072360097289,37.676401064782475,1.0145199511046097,10.017135882311551,LOW
3.9330940731098543,95.78521717646738,28.432638946690886,0.2112021277889834,86.94131975544587,CRITICAL
3.5229873081917096,83.02562059924453,20.274999790244124,0.2307397847444937,83.78786296853143,CRITICAL
0.8290721319669634,14.766281821618591,19.797561827746254,1.0500716438691755,12.251940735975342,LOW
3.1352398279847224,121.67613565842254,20.282212407665376,0.2903913538620734,73.28413268709659,CRITICAL
1.226418809295221,29.650705139600028,22.139368342062433,1.2795306438826257,23.954369539616934,LOW
2.0400397378802815,53.29358644538377,22.30733138334175,0.5932027070340555,53.59879010508281,WARNING
3.0699440101386313,109.33735604006947,27.49019449013654,0.25882796182013734,74.49815568329213,CRITICAL
3.116352887655858,75.16705068533973,20.33944048333772,0.6083421219945013,71.12111592426594,CRITICAL
3.0571796545302665,121.78747760015099,27.071397246810225,0.21426976654421295,76.52115310040648,CRITICAL
2.914280466964886,39.56465871010536,30.933183324986516,0.8201736731488685,51.18951122262441,WARNING
0.6066533509375821,49.39463761379371,46.44543080520334,1.01449637249949,13.810199647485183,LOW
2.1655021607378044,31.37425974146855,30.947820638653955,0.6346729395305521,38.42397586298525,LOW
5.423025800623637,212.7383329884072,13.978553218904338,0.29983772015592064,100.0,CRITICAL
3.1425220339704776,76.91825075951297,24.546050452467334,0.8523921467238634,67.23767920298877,CRITICAL
2.371201594252006,60.02364316251371,30.303151299919975,0.6667285102658236,51.285111366181354,WARNING
1.1054611876184772,27.974634865006024,29.727820791517168,1.1492943781441463,16.788605159046796,LOW
2.253871396164342,35.427767888632424,49.97161442197001,0.6525791652686448,35.3838209797467,LOW
5.428635941220746,199.01340708645463,5.7908549558740985,0.15710951588139271,100.0,CRITICAL
2.0158506841616646,63.67582637360545,36.947607146419884,0.755426182481899,45.59953652099679,WARNING
1.148386233948797,49.16612959005954,12.937787640230457,1.1419586998322153,33.258490113092634,LOW
1.6544085910139184,46.5143475985755,18.088603498358932,1.2714749689740563,34.34055091555396,LOW
2.7827412115457673,51.70381970984597,27.679020234369514,0.7441096795996193,58.46586845823231,WARNING
2.200998021808506,34.42595262815338,56.32615772910012,0.7677541944822488,34.89830635135195,LOW
3.058151120566401,116.85609315651412,26.18279543728709,0.5442808130168599,69.72900494480139,CRITICAL
1.74509880329789,47.55533260282268,49.708984783745116,1.4795967432292607,19.505128706797286,LOW
0.19064584876235688,15.904272766303546,23.954483870810925,1.4149590154934795,4.4846657786609665,LOW
0.2967327867102895,28.312546003385,25.03179609152229,1.2888289980330034,7.836804639939039,LOW
0.1329572610220641,49.75990933654685,31.741609509222837,1.2368153777423048,14.875532603914689,LOW
1.6185315019539013,20.8613393163401,11.327505209000059,1.258507361943358,25.19330450410452,LOW
1.539907956571695,35.64798532928592,46.94410671911671,1.3914941786328678,19.63881587904255,LOW
3.0034274626409374,71.61314429850744,42.95296276755761,0.7330017571765064,60.20617437197712,WARNING
2.4469361434375387,39.129856554354966,44.663513522849854,0.6169241845427389,37.83925300938031,LOW
2.562764597469654,54.30017241191133,36.2833989126154,0.8252873955546731,51.36898631931805,WARNING
1.931158534890387,47.4458794639412,43.92111610629125,1.4601501352863742,28.063973242554127,LOW
3.0442188874078115,74.53392978027354,48.65324109026781,0.9989423541142303,52.18572273910755,WARNING
1.682695710254894,37.90539291330657,37.655457808600744,1.1629177974224993,24.137299802199593,LOW
1.2884439905217377,25.68539316411101,49.58192477179508,1.2394164079158407,17.61720535567621,LOW
0.8255294879214817,36.15353559266505,13.043574853983051,1.3018009601106189,20.75031159177536,LOW
0.4254370089550875,43.52703682742954,10.865572997806549,1.1165736518090432,26.697671957701505,LOW
2.8791658038472026,69.13678551800959,49.84602015307152,0.5253006935609024,57.20904867355887,WARNING
2.966432234791668,38.43141054425477,59.049250268038975,0.7440779780436545,46.98901831426156,WARNING
1.8807978850778968,33.45071372773072,37.967727919255054,1.262587894967112,24.45236631077442,LOW
1.4412226717206507,25.74653656222563,20.906719610725762,1.0016894234042062,21.484075280954553,LOW
3.2507139633092925,49.75202678407492,42.56871908133462,0.6138433129647992,59.85210086350463,WARNING
3.3813358171222845,133.56331420867207,27.930610898305023,0.5708048451700323,73.78465458477015,CRITICAL
0.7062811457586772,45.48567994776575,11.969776056331565,1.0681926964668385,29.348794379436857,LOW
0.45492159798556764,34.97601949888652,37.17435159686586,1.2437637852024999,7.942446380186812,LOW
1.3466447282976837,43.68155134422085,38.81297109305606,1.4149789594776592,18.61921762941357,LOW
0.12546914707878296,43.73566585316283,47.67285075858907,1.3277790987086744,3.2186107193084332,LOW
0.5783144821368077,28.66371493742478,45.91324318405678,1.0747988280737792,10.359758456721735,LOW
3.9202711976015387,109.92457103960241,20.951519623165925,0.5208885275885207,83.68835037017915,CRITICAL
3.0266735726947958,61.14146184805898,26.115553825791853,0.9223951801447808,63.91959833269117,WARNING
0.7037922763150414,22.400074111292213,39.91569016104333,1.2784075589846966,8.193015442209896,LOW
3.3073727192040447,128.4394765439721,32.58845798989332,0.2605928452119833,76.42165590691387,CRITICAL
0.7120139323413623,37.456795759905674,18.634655906379543,1.3546953726255644,13.481419836112547,LOW
3.565197521177751,122.80039657176319,12.067981063722673,0.5457907614471313,78.52233068761127,CRITICAL
5.191005201145615,258.7064231196566,8.906392364475037,0.018109753054517206,100.0,CRITICAL
2.0524982618959786,65.0328914443927,20.916862925985477,0.9311526182883353,51.714945250437815,WARNING
2.6863181110601184,47.038174467444364,38.71257184723887,0.6557078769405793,45.4441382004404,WARNING
0.7819346828962582,32.64819294028581,19.516966489799337,1.4943282774570061,11.656153935030304,LOW
1.7461887460971661,10.872271724975825,37.18216476429156,1.273983898396964,22.96746774086594,LOW
1.6532052346793493,24.755384894960226,21.7520811526203,1.4140625959284505,22.9139688665257,LOW
3.1112264868981727,71.82229481298064,22.189585436397476,0.8880244794346901,66.84773398788653,CRITICAL
2.1042616947727897,55.42889609343575,23.298323119358155,0.8679736008616112,50.41839987717421,WARNING
1.2514635597887191,18.463285382819656,34.562599389095936,1.3613248511804281,15.324437055704895,LOW
3.222610986023915,72.67751139791584,23.090869050687083,0.671633578536202,70.64457043095247,CRITICAL
1.1501481833167262,26.297426110645752,25.601531106172203,1.404876858717832,17.582784102358374,LOW
0.15026356041280592,12.322533555643652,44.249761667664814,1.4803004050062607,0.0,LOW
3.6628030863757357,139.10334844395362,32.97556912111028,0.35165572630903696,83.65108727888007,CRITICAL
0.453651093299389,21.68056401762936,41.12502645146087,1.4469891959415542,4.69838570492252,LOW
0.2082011025270516,24.973022584514155,28.552868750706523,1.3045603111066484,8.198272038359066,LOW
1.980473491885982,24.557555336161716,43.92378655204486,1.267483352832702,26.74348030878577,LOW
2.791154127393842,55.727654566689,23.499184230037123,0.827924474286937,58.24080945596288,WARNING
3.0932449192213585,98.44580154542334,37.06923920326297,0.3137375639279173,74.66837776977927,CRITICAL
2.62368335236588,44.999573527685556,21.94133802918676,0.872140469647082,55.73662154358806,WARNING
3.006088610118085,62.18168940598103,29.748685286701047,0.5111724668831457,66.06407225839378,CRITICAL
0.2936706228830831,12.508863636055537,23.954668871807094,1.4023685323834703,7.013395453727263,LOW
3.8967513646130647,144.40005843247584,37.231760293880285,0.4108899006401583,84.43922526966215,CRITICAL
0.6076938258374812,19.33017287290194,30.599296147832234,1.16091375408454,9.370589250011347,LOW
0.9610294825983765,44.95628955140668,32.822114197998886,1.4391678029437935,15.539677357807745,LOW
2.6949933523194094,63.008632082347845,51.78507164107126,0.8756536478260882,45.667294682660994,WARNING
3.3982564091570113,94.44707195737266,26.527379198436574,0.24429724807647424,76.85766110934227,CRITICAL
0.3113114925042092,11.273669781923914,36.27176018520127,1.3051244891449025,4.370224323841644,LOW
2.990579660407016,35.71473405711917,31.643155255025853,0.5647633049501761,52.00031582583841,WARNING
0.7484875569307975,48.664599690568565,33.766374315186056,1.4005777986505787,17.590586182154833,LOW
0.49910054834067985,41.35667715386194,37.434898209257604,1.340488964605882,13.213513268759808,LOW
2.4050037216817928,47.63842329284779,54.8654708208022,0.6544326005060789,43.423632481239814,WARNING
3.053959196010026,79.99624134165882,37.41165325981328,0.7140464383124718,68.63955090296184,CRITICAL
2.694844456113543,46.19695600803579,44.349219303393944,0.9381116465658205,41.88413496743219,WARNING
3.1084983450704384,109.98451986692055,23.941658685962484,0.5910461470095012,68.46168105233942,CRITICAL
1.1742318041884723,13.843039025534246,43.37799829391052,1.376259330285181,17.36091813818674,LOW
0.9155004811292294,45.893558622750746,21.538334016725138,1.1245099810533854,25.373613844854074,LOW
0.1494561446525563,19.481660356747202,40.96761966857299,1.1200192093820749,7.574036903893613,LOW
2.3778623980511324,49.76462489753358,59.326491596456336,0.6224058656420678,37.106620084646046,LOW
1.0307988700485673,25.147626533320093,37.795483432291206,1.408797273475773,9.78742656072228,LOW
2.0482946331310052,60.94611781173608,22.21562920083757,0.8081781617995125,50.559378480212665,WARNING
3.9110851315740485,136.9160874879674,19.153275706362464,0.4346572049782538,84.23619683359088,CRITICAL
3.3206647262228497,137.40194755857976,10.284253937850895,0.20145868111387052,79.81657039261272,CRITICAL
3.3950402568322433,35.89531559101421,29.279399399347533,0.9518624601869038,54.102663919671414,WARNING
1.3962356083955096,31.218520001632616,13.32774707406029,1.1426318309707664,31.347714420011545,LOW
2.9328247421823996,54.80164449707074,31.94735935256537,0.5596224556596305,59.8681941629999,WARNING
0.1541851384314559,18.442235570674022,27.29933503490639,1.2093025928359575,5.625585385550081,LOW
2.117156456031369,77.15815262302196,23.975311158034405,0.927417075618668,51.45615388226364,WARNING
1.776334080586228,10.788789288172502,40.31248127568464,1.1808454056501265,23.361095558523704,LOW
1.5582627212511917,12.850107412854598,46.88481743844872,1.0254870178958306,26.777543165672093,LOW
1.473765418616512,25.72985859168151,18.68933898369739,1.3795454806980136,21.67936471289486,LOW
0.5884554615175995,40.041318461504346,23.586073800678218,1.214074720996176,13.206203297349353,LOW
1.454056328728817,46.711825044427194,36.67024245229509,1.2357912980471162,25.830078338789114,LOW
0.2817608141957991,11.516677762945333,28.272653048252792,1.4129267171694824,6.4239444134009975,LOW
0.8299043478757151,46.37908433471563,43.476137812666195,1.33252405619128,10.855112111187529,LOW
0.30332027794839966,21.70385774495771,32.07160254317983,1.0320000413761934,8.58485127849075,LOW
0.444053334385088,35.27928371933225,34.631591959204975,1.2753828631860764,6.364189028011647,LOW
0.5302751471403042,45.90820905890322,49.187669857433136,1.3238297928201472,4.951812863385471,LOW
3.642741900401425,82.32375402738289,39.90287754959227,0.23958092067461398,79.78983102954135,CRITICAL
1.3272749511217827,27.45949397230828,20.02184235724513,1.1672230934391623,24.17574715721744,LOW
1.9227154185656061,41.94452063693804,28.341950859176002,1.099910460170682,33.61143004497326,LOW
0.7954254444962872,45.213927834079605,15.27146674536441,1.061117096427263,29.522307942215395,LOW
0.6251800280779819,32.74911766592639,28.06546738732894,1.2174795531756084,11.522984136364766,LOW
1.255765466109604,38.61412850000822,24.912399568128222,1.33983793374532,21.820918759896163,LOW
3.4030134220953583,33.243681891755365,27.691668929243193,0.5342629937984941,58.304242276991886,WARNING
2.1254951150767747,43.66561793268598,31.908793922340678,0.7803715980077086,41.25092113542216,WARNING
0.23862374143461418,39.23049207413197,21.963208466216454,1.2261870885116504,15.18260444693128,LOW
3.352378439314794,54.77357815326667,57.65702687271519,0.945934102190663,48.11682288807196,WARNING
3.400840157224795,46.15443736472761,34.62568650816846,0.5227389756530185,63.98651217585032,WARNING
2.224724429069155,52.207953615625016,27.074528483756627,0.8310636744271245,49.09022378922665,WARNING
1.8179109995165423,19.225385826456534,21.656090651529794,1.4254531610755,21.047494353350775,LOW
0.2606323372222338,49.413788747492426,33.524462818224094,1.1282663088054892,15.432122079281063,LOW
2.115300655072632,69.99456521344085,57.013122154566545,0.9372221941030798,36.289264417032044,LOW
1.3376606815317418,31.396191367591797,28.373854853093654,1.4538154766673534,14.293456330396044,LOW
0.11836590671134645,12.932658084830617,18.934857513094755,1.0166427746317286,3.648872745780838,LOW
1.525159742402458,18.1780530493012,37.50420403975173,1.1746324529238195,21.398376128835206,LOW
3.4008005597769797,31.86758174079064,40.01058029909848,0.9272114801638092,46.45351762215793,WARNING
1.3925046945842916,45.63247577255212,11.642654949864465,1.0357694109451883,39.672700371308764,LOW
0.5422814004312101,20.597235448896242,18.850799945035238,1.097912524427579,10.94293097801689,LOW
1.872728258947799,40.22856534404339,41.587977212620586,1.052379129769249,26.742100590009215,LOW
3.408193081817418,98.3976118348672,27.272502505609317,0.5288731623266936,75.72027593692833,CRITICAL
3.2381220714277497,109.67005259184901,10.4388561761521,0.5517286637060239,72.95758096105813,CRITICAL
1.7368021434511192,23.175492879463853,24.725343599245527,1.0195661272419296,27.69643100257351,LOW
0.8720221987887781,11.255985192509645,24.836937004362596,1.0863203203901457,13.578988109232801,LOW
1.7674369090066961,27.44196882487564,20.951919656076488,1.294669188975274,25.353719305085228,LOW
2.356284562772103,63.956386870043666,39.6596520903809,0.8859945351273455,47.13565632061623,WARNING
3.115804889347408,103.42655069891813,19.586471886352196,0.2604731677349017,75.91222509797807,CRITICAL
1.1217644778097582,12.38176552009985,32.220294093081826,1.3956707620098183,14.423565395207339,LOW
2.3979595551806283,63.37741361671686,34.45953719860991,0.7724366421428677,48.032319915484784,WARNING
3.3258141679788227,30.26062592384625,57.34466076921469,0.7557575680416124,50.43075335476363,WARNING
3.2834368492638157,53.3551846157135,53.39896293459561,0.5888099097276012,53.48732939286109,WARNING
3.8924261775360396,125.06183208640726,25.764676906279526,0.33255723507860646,82.1795168874778,CRITICAL
4.639391373332501,261.62791608473896,10.639635998100015,0.182553702757604,100.0,CRITICAL
3.406681445688185,30.379570808695707,42.90682332764484,0.8585934448626358,50.4415699335284,WARNING
3.357465322672522,30.220080450189315,20.01320637037906,0.7361317303976076,56.417025397724885,WARNING
1.0918919907253912,25.19824500589634,11.78640115508895,1.1675621333481123,19.324269757131994,LOW
1.980850833422386,18.31543487677502,31.79118461480399,1.4936577745993143,23.136465316401214,LOW
2.1656646904117265,52.0574412523401,52.3607416906679,0.7526676604885717,36.52178358606348,LOW
3.1186269949764154,42.67345706214469,55.02797491770262,0.7299112154545895,49.33827391840235,WARNING
1.5255936329214674,31.921322888863717,25.274870089380016,1.4049382075192847,20.940905282124938,LOW
2.5858431536405475,35.47989351675635,55.817812550668314,0.5177347926708333,43.51780090406139,WARNING
3.383299585753528,37.58533077519492,42.67801902555241,0.882216431185096,51.87696260089704,WARNING
2.788447871899256,61.2369729953229,50.30107976531378,0.9205138188787059,45.64409800717093,WARNING
4.869005387438609,153.66970541384,7.252339031709241,0.038334886372152974,100.0,CRITICAL
0.6349165762030992,12.135019767090434,37.54048753638252,1.0369944421009525,12.327812879111551,LOW
3.4470283346702626,73.77783271748032,55.037357017812994,0.5880335180188287,63.78721997174367,WARNING
0.24514730191108083,41.1387335966074,12.792652059422478,1.2783478354104267,17.941913637581578,LOW
5.513559613957074,275.5409037436575,11.439653706880254,0.26130428621812474,100.0,CRITICAL
3.419260557194518,44.066929302281835,43.8127818313158,0.8450656739684461,52.98514499170424,WARNING
4.987538982745323,208.59609822065084,9.438758571129174,0.2558210237195795,100.0,CRITICAL
2.067158558777143,57.10849552228574,20.692004909638793,0.8892676855017028,49.91313835619955,WARNING
2.0696732259286423,37.927076779580524,35.918415057804594,0.6149625817727803,33.00407766632802,LOW
1.9965320019956836,43.01657750295243,45.35607259840434,1.4685273167828876,21.14134758500952,LOW
1.677222131485433,37.1820744914074,19.446879299315093,1.1884969146052273,30.0390798875424,LOW
2.7922100859106305,74.43638642758573,35.22264531788865,0.9542620152502561,63.986099596513405,WARNING
3.9075757039632664,83.98670071069768,16.171128849297094,0.39076217021291004,82.7853471179736,CRITICAL
1.3176941631906933,47.78836203301649,14.496188451117952,1.2259293325671203,34.571150355534584,LOW
4.9574033637807,165.6015446592211,15.705893334453464,0.2091424051477197,100.0,CRITICAL
1.7860742005410306,49.03327559130829,32.314153965207815,1.2828639556721462,33.130515150640825,LOW
0.6741629511632985,12.687407860956053,20.108314388364995,1.0989273248388323,8.737766670607822,LOW
2.902505032645391,60.428586215300825,35.52724004182716,0.710614866842748,58.159078324855834,WARNING
4.87923446001773,247.43714169267585,1.007259979867916,0.19600197732564326,100.0,CRITICAL
3.9424578385332962,149.81244281478394,18.465359369476992,0.4301480259302867,87.76565443491563,CRITICAL
1.726684187932289,46.38275773378351,27.986466524516903,1.1402149307867884,30.37827311620278,LOW
1.3991531670778283,22.48927358482941,46.38154279653555,1.3355062374224351,19.137381277574423,LOW
1.8706526278026152,35.1174997319784,49.762479335324414,1.2686782023864436,28.67214461202526,LOW
2.0843143367993333,61.586808841170544,50.585984463614295,0.8892571474262787,36.636741854380595,LOW
5.990364241249877,161.3393812742402,18.728928456235145,0.08683475829131079,100.0,CRITICAL
2.507166381104198,78.38771616865608,24.06015433214142,0.7488734084781881,56.454933806846256,WARNING
2.1965836151325013,65.83312090668485,59.22368495219149,0.9022793572343151,35.711961134531386,LOW
3.3596367431790024,102.7420624536853,25.511450640704,0.2182906459049091,77.8739283860076,CRITICAL
1.4670299554928765,21.210612006977133,38.57984611137398,1.27754262523641,19.812144311448275,LOW
1.871047139272211,28.092566990539105,39.37789111194752,1.2505102860078126,21.76100671629167,LOW
1.130883386475329,27.60875891884008,25.604528537357325,1.3362835975473115,16.609564097080014,LOW
2.0688800841368944,46.93722471218361,36.47058200905509,0.5484460805820841,41.21738324795324,WARNING
3.3852140567275755,59.96501945081863,27.484336916690122,0.8910970180232263,69.57680549499243,CRITICAL
5.1604625741199115,252.29961709211003,6.7494939007334604,0.11445830839809336,100.0,CRITICAL
3.184771862728021,38.58175087076865,28.478363610318944,0.766017343416695,54.26473778378222,WARNING
1.3064906334197548,21.666127415787958,41.66130474667568,1.4040551733071718,12.720810459805149,LOW
3.4891805273953795,61.129544897126166,21.430987628560313,0.5086469878835413,75.94986391375546,CRITICAL
0.47198923303476925,42.522048285732325,43.79222668144002,1.129309385655238,7.402198293997036,LOW
3.5026493346222822,125.9295930857414,22.4644626009881,0.4524056774018124,75.83642507790748,CRITICAL
0.7453890316855283,35.37920292693921,33.64248312195957,1.1467639770839748,12.276084034713177,LOW
1.2945002335067493,46.58115054547455,11.447391901317005,1.1218305062709224,34.51967268691514,LOW
1.054359376518189,27.188032281726393,39.16150495280753,1.121207956272432,17.656433877795465,LOW
3.958784604725031,134.1282806455992,37.179637187767455,0.29381234879410967,85.98752217198758,CRITICAL
0.11232735918300027,38.27377429716393,47.49868751254978,1.093467672520838,9.188803412677057,LOW
3.646860224017222,147.92056129241266,20.340194230376433,0.3399714135085631,82.22131073265966,CRITICAL
2.5752528216738604,30.07128641437663,49.270881003479495,0.8758585207392418,37.76154947724355,LOW
2.539960277265004,30.80182000153229,42.49795765085675,0.5618803330420055,45.52601068880602,WARNING
1.5354482305238957,10.380248096724225,48.360337744349046,1.2576276820562884,16.757211403102797,LOW
3.3612227352342865,98.23413053401444,35.72659381299739,0.3498612366613044,78.81337795655581,CRITICAL
0.8415492915947341,36.18089076043768,20.174381552255273,1.2159937962125786,20.45236670779701,LOW
2.6199688421016654,51.011631640073006,23.531299943396657,0.6009704322559912,56.076396624600335,WARNING
1.0152067604569222,31.170221638030004,47.9576052513704,1.036615752138617,17.66775522687292,LOW
3.3097389310742398,40.276923534774326,21.63093097365486,0.8361357538170963,63.82087340215683,WARNING
0.13342084080379674,20.054960291616553,22.373070968672476,1.308419188392121,3.2474181668489503,LOW
0.9725510435917727,48.95763066667127,11.820169511611844,1.4754840932261997,26.20885015818596,LOW
3.1935915724547574,51.519630900803776,38.15351525027921,0.9396632495079118,52.89271699490141,WARNING
1.042846830352907,46.01108108510766,22.89420373624705,1.3260073076695655,25.214388749216155,LOW
3.1680119973412335,58.19622289604816,36.09820713115879,0.9835079943994864,59.79586937772511,WARNING
1.3729034439058523,20.311906486565036,19.803876701145448,1.357361100904713,18.56671164258053,LOW
3.024914915633585,43.47192453740458,43.94893364226922,0.7219668248515563,44.17499472962291,WARNING
3.2088940492391984,42.995823692886184,32.02482239422568,0.8305771348595465,55.339065775534074,WARNING
3.056149526596175,64.13492523879185,35.71230867810155,0.6974268372018392,60.98043411465769,WARNING
2.1397831789584694,76.88961433933909,53.06745214685805,0.928752869978628,43.75983230415455,WARNING
3.40860497072324,139.26905063452807,14.74183900874948,0.2086567178432943,77.69467573755396,CRITICAL
2.0648299058824358,71.89128599618005,26.784963721262898,0.8486790334168852,54.50213733174567,WARNING
0.2300610219094812,29.259747141975772,16.771448410911578,1.3647219941632749,8.905870206439022,LOW
2.427452416365967,48.89940581049808,52.62487084161547,0.5896049247805129,38.76095326531828,LOW
0.7238797917527365,26.975070680555127,31.70637128546271,1.1862118480875035,7.473578377989661,LOW
3.449414377846094,55.51877033144311,59.47507387766882,0.6511246974565987,51.68333429839692,WARNING
0.41476001820518416,25.804995390982693,22.653356367542088,1.048527065491689,7.960870306233823,LOW
0.6626225481626269,45.45744221421562,22.081954619573608,1.3569777116210258,18.64778417528444,LOW
2.6407717436125577,41.951281840183455,34.760587973837815,0.7960536067355214,42.502981193068734,WARNING
1.7715571820281741,27.612519030076225,35.0083328697172,1.2452051805684026,22.449800845515647,LOW
3.546934852448211,113.65469925643794,37.73802971265138,0.4878758384181418,78.51627175343424,CRITICAL
2.831682841799959,61.59664814257222,37.564630971305576,0.840099561741952,56.147726073150785,WARNING
1.926430560498034,40.00619295179687,35.246968160360275,1.1581610285047403,28.670922774493203,LOW
2.9505646151346663,49.13205775327857,44.53145575332519,0.9068741477837738,43.91371965660713,WARNING
0.9561799910675237,40.34220913867164,31.845778818535088,1.325738043964535,16.635589465613247,LOW
1.032985161367517,13.656661964580707,16.391422484542815,1.191519175209131,14.568783740968069,LOW
1.931005615317637,47.871591069006364,23.44438584882415,1.3198738560188397,39.70632142275086,LOW
2.0003786817358433,68.15871928048693,49.87392485184472,0.7548613527832405,42.69692270198022,WARNING
3.9084462056904017,116.67381736930781,28.23964693589613,0.598608828769869,78.70754271148849,CRITICAL
1.8021471843999493,39.77953559797065,14.225713954809676,1.4908836755989827,31.202136280746988,LOW
3.2757831644074615,32.40753945866005,40.19843675768671,0.8492991433635196,53.015337025501566,WARNING
3.3743370629601963,139.40680729330967,14.887483142958722,0.3083544220105499,78.57046399970847,CRITICAL
0.7924109415369771,25.196381792964814,42.21082388829004,1.3265653351448279,14.127328502995766,LOW
0.44251591843491456,35.0779142096702,35.654672769012095,1.3870673293537137,4.311806801376508,LOW
1.4728527835706968,37.359213302407575,48.53573513479396,1.1075651132123396,25.869005403363303,LOW
4.402368284333304,228.48270299509383,6.923706154272777,0.15776789057369994,98.14064340041865,CRITICAL
0.1904635190122274,32.902618155907554,23.434172634433285,1.0909707008742169,11.416897405349925,LOW
5.162295829946521,272.21530220205375,8.462363950954607,0.2709944002698557,100.0,CRITICAL
1.1904961121812718,29.671759202506273,39.33113183470606,1.2833280388010313,14.039666440533026,LOW
2.7337699423205546,34.798784834805645,35.82469863173074,0.7573882110002268,42.12086792188771,WARNING
3.0761010558333624,104.39467437722021,34.67968368131156,0.4593695727086315,73.12720155158893,CRITICAL
1.046868593489875,49.063493568015375,47.884660129455135,1.1792663416849218,14.530887180849382,LOW
0.7187667913283786,11.219330412455522,10.830715468415647,1.1977610681257096,17.012574242406796,LOW
0.5094521960841545,10.99096507737535,40.181581307815506,1.0728228980132488,11.771523004790202,LOW
3.6433243136757882,96.05930735609994,14.731609512497492,0.4510498803692212,79.80062930264125,CRITICAL
1.2160288310104297,22.430467814896854,49.96598267114636,1.3744195942309256,15.613953652637994,LOW
2.634888714148744,60.907614512977865,33.66464249869339,0.5144324197290153,59.9082058849218,WARNING
2.1259335546063522,74.24968066975129,30.754993973660593,0.6218847465413637,56.38471241644992,WARNING
1.1966842486393192,31.787523737359066,29.656550184915268,1.3587684317563136,17.680158958434724,LOW
1.5869794992463175,36.55240421001132,37.32833238190346,1.24077669856363,19.90731776867349,LOW
2.119695569839186,72.57755585246836,22.22188933950584,0.5743707549357487,60.422247184846825,WARNING
1.8494531468324076,48.944305952027946,34.23800692030844,1.2406217276884184,33.146802456905306,LOW
2.4925360284908082,54.663221705255324,56.646041072576054,0.9778277126207668,36.56196572115156,LOW
0.665562561265697,27.652444495538408,22.566696511678543,1.1871063978695289,13.89809517690245,LOW
3.143788515640964,66.77790991339586,52.57694268316608,0.5160922016077011,63.70339872346308,WARNING
0.5850962222254147,35.53417219541911,44.36727560442704,1.4584916985907013,8.480978249845244,LOW
2.8182113491072966,71.65248155344955,41.50498402989419,0.7584292627686586,59.34236178231236,WARNING
3.2182470547811537,116.70628406587497,35.274163857800744,0.24445913098684358,76.50859627935681,CRITICAL
2.2744600751223043,70.40593774926606,44.480037502274726,0.5966179957424336,55.95235398445795,WARNING
2.6408707943475567,74.96832644604635,40.770536579513774,0.7529336492643441,58.35520894449215,WARNING
1.8520287406155105,17.08466274713492,31.133787737462168,1.401783800700155,22.953169434064453,LOW
1.5434204958198323,32.57364671492603,44.23903441580574,1.4472790014386914,14.969378164175803,LOW
3.088086869238417,57.461004994343185,35.37714932269532,0.8240589615104172,57.54999584332513,WARNING
0.8380301832498908,27.415905208463982,12.942441159108649,1.249220920217497,20.632988751838163,LOW
1.218043272516994,24.51280121885326,34.52430383822359,1.4391081551371014,13.918228862916731,LOW
1.941548394807507,38.23448243585025,23.438545942146085,1.0735788504818617,36.72261595525182,LOW
0.41871437166524517,11.822900864552812,46.086167546116464,1.2703841164136682,9.000754177787535,LOW
3.323908435593262,78.3627311262476,37.56282458967758,0.9751677333341953,69.0469424977079,CRITICAL
2.1060022854621177,64.08915606061727,47.468666384193945,0.9529302818962635,42.76527102143212,WARNING
0.7309429601445383,12.489749046351237,30.87491891059588,1.4087238252534766,4.90530744410105,LOW
1.1021379865597791,18.160345460430683,14.827538713849616,1.2554983959671713,16.603254910072483,LOW
0.30275844654991346,31.999899419494312,33.656296515956555,1.014493465046879,7.976280225571814,LOW
3.2577537879854557,66.1158088646977,25.247404156831944,0.7962373237818074,69.0628389354288,CRITICAL
3.90626739728983,139.5316591353581,34.7389440396734,0.4979860793843573,82.25841611659114,CRITICAL
3.0179405074823777,70.31976466674915,46.49993833445218,0.6638634783410355,61.59737266881653,WARNING
1.427759104364136,48.19110209700862,38.24912679831895,1.496955994115891,20.20201055202592,LOW
2.0515445438252917,71.35049408234619,31.385196477572762,0.7230286128322205,52.12368087582928,WARNING
0.8196277520372801,35.333543273703576,42.526048039500424,1.1485443265936204,11.06816707588422,LOW
1.3671010146536504,36.812802633231264,46.045249571446874,1.0079728432266555,21.59195451686066,LOW
2.1370571608421223,51.63074664360228,29.09209628954095,0.6271125150412545,50.41148269231949,WARNING
3.2186839256046684,67.18904650724281,43.63999836343815,0.7697090963767335,61.92278724402854,WARNING
2.3809495974683332,41.50453960200198,44.45412123100567,0.7614137636554643,38.12524691158786,LOW
1.6771242071719807,38.16489416929738,36.47317158712414,1.0343903288488294,27.22597485359396,LOW
3.2855429378695336,90.99412188693971,23.472638715057315,0.34233215146706436,75.5394413171847,CRITICAL
3.4496522151264797,48.15007249912807,22.48896690608968,0.9488070041711927,63.74723595475647,WARNING
0.1773296109822345,29.528399131059672,28.024936582805008,1.1657461366274413,7.319864996141167,LOW
5.645167464322864,249.237303206339,3.2571658327565545,0.2202970224655574,100.0,CRITICAL
3.1669778822290104,98.7136293688165,11.896730177519009,0.518180383271035,75.24135146470634,CRITICAL
2.4724104585218742,38.19068317971577,21.605910801149616,0.5833727843129684,46.93033488363457,WARNING
1.7635950966686573,30.605506938444023,39.170078925136586,1.0178554745140715,26.012965375814126,LOW
1.0104217600513394,17.45667420840739,14.807661657821548,1.4351518892499213,13.044626879332174,LOW
1.3229186084695799,48.888854838680224,49.128946743254986,1.2356116654518716,17.592662038581757,LOW
0.4839601984571338,45.58405580497578,46.467320173189435,1.3039398219367775,8.998752256686897,LOW
3.240915432307909,64.27033115201606,41.360092229899976,0.6184781812940784,64.79695074742367,WARNING
2.7101568017574116,44.73958420037547,52.07785102967102,0.8483568001765142,38.98684573386639,LOW
3.0994994142566155,125.9313264511414,33.7325716458409,0.34196713614588287,74.88674914391673,CRITICAL
5.701461369172074,194.1927449527355,0.15082185431997353,0.08899715283541826,100.0,CRITICAL
4.140879971940521,220.6942242799975,10.966639970595915,0.027873498398910988,91.78677161187639,CRITICAL
0.7024565930466061,31.44225417308349,36.44763598927752,1.3517425552482834,9.535546543858949,LOW
3.3336123751200795,52.466802971771706,55.755590508887664,0.9328870611780378,48.05102060323662,WARNING
0.8241722990566593,47.31248059881027,38.6065893815375,1.4641226732190378,14.007320750848727,LOW
0.6538132779002871,48.75369628393566,22.776883948568177,1.0466274348926854,28.1088966864143,LOW
3.1010063818155262,44.27288601435754,31.90687917385215,0.7344464927543919,56.09407816773781,WARNING
3.661402033118783,102.7412406969502,25.4894968498351,0.37793170303918355,79.56235648871949,CRITICAL
1.7114589496760386,29.34028298310661,43.308923911885856,1.0526092370709121,26.03013395566393,LOW
2.3229031610492896,65.93519747509865,23.391224949190175,0.7866618565515116,62.377643266899305,WARNING
3.3712826362002666,56.30914050524302,25.48250783896718,0.7863766296240813,66.5687542052082,CRITICAL
0.9918493192095251,47.317801412965764,38.79045652077328,1.0387058371126465,19.320997998656896,LOW
1.379958597797525,45.78807444096735,11.316743470558151,1.406225565860297,36.81974449858638,LOW
5.495289225193546,277.5178302084168,7.079911390893335,0.16630921224852294,100.0,CRITICAL
2.4823759105436976,58.51240624736998,29.466215179188552,0.5716878355341197,59.43194900034106,WARNING
3.4577140514982325,124.99765817928022,13.091113929253014,0.5617855034209315,73.81150846310757,CRITICAL
3.1705073714377354,69.72206004606969,30.259221054724236,0.7645872265909248,68.75165928185369,CRITICAL
1.7367510506682615,47.346301816330865,39.883448375793,1.1156641561534792,28.786123394761425,LOW
0.1680376593936884,43.258129369814206,43.9844474604432,1.3163551549830963,2.878542453166051,LOW
3.0897892904148843,75.63012608694504,49.22128084021449,0.914347471122001,58.43752702545149,WARNING
2.9460307824684744,51.348319709550466,56.08469234569111,0.8254842859537349,43.41327630107121,WARNING
1.133080796177313,21.02541480064778,18.849413916716085,1.2636967570439235,15.640088293262595,LOW
1.6207791203176967,29.37472605370632,32.954510958506006,1.0736916337986742,22.197496220656276,LOW
3.7701595230861527,95.60842323513769,28.48537244821023,0.297382543108799,79.52783693696304,CRITICAL
5.904247756261741,234.4897080780931,13.97805143788286,0.2404291146625935,100.0,CRITICAL
5.192912212614567,245.44540077285836,16.985375008763622,0.20096726035752202,100.0,CRITICAL
2.3512530292949636,48.56334620575355,25.89205382847572,0.7528827211674027,49.4731740317378,WARNING
3.1796672347916353,46.70073353788271,53.261813253711864,0.8075424832438417,48.27561814613079,WARNING
2.4416461669241816,57.43191958477885,45.361478936544344,0.7945473379082906,44.67862016121972,WARNING
5.6649560000638175,190.6248210509939,8.548713391025942,0.07151773265670293,100.0,CRITICAL
0.4572926309791263,10.162423451475027,38.7935384540196,1.2127671488605998,10.559762940306541,LOW
3.97529953864988,124.94095092726688,23.84586875620155,0.3221057206429744,83.8216562737701,CRITICAL
0.5045593059169423,26.36757498879195,49.671454211517194,1.0004268487187016,10.629882624059043,LOW
2.5287270913970925,52.863040229591036,25.9449652187962,0.7024985194384739,53.42804771465976,WARNING
1.112782246988308,13.917534615314239,41.620335246926246,1.2833008587702448,13.214796935822235,LOW
0.2865968891928409,30.954224281712904,30.580086594283678,1.2340510222248027,9.833791056522363,LOW
3.248756600048532,67.53948374742541,25.754629712273754,0.8110297546410541,69.63406378343238,CRITICAL
0.3517480169059446,44.48203427904511,34.5603335615575,1.1773624839737638,11.76739727792707,LOW
1.12088949210686,46.929035139449304,33.85519330809463,1.4858253023097465,18.74278994215224,LOW
2.7883110966885742,34.55331779937363,43.31544006188871,0.8058689529212358,40.93790485788282,WARNING
3.1418172727482108,68.53863441053036,46.53777574555864,0.6079055932093291,64.21673293709225,WARNING
4.157893929673244,230.33050166957923,6.250445426486129,0.06761816829504892,91.29112495940178,CRITICAL
2.909134010834805,30.48861157097406,51.20826288804764,0.9099410656297238,40.38696369300045,WARNING
1.1747035577312588,41.29532372894201,10.922111337808404,1.4847000562830934,31.497967314628156,LOW
3.7511537036455787,133.22711675263525,21.671821288559578,0.5006482203379254,81.6658441991716,CRITICAL
0.6554601060087878,32.05350170796304,22.7684414354909,1.2121186226476368,14.561286145704326,LOW
1.7270713627456664,30.927690144347714,24.498393944582418,1.123868082017558,28.80219125082011,LOW
2.181573164258508,41.08045941195755,35.186160634746926,0.6801992025597573,34.50771183767498,LOW
1.6076904028166168,22.966176118486924,30.075927216106585,1.3119535164289482,22.143669849852703,LOW
2.670171744547067,70.4892013369157,29.73981036740728,0.9415879853071616,57.830377362283876,WARNING
2.9137623190694875,73.75294820844714,52.70330751397344,0.8007810344109502,54.54147511914846,WARNING
2.0931052050627668,34.49289590000234,53.17701616745328,0.5298358278412483,40.614610721288294,WARNING
1.612082052005839,10.045838025130251,21.296173153834573,1.2920193289133108,23.695132170409565,LOW
2.7641028042964555,66.26552877703503,39.94497853065134,0.8042455432818084,56.90697408156705,WARNING
3.401451007612372,106.95875496434556,10.10646975594314,0.44537050460849276,76.08329360820764,CRITICAL
3.5499210705196633,98.87453156516732,33.585052643481134,0.3078868016330155,78.89558755067914,CRITICAL
2.915387682785347,38.49981483740006,56.20535499376743,0.6003218414785978,45.90082248005413,WARNING
1.4914990102798995,37.73703208398385,41.69403857419722,1.1283492732322826,20.22209442931412,LOW
1.3523156910809402,27.590740155525744,37.89303081271663,1.316986704220221,17.647984884657138,LOW
2.983751581426108,37.75468031355012,30.719857951814546,0.6965885157938002,49.973198330802,WARNING
0.5328395522846497,42.21430680647103,35.52928985440809,1.2827360657751252,11.616673351345147,LOW
1.6104067723668865,48.66690666821172,39.08370916896944,1.496429387592315,22.94337776684685,LOW
2.3261905154058424,40.190974685825566,32.982571370219055,0.503565010110503,42.273644572520624,WARNING
3.3591726505593003,113.59695454243189,38.970667496811075,0.2968688492189108,79.29008337339341,CRITICAL
3.1326766839581257,41.049907876181756,40.039873464487826,0.6751009626564841,51.1155062083884,WARNING
1.5807902035906647,19.406222800336682,40.14487522337436,1.4326871560464123,21.260979077142277,LOW
3.783673593019604,108.56099168987882,39.45424068153481,0.35183745752897594,80.35010320593294,CRITICAL
5.407971843729326,263.00663178695527,1.3155340682228922,0.22902534426620152,100.0,CRITICAL
3.0076590895433446,44.59548068951718,39.587601686435264,0.5552171856543582,48.62875173959408,WARNING
0.4089407759670274,19.20217470987588,13.062745672804649,1.4599506832184606,7.334042955551869,LOW
2.5951129568941096,56.7514606384392,45.131729139262106,0.9609393966846745,43.142993922499855,WARNING
4.742385973297049,153.38424761359914,2.9528698527431763,0.007901610524565604,100.0,CRITICAL
4.557741697982446,288.5314135404339,19.917725515194316,0.17995236634293427,93.70262555565537,CRITICAL
2.658271714567046,76.70384246357422,41.38958861654044,0.846863030731221,57.4825981938416,WARNING
3.1468718758332073,96.081425788297,13.219559814220451,0.25585535969196493,71.16606315949808,CRITICAL
1.9667306804087175,16.268173911837923,31.632482831923024,1.0494355775268254,29.17692999169824,LOW
1.1022992549817374,47.86526983861351,25.64912885133932,1.0324533481073348,26.62506708083093,LOW
1.2743721840134818,12.696954648147267,28.588950250001496,1.3047307930053822,15.603969488455665,LOW
0.13634006618508768,49.420774276114614,24.68463069362141,1.3892885934666335,14.627717308729315,LOW
0.7508245360682546,10.874055088311149,24.40083751418014,1.444744995199765,4.2003029562628775,LOW
2.2181342886431596,59.55775023113696,55.68923439795486,0.8500170204824278,35.981715937642534,LOW
3.275759906567293,76.58037475738305,57.18611511162224,0.5039770906392703,59.62215144109594,WARNING
3.054386966001572,98.60415597722047,25.449635641834988,0.39197027560175757,71.20248944485986,CRITICAL
3.240548848214587,99.181728582694,37.622138070791685,0.2306958054981025,81.66938743376538,CRITICAL
3.022603928098416,55.27708617148697,47.76927515292549,0.5863773230059834,51.45928846570909,WARNING
3.004618711138459,77.06108175476453,49.573447835840035,0.7705514582270756,59.85777147196136,WARNING
3.4784368380408766,119.28439571692086,27.882955830102873,0.36399189035462676,77.42238405536087,CRITICAL
3.083349884280791,75.19880859382886,55.356735857371135,0.754370144715071,58.45685443460146,WARNING
2.5913566041939515,53.408888144010014,56.25063170292198,0.9653519965962369,38.94573631607953,LOW
2.843117206348473,79.67417608531247,38.228534606273136,0.8569713556036889,58.67247178341764,WARNING
2.741150623637659,72.8491902855688,41.84618364828786,0.7058253984008157,58.824784796346435,WARNING
3.3819296175201607,42.58397019301552,34.2094206932201,0.5769804970522131,56.489941164477216,WARNING
3.440282645014888,62.04761099240878,44.68306120024906,0.776744965250217,61.33165056989424,WARNING
2.9922151532844303,74.94055465137109,51.358431482440714,0.890457626077263,55.62676648160568,WARNING
3.989934951463,120.68979123727416,13.266448480934972,0.3836519631101746,84.75949915244799,CRITICAL
0.3006723859972984,39.28961000823556,22.84079242203599,1.1326620350323335,19.642296160236054,LOW
2.838516338895263,48.12053209066508,45.65949883222352,0.6356107601920591,45.98910192280091,WARNING
1.5866348780478623,38.315681227917324,17.305559028071936,1.058122876344969,35.60512542039779,LOW
3.776598482196688,102.9080161589765,29.745922246401,0.24966407461912432,82.90362664108841,CRITICAL
0.24220136079566967,29.0058872062753,26.867265874115773,1.222192513319028,7.205926292599398,LOW
0.7870710484354815,40.25935396399666,24.756574934144805,1.3575859763047904,15.304235006919546,LOW
3.4260229052106235,35.44302233233276,21.316550746446946,0.8039785919050226,54.91665395226262,WARNING
3.989723132554715,113.89149731744013,24.042448632552954,0.45798550829807844,87.85670694246643,CRITICAL
3.7463061694876094,114.78141741807569,23.855933770005088,0.4558406994052464,82.23663098579861,CRITICAL
0.9697807674047156,10.652236071460193,16.962565496292335,1.2442568199978765,11.986421007945728,LOW
2.517443127138848,35.24019947697945,58.33193932285202,0.9273369351251508,39.49991136215571,LOW
1.4675957986897408,23.903196174300007,49.793992282471706,1.151199259914489,21.67240939629016,LOW
3.192518871819798,129.6581938803532,11.84219749423365,0.5675738972441988,68.62098074547266,CRITICAL
1.8370396150539088,29.632289978108112,27.923644511836795,1.4866535397501883,22.225804593378083,LOW
2.7716696422029647,58.474591926000485,20.748988551775625,0.8556136407352513,58.908160061510955,WARNING
2.1732046627668318,58.51197212229003,42.73444729743098,0.8412252100952,42.75014633033282,WARNING
1.0633056819427267,40.93294210816307,38.22583745452053,1.0594515088389966,16.624273194016844,LOW
3.453674796411108,37.83847186675011,54.1162835090166,0.8512740402768885,49.87352934571296,WARNING
1.8214369659753273,24.393281283702347,12.52061562771242,1.300298351789725,31.416095001396613,LOW
1.6135328586750255,35.6698577000423,44.98906020884833,1.3924186248913175,19.076437251326112,LOW
2.6260122098994887,78.61827423899891,49.42961799573797,0.5077499583451606,57.752556809124314,WARNING
3.100804784868558,89.83666069260602,32.03477201833152,0.545987423772192,67.09497384402107,CRITICAL
0.7514897262325063,23.06712415238049,19.716386872865993,1.3044335473146165,12.422793349865874,LOW
3.307082413083341,93.06860082229885,35.157329991142745,0.4967133323558813,74.39948623247452,CRITICAL
2.7202601627893843,59.94833181619377,27.215190755002855,0.7398068770820416,57.14103199892679,WARNING
2.6490596738730554,63.972366790829895,38.04765122215358,0.6667997904211387,54.54047202800699,WARNING
1.370197763047616,43.80422563921047,24.185083777724742,1.0230165680708594,27.762139874950577,LOW
4.527396510902134,168.99316825361595,7.395050159460559,0.221567112190067,98.82729583973958,CRITICAL
0.32375158532557513,23.21148049968441,38.994820228562666,1.3060019486657228,2.4086440566438982,LOW
0.41031257845718627,35.62933437229782,42.53661657283475,1.1747372479790847,6.0788600943159565,LOW
0.13851339077879993,40.731037911980906,26.040392790918673,1.408062786826977,10.638932998009668,LOW
3.2431163985927154,44.28293347914414,27.40434921711381,0.9859528413258353,56.79423637027317,WARNING
0.7734770785621844,39.71266762309327,13.119313319599332,1.2836699647844678,24.954105055087876,LOW
0.13347136356810385,19.439023084778057,21.391679562668568,1.0559299731731613,4.618570028443997,LOW
1.8066533365802802,28.684923707725577,25.685125878770894,1.3619355191573586,25.438777153323176,LOW
3.0250363362374437,111.37671925887776,28.32344068233842,0.32742523925039585,69.74891366467853,CRITICAL
2.4266304858556875,43.36234875355262,55.16996172311139,0.5812395766884517,40.855562195040626,WARNING
0.6114542363262058,34.27781651352815,14.923514136130823,1.235797336138397,21.363641653338128,LOW
1.6529580144273,19.396250445249542,37.07066164958562,1.2153367857412276,23.24706999864703,LOW
1.4571005793615126,18.710504741960712,17.064937040983658,1.1791614642946917,18.772348444134686,LOW
0.11891188885539224,28.86572388406894,27.14582277260731,1.116933871818688,8.550127585332184,LOW
0.9155861617320901,41.52820444286525,38.611285253087075,1.4303974449300851,11.160374666584397,LOW
0.7759453584891749,43.69128394992863,39.856757589493554,1.4960757176150241,6.411206283534452,LOW
2.6948849065917537,34.503693147344556,59.86245678055427,0.7757653264661415,40.727890710832746,WARNING
3.4138665978393306,38.32097189658013,31.694903373210185,0.5760298638890162,61.087509121984546,WARNING
2.0930678906327445,34.081582492566916,31.939764511494747,0.7570940904605057,34.48485210621464,LOW
5.905739040716167,191.90344848611397,14.63051230537163,0.17357262341496713,100.0,CRITICAL
0.5981259483090693,29.646126972418017,26.769477659894406,1.1456146641156322,11.976045891387693,LOW
2.283910250251813,56.67538312582434,32.71904197786486,0.7632068051974391,51.69271775474174,WARNING
3.1533698151368927,47.7110339017138,47.77108468318556,0.9706449751971384,43.730256236218004,WARNING
2.157356579523967,73.60552043965136,40.66641983207761,0.6925703681557898,53.38769031478034,WARNING
0.8234890957250083,46.12826671663158,10.839319851452128,1.2373240788909023,29.053542740594025,LOW
1.199264104878328,28.517493343087338,16.744067649502096,1.0092777695349302,26.426145841111737,LOW
3.3812098805117183,35.31820665135828,28.438108770110134,0.6851147429124868,54.827467310557246,WARNING
3.0549578746500665,145.86696348812544,26.822412336212945,0.4635110713950818,72.84845912538472,CRITICAL
1.5857891424710147,16.662650003376243,11.956473011139481,1.1977584715537786,25.056174421975786,LOW
2.8582066207480303,36.49464131493777,53.62726034470329,0.8934798414820985,44.06082756206924,WARNING
2.6992865544934075,78.22296341397562,55.16127887505884,0.8222152467573093,56.00372914564754,WARNING
2.5913629817523747,45.333698584403805,36.2804316894929,0.7869557030166989,42.22801306617388,WARNING
0.6007915275826292,40.43853271043235,31.25869983829652,1.0338375816128,18.530557744635285,LOW
2.4848701759160106,76.90915760222546,23.064116334328407,0.9806173519460945,56.12867462125422,WARNING
0.1172789425745966,27.352321460733073,24.358817187480348,1.269544502603397,6.689782945035243,LOW
0.9167069130420653,15.927109213178948,11.90190435524654,1.3206074951175124,14.392805916656485,LOW
1.4942772269007663,31.5636058008899,17.943319129043335,1.2697614717563248,25.96599546393869,LOW
2.692878940115956,37.43496591487741,48.9531472729178,0.5933842081350045,42.05897798732832,WARNING
2.71902843382375,52.68708795471508,54.05740151429899,0.8543017621703344,44.962101906501644,WARNING
3.1407983031566546,66.28459244573729,47.68122780612453,0.9107699304628261,56.38031978582183,WARNING
2.6036277413854734,53.59545549572938,48.668991307258025,0.938153014833397,39.58346600202485,LOW
3.5785117924094454,92.52732719945007,29.910854167371483,0.5963048622157519,73.89791357615262,CRITICAL
3.745741136551403,94.56326579863884,36.28419354052022,0.41031553741421856,80.48467935706813,CRITICAL
1.0043543404535176,20.793504192715105,38.609171591051926,1.4785532764280163,11.822977785068518,LOW
3.3304008945638053,52.65120068006031,50.86562948781207,0.9215217183358517,49.81007114398621,WARNING
3.0507604935183203,42.65422016107134,52.38317043659939,0.9751622694836366,48.05037975310731,WARNING
1.432027647908767,39.481036231614155,36.48990190085921,1.2735575541643178,20.001797228933313,LOW
1.7046571138531046,36.95925089266203,43.97034505998586,1.069273721222347,27.161040232788775,LOW
1.8753116267267524,15.909132234022971,42.386093282818074,1.411604971090318,21.429737081304303,LOW
3.333629874990298,51.27658224004416,36.540674175143955,0.7214291547897096,59.6603116556576,WARNING
1.7948485811569495,44.76731455922042,49.91637287161145,1.2925915707492068,21.830992138520184,LOW
2.9745992731360857,75.06043679208062,53.23170891356297,0.9692332313088816,55.607717307653864,WARNING
3.868693894898852,84.46063286821028,35.37885858087868,0.4429913578012472,81.20951127227359,CRITICAL
2.4923026258064263,53.388813249301734,47.26913748220537,0.9558872735120714,39.90194718556353,LOW
3.4505971291036,107.14482102124653,17.193392165321423,0.3489707004703873,75.95406499253403,CRITICAL
1.1393743728792465,31.315425465634785,11.420134748745294,1.4754205171145558,22.542386706968994,LOW
0.13075087097059326,13.057760358011299,33.207796129919075,1.0688927603375484,6.818508779219904,LOW
2.1677597072624186,45.66639160756578,36.710426864981685,0.5797300488933836,41.41423647445116,WARNING
2.127821130352656,32.32592481725343,40.793414686205395,0.6239484863754379,36.38580403164436,LOW
3.724192446654155,137.09311407429192,36.1574196627591,0.5890510965585676,76.72876096239845,CRITICAL
2.9126118829092196,48.27129401511236,27.26572946230864,0.8433299369916472,54.73279449869534,WARNING
2.7426386749897342,51.59667116817383,36.4122245423966,0.7523123414658488,51.149855221013325,WARNING
1.522669311461435,44.97088106366066,45.31541226580737,1.113849356712913,21.521670967601683,LOW
1.4808365090566482,22.18785360345158,12.118656224388404,1.186808886155154,27.10043826877379,LOW
2.490437630405265,61.477952799757325,46.404777770525214,0.8668680058631781,45.53245553318227,WARNING
0.7059588593205899,27.286690206959435,38.55565877312452,1.0065610627808168,15.470477050031977,LOW
1.581700903936702,36.834308133227815,39.26959894342421,1.4059053847195973,20.368706431290562,LOW
1.9688368248684924,32.76292782360295,18.110768374753565,1.1464064275523922,37.068983199516694,LOW
3.3871093477991954,38.93600646029488,23.293859829831455,0.9407655240210031,56.642723041911644,WARNING
1.354357195245931,23.197200833698993,45.08634833080212,1.0537893513569314,21.52231557263834,LOW
0.49612379281130004,21.44351112819876,14.517063651555002,1.0328452146703233,13.340549883257587,LOW
3.367999661448096,126.94240668049417,16.762063443064008,0.29612910739674675,78.61624736946433,CRITICAL
2.840964387718979,68.43646140060406,50.31253222777064,0.8353438823318305,54.40363625593436,WARNING
3.4852977356935355,70.96849089671792,21.77239244953305,0.6602969535401588,74.0750555929882,CRITICAL
3.0822043068072307,57.51682488809708,51.445216898487274,0.6413278263786724,55.78865518311163,WARNING
1.2658099512261656,12.086289234133169,13.971733851872145,1.3508773861292491,16.90946483204005,LOW
1.3755346590957107,43.26884481119672,44.104897499044675,1.0860838227322254,23.999673165377537,LOW
3.1770139710933165,41.408366719029225,27.701392708950934,0.795006234136848,55.07184539511801,WARNING
2.47870927330129,35.235257843121076,48.6698553164031,0.6498489156900022,40.540174912817726,WARNING
1.2260883252361165,24.336089547752664,10.826474063737264,1.0484542173389055,25.310779065978398,LOW
1.3534385160794746,13.940602938741353,32.426274140027274,1.059942935412002,19.47148621355581,LOW
1.3755266530345216,28.536141895441382,43.24213763589353,1.0494454199911585,20.038851796817205,LOW
0.6822696895658561,40.63463947755233,22.23035292622795,1.2042093537493463,18.983414336257887,LOW
3.548538992071189,135.14832317298476,29.75071276555888,0.40570171162479,78.09880914237199,CRITICAL
1.3211937360135784,16.214814237473284,26.575326774251064,1.3145565717402152,18.12856882900638,LOW
2.2235633137628112,47.306427003579394,21.716490906407767,0.8597384465882323,49.73703494626424,WARNING
4.528220780358152,163.1545063743464,9.511401535073071,0.25700946693827065,95.93014105866101,CRITICAL
5.657299819925202,169.73911155772652,18.435955130070177,0.13520648658155657,100.0,CRITICAL
0.9760013280016575,43.382878274837886,36.37918713147143,1.0296242261998638,21.005207782256758,LOW
0.4243909446147943,44.81310374818768,26.787796939983885,1.3272882570870692,18.216293243477708,LOW
3.091030275613939,53.96211875196653,31.495196610222735,0.6816916854982482,59.81708669075375,WARNING
1.8757502373467811,41.86401825993508,12.226645842247965,1.499471480990259,38.77825589210833,LOW
2.2403998985608804,41.85838406492982,47.697819249661876,0.8898805276395609,33.082592910981425,LOW
1.2362348931896099,16.87264713205108,14.1697279553911,1.3394320445427568,14.939068960736961,LOW
2.7513941066247583,48.19163551341927,37.281708541059054,0.6942039169359759,48.541366692918324,WARNING
2.9194787930955326,53.40919480143835,52.405065400478364,0.8838030097291159,41.77204576423103,WARNING
3.2816440801725957,67.5544765221193,51.14327394882573,0.9782003897167083,53.758146510136555,WARNING
3.7722263733856796,144.85818790049393,11.893904809733591,0.4511028309046386,79.10895321292124,CRITICAL
1.0574046767559069,16.22987727413777,15.12314035939517,1.0060841726910166,15.027496185541942,LOW
0.7133917776894887,16.757763658063396,47.667793260066375,1.1600024428806741,14.322066389663403,LOW
1.6957302064592126,35.91023045144017,38.406864296120055,1.3180009019944803,25.196492544653402,LOW
2.087594336088731,40.90082492659693,58.45883538098997,0.7671822144296896,36.18194731238749,LOW
1.5478730804392424,30.98075770623238,10.526510857275904,1.368118798357559,27.80152948137585,LOW
4.447816263082228,218.6624051073299,2.2947192252182935,0.1809846958351765,97.56983053419185,CRITICAL
0.7710295781984403,43.07907508883789,10.38246851401913,1.3989733854462112,25.92895448253886,LOW
2.083068701221937,32.53226632218632,55.32611945487328,0.9206070727555266,32.237584564139105,LOW
1.2742617199441608,29.58365428222401,48.68656220544209,1.4749804504384458,13.833723759422533,LOW
3.7088571132042745,147.3950556179649,27.137854853278583,0.23406686668422255,83.21449547628242,CRITICAL
3.029871392031932,41.016051435621414,35.764535340509134,0.79925170702584,46.16079369175154,WARNING
1.8874187738475654,40.01977537980386,10.04973755464408,1.3828066420110825,35.48805598944673,LOW
2.0145964402332845,48.48021488068823,44.269907613021225,0.726375325929018,35.17220802989248,LOW
1.9551896861202742,19.681599711041862,38.70769242165329,1.0715781558320359,31.314831138940654,LOW
0.9398524560178051,17.689280181082555,27.99838305474438,1.078581411495875,18.88194772644336,LOW
1.7551510300561193,17.405635401681423,19.014497012812953,1.3306749200415315,23.71664286240224,LOW
1.0488516384250248,15.126199382525307,42.22943287505633,1.308527123052105,12.53818419289542,LOW
3.5683550459866207,87.60541453930513,21.183311373678603,0.29707775938229386,78.35077484225671,CRITICAL
3.2650416933079844,51.81335674022099,37.33368121473292,0.9526754511635185,58.052338556758905,WARNING
1.25467322089054,33.036418696695854,25.87405881367456,1.4953477829495903,20.857737765081502,LOW
3.7495862900768158,117.61419118891004,23.861794056838907,0.2739589580892797,85.05849351580102,CRITICAL
1.7763120814820526,15.91644545382115,30.33388384054546,1.3234828420106544,21.241638787176683,LOW
3.333840337377481,79.47816409145699,24.63338633365479,0.5649774520384605,74.3549858721664,CRITICAL
1.4932978564052215,26.21885891547915,35.10426885328255,1.3849290028394468,16.526108270253587,LOW
2.809255385675009,34.41171626428172,36.43126971637739,0.7728885766124688,45.66853706591361,WARNING
3.821917380588762,106.2708652761184,31.51897455062603,0.3581153844278439,82.66662762699076,CRITICAL
0.751515022746675,12.83858533142142,23.271100360185887,1.2303711086305857,10.919390610414801,LOW
3.228858275823497,93.36782284314745,25.569863692964947,0.4690045477189624,73.9224436146827,CRITICAL
0.5200251435897117,28.227346660052657,23.240173439327258,1.356310539674161,7.124825363159452,LOW
3.2929056754833597,131.17917762750966,33.3974733731623,0.5852630801024408,72.84451292920652,CRITICAL
1.270087479382421,23.395051739181348,37.12717173648266,1.23169174293316,19.426415120824426,LOW
1.7757286128805503,44.08279351314228,30.254650142471565,1.245101427102814,30.257760905733704,LOW
1.9889302041952952,14.446773310153649,33.60860942514428,1.3408407950562085,23.62860407407991,LOW
0.36379912084117194,45.24850929862055,39.98484622254572,1.3787683933986146,8.514789284687094,LOW
2.7605653054050645,37.49855297317486,33.18779546820207,0.5684578962384452,46.53729529706991,WARNING
3.038383084393857,52.96522394956445,25.40914616472209,0.6574004130670184,63.18534487444333,WARNING
1.4307317529722576,14.549720776548973,43.16274584864363,1.3805036450929569,18.51925749364003,LOW
3.1221812001663896,39.446427772434724,26.303612886258744,0.6182419929613772,54.92321512774927,WARNING
1.6079634639680223,39.516957499154,47.01806369114132,1.0293147795493076,22.526282039542934,LOW
2.153619684690198,62.13472082740248,33.00589784924601,0.8163575621504958,46.59139816038851,WARNING
3.1711113333374294,145.16111650401643,25.92064423187331,0.5691711060695873,72.28417121913418,CRITICAL
1.5710221631964252,34.23635772853186,29.78061827833274,1.4564927032155044,17.819182940025815,LOW
0.5179623893065448,34.32404747408367,34.96113748691255,1.2195473107859378,10.076384125311765,LOW
2.1659026272238657,40.60650354353055,59.023065377422355,0.8632327768967656,33.99583909341153,LOW
3.303861463988722,131.93068020606145,31.420081255705345,0.31787599417575,80.69856108689473,CRITICAL
1.6716395426502242,43.31476167191958,44.02402193206227,1.4017117845490814,21.94832190086586,LOW
0.8247327664831137,43.255051348574824,29.608058342250672,1.123185699313991,17.784454426330548,LOW
2.5038819224358595,43.03293992237272,58.2603498493898,0.8884404978791538,38.25118430200142,LOW
2.935582953918775,71.95864052551485,50.36649924653525,0.7993868520668083,55.67253442152996,WARNING
2.1841089793164636,57.00537194608955,44.44827007432774,0.998850770904262,39.95327352309344,LOW
5.932794583748574,202.2582090153086,19.825329974900868,0.13664344547853324,100.0,CRITICAL
3.449018144191408,77.35156984617137,47.34939511285707,0.8989071612765299,66.65380916931572,CRITICAL
1.471151244019899,34.72203233341489,13.662069430049844,1.0565795032948382,33.357967655664844,LOW
0.9886913151174939,24.27927223511031,32.02016563080871,1.3532382436097015,10.731975587505586,LOW
2.773279873871565,53.21674368051927,35.912623804890345,0.9309549741521896,47.49661946910112,WARNING
2.53964519254509,72.34992998786342,33.11554874548579,0.8509724122872941,57.12168058230087,WARNING
0.832569472209608,23.72920699870206,42.66714957103694,1.483527701614155,11.131465502061577,LOW
3.45107898149554,70.55542571714123,23.099122638549222,0.856640861191118,70.94241510072327,CRITICAL
2.0246540868984906,42.565647936272185,56.87020980107572,0.9630306863933764,30.5611875714322,LOW
3.2712980051930267,73.0983378078554,44.648074342291864,0.9640879695331175,61.281749550420265,WARNING
3.3335540661998024,52.703262816600606,31.08900029687529,0.9582064590502138,59.2890140276684,WARNING
1.3593914405523866,49.80124900024142,11.020541954590787,1.4499240030035507,29.959889504266773,LOW
0.7920329741778009,16.744272251580572,40.29367122690205,1.0253054203785867,10.66210733356306,LOW
1.5664546029950175,18.69667337021027,18.947008482197557,1.1375383925689615,23.31768564486782,LOW
2.9894988975361225,30.880126185067247,29.674785444551613,0.7154854212526414,49.12275891833986,WARNING
2.938835323308241,46.902120799851986,48.02689379384639,0.9218190064228973,42.88438267566257,WARNING
3.1766922003400686,67.45524806998739,42.86949244641289,0.6560916084107555,60.97662110946733,WARNING
3.2068200382137997,71.10724397851865,38.9166388391383,0.5962403838852108,68.89370146241461,CRITICAL
1.5123863759270562,45.450455381192526,36.03353435347627,1.0720800301941849,31.200165470953344,LOW
3.104584685075067,78.38935959667246,24.595323643151556,0.7903624330714029,64.73821764842627,WARNING
3.335147636281505,73.70548138590753,59.119991742451596,0.7560392269688395,57.806148381011695,WARNING
0.5813618924984322,42.72949148076919,49.432604232540626,1.128170864173629,13.208617283743141,LOW
1.649530631096114,34.80920210139025,48.387952022040174,1.1261196095384762,23.61450209338985,LOW
0.5974010020951441,15.03911443276673,18.96528718640315,1.053072326410696,10.366880967764024,LOW
4.557125426899471,216.5846378988848,17.972236152684445,0.2031964763884423,100.0,CRITICAL
3.877669267851761,124.98477694655185,36.70021824082173,0.4141590109701907,84.55939363774243,CRITICAL
1.7721457468793043,31.658913096523484,46.245503502689374,1.0200839069752905,27.824941594195057,LOW
1.888918867473136,48.156098445169995,45.28569256903444,1.2818340225466494,25.93289863470307,LOW
3.3044254976748038,68.79485411945922,45.20375397821646,0.9911297039353513,54.96134500056407,WARNING
2.2409210397038057,78.80475895557443,32.60263501043656,0.7144618538700798,55.182533445941836,WARNING
1.20079087292044,12.345148016903359,15.98710022281795,1.372898851709362,13.222929817378104,LOW
2.1399517675358806,51.87369113854204,20.922535479889078,0.6734036996589519,50.32907190400736,WARNING
2.1351549195758426,74.416731338938,56.37996171762864,0.5524951875625675,50.281921181691686,WARNING
1.6897629944017831,38.664251022602,24.006461278721307,1.3671548333043022,25.82662605582171,LOW
3.093095998543017,101.42727721103319,23.8997781735008,0.3991960511019074,68.87230383585063,CRITICAL
2.9676267552947446,58.89107531358069,24.550468868435065,0.7384839455479723,64.33941331450636,WARNING
1.032973092692433,46.87465742060104,29.221253726336332,1.006990395919756,28.403746301204183,LOW
2.7700851102922712,42.488450642965766,38.6035465165818,0.7818511097090959,44.62620797750857,WARNING
5.288356180338755,254.13973950939203,9.829082871361038,0.10634686523475896,100.0,CRITICAL
4.914241148536088,160.2000425471366,13.651562741801655,0.01399243527774332,100.0,CRITICAL
0.7721026802818163,39.57934342485311,29.76943705630451,1.0143229656551283,16.423949053839763,LOW
3.4995623111402354,129.62826021575373,16.566054769886406,0.5043894258126613,80.12647298836293,CRITICAL
3.3561225628119624,31.691082085959962,37.90002790469805,0.8395777013698151,49.842247127540645,WARNING
3.4359344908911282,148.9783348436442,11.705171832394589,0.4871319104563565,74.28704038988137,CRITICAL
2.7508095156981884,78.54237007425047,25.186016019645145,0.9479994758404566,58.51795897285489,WARNING
3.4292949178610135,136.99591296511497,21.665095511422,0.5403723309732964,76.9119788128608,CRITICAL
2.2115699503755906,62.483158173476376,27.653790508074906,0.7059613139470813,54.51873867027928,WARNING
1.052844481518521,19.907475137864054,37.406448024567446,1.352131643410173,9.75023422618623,LOW
1.7742231681009313,35.760928665421915,38.52157101034527,1.1386699589694698,24.861996738244358,LOW
1.356544685938307,36.08443428874913,44.41401339234226,1.0701340808177142,20.718101334407187,LOW
0.28472639406020706,25.583809937545126,10.604297823508176,1.4491365325550634,13.388737599671302,LOW
0.5321704098985492,20.375199808847224,25.467659785551522,1.401433186198773,6.819116380466888,LOW
0.48884170632802126,12.599610413550737,13.179669934107498,1.3800236029804887,9.885078743117482,LOW
2.203043692640387,37.14439670961336,50.213680617365355,0.8606341467427086,33.73022701824048,LOW
0.24710230033239616,10.483920867938089,21.526277978469793,1.0046111367936135,8.208584732238704,LOW
0.2981277398799379,45.85749742874946,33.41880116091557,1.4672278433813908,6.733731146696044,LOW
1.38657538092541,18.187666984871615,34.73361269119765,1.0647928650049923,22.489699914747902,LOW
0.7227935314073378,26.02620007092127,38.24163935832673,1.2829043170930872,10.319228704053202,LOW
3.0254409011324395,129.57371565807756,19.909830680996627,0.2720934607273845,76.77178740812695,CRITICAL
0.4836025066524907,26.326586596062196,26.352456495692614,1.1587790698098424,16.36379528477945,LOW
0.1083099902918611,48.80940249712082,47.739969188157076,1.2418251895880676,5.501039232364594,LOW
3.8982696496338445,111.35594078976703,11.455778547300792,0.2753121395589288,86.37744054970325,CRITICAL
0.45860570682716395,26.421317058235072,14.727872420599418,1.0833666239026716,12.03847838037489,LOW
0.9154268527422178,35.77912103919534,47.48758195503418,1.0539321692221213,13.762067210356635,LOW
1.7203316110727138,30.255868186098365,40.656200942737684,1.1077109518036408,23.21700670493259,LOW
3.7924877273700712,132.5614443560143,11.101845667177466,0.5195850101027885,80.85269973648472,CRITICAL
0.5225337347740879,33.0853933947703,20.59923091667532,1.33067410315596,11.97083078410088,LOW
3.385932364737395,38.05549525929166,43.8824808377155,0.6709326859683471,53.344884054102224,WARNING
0.6453003402500428,24.16522545390781,11.156472930662291,1.4907758689586104,13.106979369951443,LOW
1.1248116617656525,25.204239948632157,24.39631709974693,1.2319732708610065,20.35275510055635,LOW
0.4420948099368923,32.26423592721174,43.710617446012044,1.076414088862946,11.465299931515386,LOW
1.9682331448928305,21.852081804771363,19.612229980637565,1.3190241005735055,26.751093177807913,LOW
1.2900945297548898,22.199820732107433,34.716730273519644,1.1378731302925182,20.6383675186336,LOW
2.188913624528784,39.4617655474635,31.57878754690145,0.9450781812866972,39.49078659039296,LOW
1.8534590315269923,30.911429322056687,38.62278541892289,1.0551222433402834,25.491329485416617,LOW
0.3452399640829761,19.33030565815992,35.69307567803193,1.2276838667517818,4.995886878679742,LOW
2.1835472431490364,70.105822358145,51.36378802319392,0.5107949555713377,47.037122792598275,WARNING
3.1059045246885564,75.0994047146578,29.456158358124583,0.7281479415638994,68.015231741773,CRITICAL
0.805346375500827,30.889730062675362,12.13323159354356,1.3574352053386927,21.871729570028894,LOW
1.8163101000115836,49.94777012121774,46.77193753510698,1.3889462379165771,24.283909773231766,LOW
3.5737442425445867,93.31077040388274,30.311220554431518,0.4851012008239726,77.8963567035222,CRITICAL
1.398977791305063,49.175032786658186,17.08855633076376,1.1629989592678014,36.49721479916451,LOW
2.2553219523230075,31.11103197599692,33.479324897650024,0.932685400750529,34.12283039131513,LOW
3.4297738953663277,79.2737699502216,36.87877522434967,0.9751921471895588,68.27883818955057,CRITICAL
1.517242182197257,35.70984138534452,19.980874303446093,1.2536592503398245,30.654336758841172,LOW
0.4917132047992935,49.67825483212608,40.12345577765317,1.4809859348870353,7.00403050912635,LOW
0.4126694655776587,30.12273853915324,29.786731289093737,1.087473256878994,8.198098657967568,LOW
0.730768449632248,32.5463479854006,39.05883728721773,1.2409454430287423,13.45306884563589,LOW
2.2084189039141227,75.73454623541161,57.14896791968178,0.8417132952090018,44.231620693159705,WARNING
3.491981334437165,79.80334775973984,54.3044494130223,0.5319154960130568,68.15312572157112,CRITICAL
5.225322494303998,270.1330155718769,8.14385699371707,0.09590084137037692,100.0,CRITICAL
1.7294732495597294,11.51801945043526,16.035121872984178,1.0625580798247427,25.312663114185955,LOW
1.9942751116926374,16.934317208455308,15.819305983970406,1.4575278648880772,25.900031125734266,LOW
2.7417536821938833,79.56896092241479,21.753880748438526,0.6171857932019029,67.45578496902678,CRITICAL
0.954578088974836,46.85469610798074,32.40017456309035,1.022555497760197,19.968610023716778,LOW
5.198394182042216,245.34766067384083,14.265060625025416,0.23101179470463695,100.0,CRITICAL
2.3557915267009033,73.7022957170582,49.28479201642521,0.870935242548478,48.65125428388717,WARNING
2.4939135938336863,71.97016719472528,50.496784865828936,0.860441537254062,46.77626133055678,WARNING
4.5187627468167815,260.3185877513132,11.028089498118012,0.09389675474816282,100.0,CRITICAL
2.3299656209810293,46.87744065501626,35.26155369894186,0.9864674062518511,41.085493539270296,WARNING
1.9727654437465634,49.21846540439323,49.84603162120546,1.2382940894598173,26.258258943974006,LOW
0.5262596541063526,47.811849797495384,10.550587733415998,1.2729970677114875,27.79544980479201,LOW
0.644153499012399,13.523714028475467,44.381144844522254,1.2955353548238528,9.75164073555003,LOW
5.019755309520813,245.8065872644312,11.526176397781132,0.1452781288339838,100.0,CRITICAL
3.64452513567036,136.0918585398831,33.59091809807239,0.2764180642621181,79.30947459465811,CRITICAL
3.0161520266694506,79.86175357937934,21.221679125989535,0.5456211970568605,70.73077866101964,CRITICAL
0.856886443906806,42.86353445943255,43.76225331148542,1.368489797860576,9.711570833700618,LOW
0.21049075318071522,44.08530878477545,39.21745177414765,1.3493076530055603,7.914983323361922,LOW
0.8218198583746297,48.32454115597277,12.5521897639174,1.3868658684688964,27.42442776488174,LOW
2.496367828517562,66.10737593713984,48.306175324724805,0.7673934377165575,48.53517635827271,WARNING
2.871557486256865,44.33184264241304,49.36461204257676,0.7945699079388617,46.520412813285056,WARNING
3.4449666567350885,115.53619975158617,22.472631630268058,0.3797747101232182,77.79697709622288,CRITICAL
3.7881440139679112,88.85679734209046,28.309233446202878,0.5983626561545369,81.88867886472832,CRITICAL
2.525476288808493,48.59246513519794,48.96305687161613,0.7499917658024176,41.23929595916276,WARNING
3.0693586855472565,68.8787513519525,30.860663109322854,0.5733968797184814,69.0856306130443,CRITICAL
1.1798892418104283,12.138628965025138,30.39001646455069,1.183992453468854,12.870181991222438,LOW
2.633800032327465,44.21129253187712,56.16431621830543,0.5923824942106785,44.91978362897699,WARNING
3.314612732869223,36.24257392166422,39.751550810256326,0.7285126402404697,51.58591027101476,WARNING
0.9421889485827355,24.761190255303912,36.79194911098462,1.4691648892882592,9.326906816412642,LOW
0.9648522182653282,40.99238883369015,27.73582663333763,1.0135806507268268,21.545891418074515,LOW
3.327244542718508,55.69523562748364,43.24434086794021,0.5814682194845231,58.089272237496736,WARNING
1.86347591970172,30.871390668595442,17.683905808054107,1.1330438679344748,31.510842309310576,LOW
1.284192053816319,27.601326120160216,25.697793767077,1.2823643001994973,17.26439843901453,LOW
0.5773924105875414,13.663681365778748,23.45362554083067,1.3864667701798778,7.0563562665943795,LOW
2.916391434182043,72.62501219397393,31.28270498177107,0.9425268765149828,59.82873616665974,WARNING
0.2863792958578647,49.019619933242225,15.540271113006368,1.1704428622345922,20.790962240111675,LOW
0.2418909223517483,16.09040520447507,11.794333447415433,1.1462022467802568,8.526283767078874,LOW
1.3268183499294441,49.86403648219642,19.2929515812771,1.1397855026852848,36.17191908832425,LOW
4.357552575100974,226.68211011887456,4.793042660321898,0.27970556937037316,91.69053199628299,CRITICAL
1.7924401373170837,46.58233110752632,26.75482648984189,1.328266534951501,29.4518337077723,LOW
0.9263782106904771,35.2599642669399,25.416124740720782,1.17879976284323,19.24447160937928,LOW
1.998669004330647,33.59011418128422,37.24616289321785,1.341203080977659,28.921605159615513,LOW
3.009672538846919,95.41728583019602,29.966020005100418,0.5580582947298272,67.75048961850504,CRITICAL
1.502101215738309,39.649507885487736,34.28231970022762,1.1457335120486685,27.52585160091411,LOW
3.551879942118639,135.33446493738313,16.42924786485495,0.33761631544589116,73.65394061612265,CRITICAL
2.4228406558989986,40.953341092979976,57.04531355092935,0.7858548259792324,42.432270444403564,WARNING
0.46676870820721006,49.95304238056993,17.824359850087696,1.3052377556768393,25.242282724413396,LOW
2.8954270943927236,30.536949089899124,55.19180829973838,0.7223337354193582,45.24085859580983,WARNING
3.495539012854201,128.5957142427908,12.078779483999265,0.4980606614107143,74.1751805228301,CRITICAL
0.37902858241638426,17.430362248248407,23.128246742856895,1.4459849563878027,1.8387344307447036,LOW
1.476289142470115,13.309900155594857,33.643951970879705,1.2409456156352197,22.818599075871504,LOW
1.1684390220443783,12.984762222748326,23.923561290067322,1.1129310908110852,16.909706427504105,LOW
2.735136036821542,67.55352394240052,40.611817505257825,0.5432422210758192,60.83234860026817,WARNING
3.571991945306708,132.75097512996467,32.56133010647881,0.26229990391957775,81.82899843716118,CRITICAL
0.2346824610373396,22.796545405612058,28.94034350964258,1.4989489263771085,5.670972105419526,LOW
2.3067229253758694,32.92535757247182,41.8402700613435,0.850152796157238,35.07144909228696,LOW
4.7172221045623415,284.45468431216455,7.6386491173837285,0.20682351252915385,100.0,CRITICAL
0.13945177047647586,24.83336338375958,39.83204195064043,1.0863776969953614,7.163425703503491,LOW
2.433241670046617,69.8496311989536,51.935845960119636,0.8877072574832118,42.59200234684753,WARNING
3.1861005619392415,100.28317214200592,15.518431184818649,0.4696840641550591,73.2984856184469,CRITICAL
2.9787649891801298,50.78007334323339,24.00684028805733,0.9555847922575106,51.86149021103961,WARNING
2.2891856537286586,36.62743895524372,36.221008858317745,0.6136103470499552,39.6327917389744,LOW
1.7957718267792058,31.230367087432995,29.338762572934044,1.3447397968642987,24.220687665831484,LOW
0.6645837055090841,29.29445665858958,37.64708578309692,1.1213035084767262,14.066292755900948,LOW
3.027007441123793,52.43703754237531,54.52103844480703,0.9347295514202022,45.485677188112575,WARNING
0.10638851881357958,25.226730552156763,34.04388245490037,1.3146000787248304,3.4779028214591796,LOW
0.33727829515722774,16.81990087151577,44.08591935408037,1.4339555658696306,6.611446691001452,LOW
2.304388828552982,51.412535012995164,47.83578605853515,0.7686261360016693,41.42240267671828,WARNING
1.9117579327681868,43.792642102885736,20.421800564389514,1.308229467583148,30.170400329979845,LOW
1.6876183568965575,25.225845867898293,12.546533329640305,1.0329188710821513,32.16278735100739,LOW
0.8773763015606707,38.7362511079344,18.14889847722062,1.3232342602157747,19.212315691448122,LOW
3.027302510040271,53.330681140106286,33.4686638912038,0.8095757757871637,57.85339212666615,WARNING
4.853682818737957,208.76026444276815,9.285338048522267,0.022865518033514463,100.0,CRITICAL
0.9858878081230094,10.135359462959098,26.071409806510356,1.0528676339632252,17.019602603991178,LOW
1.6665025878645539,46.64995213130539,18.306985934364267,1.2696491319171306,36.022368142957475,LOW
0.6111970046529227,38.01574318541191,15.05963837281017,1.0265363910856835,20.2998573829149,LOW
2.99889504683102,54.9263062073199,38.71159081890166,0.7487056897457132,50.703703752609485,WARNING
1.104178825203545,37.67609256334484,38.448286429360905,1.1888145400700723,13.1445526034687,LOW
0.8100246224988237,31.461430945028415,28.134141516567812,1.4447982315680967,11.731838983490015,LOW
3.456488222785721,61.78683891276346,58.54200552652219,0.5790849452047131,57.25508688385749,WARNING
1.2003378518873327,49.339728231990996,26.70420989209587,1.1060216810964798,33.57953522409096,LOW
1.458061781148593,49.00458028182903,45.87852486842468,1.1457926867560977,23.018806433708917,LOW
0.8059283264542183,25.782111135745815,14.012779967731177,1.3809814194446446,17.28145629387583,LOW
3.024431309307688,149.19521489497444,31.300681945005536,0.40815689039718495,70.92414503416688,CRITICAL
1.0851844519584546,22.984988959137777,34.90751254786193,1.0464901382223957,14.293558087567469,LOW
1.1501409557094675,33.137910234107856,27.06276018846144,1.0361431162751584,22.778817270773565,LOW
3.611430807227889,88.09993096982787,25.327917297824428,0.3989017263793886,79.79185538909586,CRITICAL
3.749008054248478,94.20785899149283,35.86877588662634,0.3370168662637404,80.9224669507617,CRITICAL
3.0717479642257137,114.03460819638899,27.913731315326476,0.2990600393898419,74.84253040475636,CRITICAL
1.2559003223228482,29.659129376737855,17.841168068140306,1.4978741135297649,21.941747557349206,LOW
3.2925076950290633,117.87496445590314,19.49506419730872,0.5101983006544313,73.36598366277957,CRITICAL
3.498407542713205,107.76049929181042,38.15265556296309,0.40416187548761257,79.1118360447901,CRITICAL
1.377625363728452,20.44936804073138,22.99171483153263,1.4660229181193114,17.39324310857488,LOW
1.1332013608667568,48.85585067957993,22.748155961128703,1.080238238158521,31.466925300060623,LOW
2.5817316330873146,37.978861639335676,55.54205530813472,0.9953619552768889,40.74314270116642,WARNING
3.700982006021827,83.09092343782119,14.729026951504533,0.2283956764605546,83.69035734177605,CRITICAL
0.6813931766387494,25.69423841926239,19.64118929343703,1.0323023240431604,12.566900708320487,LOW
2.012078932437922,72.12635256438051,58.19014715783828,0.8580675315767847,39.478216825713915,LOW
3.4003434674040998,40.453564265017455,59.782622728343064,0.8867406016892709,48.51423050335647,WARNING
2.9808766824100204,61.01714306586079,48.19938553910323,0.5411908695392054,58.31088171469676,WARNING
0.9246000315314066,20.425171914998657,16.90509081076895,1.0694637399564315,16.51992628474179,LOW
1.8982703797220442,40.60973291443034,39.234070927418664,1.0864302624943636,23.58726525569571,LOW
2.794587420213001,79.12344228933469,49.90687080320632,0.7878809418581156,57.670745110705916,WARNING
1.4114433334875942,13.932458409489499,14.617345599340368,1.3723403632122653,17.54929358726343,LOW
1.2943993095808966,46.69627704370994,22.658981265514335,1.1085720789199593,27.498207598184628,LOW
3.3053624873705028,69.23866015711921,41.22549026662609,0.5512210581163267,65.99908487305166,CRITICAL
2.5442430870903103,34.28251969577051,53.69865628850503,0.6691082585912528,42.50844162935282,WARNING
3.33897083719156,104.83609934969614,27.38885582749432,0.49337659752426327,73.96242499984614,CRITICAL
1.2273529486580963,48.112802471343265,20.483755887198146,1.4544136070484668,25.84108280522207,LOW
3.196129956933239,42.360285185532476,48.6347817433294,0.906052269432045,48.765125774362055,WARNING
0.4186352743804812,13.678582692700543,33.01526814439768,1.4890490596578565,3.8285432769007253,LOW
2.4192918281177285,38.153293368003176,39.28324632929093,0.7317507830835925,41.69571972064681,WARNING
3.4292068783459113,60.194765007238615,44.230873464894955,0.5640123814305384,62.396024106126895,WARNING
2.7831257137434147,39.70472696448026,47.57956625307828,0.9514883618087283,43.061824530516056,WARNING
0.2640047196237125,39.52875622161369,20.928073266919284,1.3119312708086648,12.300322739911579,LOW
3.549988982114217,140.8299585566262,32.89880657676842,0.5474302528149815,79.05414648695076,CRITICAL
0.5626618954033299,13.600317617837545,27.683320687573968,1.444980060807659,8.72710563300441,LOW
0.7451831383299795,45.8224692130751,27.032685860468064,1.3948827438973332,18.028228807841664,LOW
1.9027215763875074,32.98312986122284,40.37294274313608,1.0447578498974428,29.979142824225704,LOW
3.0468139572342277,101.25889283902627,23.299600194372402,0.2689059257423153,73.66517118261078,CRITICAL
2.2767679933980673,47.33198471849431,46.531225474312734,0.7410446722622399,38.240649712846604,LOW
0.8875057820743815,11.314509031805592,15.436295291707957,1.1598886445244498,12.120465873525866,LOW
1.8092119112779819,39.6725163706606,48.88731872748164,1.2995357551676203,21.926576980260382,LOW
0.720339222560178,36.91856692447263,31.23231712361665,1.1927120890433223,11.846111310293129,LOW
0.1420644095900772,18.753387103507706,14.29885615874725,1.3927225154261196,5.7438188386310705,LOW
0.23941894051317436,42.50920197726343,33.185222809464534,1.1178807564317865,10.999046747121184,LOW
3.0452583138705513,94.1273725738434,32.56140783417583,0.48375117212395563,70.20819636184241,CRITICAL
3.3136976380699026,93.69993904497856,25.481854670829314,0.5640908797129789,73.03035209323973,CRITICAL
1.5550277672586867,32.898929117548356,27.01796466207268,1.37204022205253,20.65148683695142,LOW
3.118420857764366,68.65159493528586,56.795767232758585,0.7134213944478114,58.452292848871565,WARNING
1.3153621069006995,26.629115971181214,33.78393815795911,1.2099928992279751,17.858521883625237,LOW
3.1989257115014746,54.66631383982734,26.609515608416036,0.7073438548247157,61.515786563456494,WARNING
2.6192889059256093,64.82653968021111,40.28854726712359,0.6206115625546984,52.66007979432236,WARNING
1.0555744804581728,29.982486237396945,38.27603606702883,1.3723753465259525,12.691819035118518,LOW
2.6143380993751326,61.584489361328124,43.07780970575841,0.7107808780584598,52.459999478263555,WARNING
1.8209669819925,12.138220559327934,22.335568516066427,1.1440726243057642,25.940623815566923,LOW
2.1968374276659355,74.11738059198768,53.14205633860165,0.8260329098426389,46.91199056052366,WARNING
3.4993151480812448,129.1311348118018,27.007898565390537,0.4351768953553058,77.37218163740644,CRITICAL
0.9779607487873038,13.124857231589768,24.293947666583698,1.3479142576810759,16.038136799646807,LOW
1.4210854053777084,12.82635170697545,21.38742743197778,1.3341816736427212,20.03474819959372,LOW
0.1947090608174632,43.27481637403855,22.413200285382523,1.0315526124293393,18.372227760178756,LOW
1.5711702237822867,22.867361866681378,42.1878314015933,1.0869229989115765,22.69166330078543,LOW
1.4072705537509447,36.07963415463419,34.04517639721075,1.462410800965585,16.87492218889949,LOW
3.077893765595157,83.91217877771527,16.99906862674874,0.4532084878152074,68.5325850395062,CRITICAL
0.461455779236718,28.35209261433168,34.54392275077646,1.12427885350837,11.370869627164033,LOW
3.6747417274380885,134.8032900509192,21.004302842664064,0.30890174375378643,78.46880827143927,CRITICAL
1.63355237455218,28.251985671622233,43.86901635159444,1.4943859903475636,17.829178406211675,LOW
1.7542625074756364,10.925850041082551,22.631708653432902,1.0923473147471028,23.39457251351836,LOW
3.669481004890028,143.8421179515962,39.1698613093118,0.3988392974709477,78.8842746417315,CRITICAL
1.4463272844818056,11.617829124920029,12.054442921308596,1.304071471191575,17.361230827850854,LOW
2.99789438648369,48.59402522942956,52.237795548566126,0.7668122938633088,46.67717812393659,WARNING
4.120072626004717,208.70270080508698,9.750320896694953,0.04394122802349508,91.45634619968438,CRITICAL
3.284149644890044,134.8105977956712,30.12983446084948,0.43921832898680935,73.4378203919441,CRITICAL
0.5573536165863061,23.817744378420564,43.325812154497015,1.1831963333574027,8.523293800320658,LOW
2.6591634219432314,69.24341559969443,59.050864017481594,0.6199207790287901,49.60987639982597,WARNING
3.651585902267805,109.6764655091905,16.84224818325371,0.228014090132466,84.2707272981719,CRITICAL
3.4854891417902985,66.9020902507103,33.09382165596067,0.9136024000433676,66.33043831908083,CRITICAL
0.3245090132145042,45.0922476124823,43.46252141219487,1.1476045004391813,10.638298398182867,LOW
1.606443475494695,47.50949879581688,41.165490271904,1.3027893385153808,24.20807172989668,LOW
1.6352216981838699,25.47844318070949,43.34788867976105,1.1908046089913626,19.357391539118446,LOW
3.333317815165242,110.8092893232369,28.464652580279726,0.2281150456119675,78.26324191186471,CRITICAL
3.2590909566798683,73.28813649484138,40.89041618116064,0.9636311628968186,64.6906107789651,WARNING
0.31512900527731336,33.871529200577605,24.162634471743345,1.2321125830945994,9.703201973927222,LOW
3.5934761998543046,149.8141184498449,33.606375934628886,0.30946650164073064,77.06521122543253,CRITICAL
0.7382067132223135,43.73037922590971,11.091506026022625,1.1150906394356288,29.345840030568805,LOW
0.5163754396419026,44.50472407037722,45.75030033108186,1.1280655454810575,11.6079072060062,LOW
1.6857319033938025,40.84029754439541,42.55664426264338,1.2591990953939844,21.828311693041588,LOW
1.4465914318732431,31.574176640275855,44.18343075237924,1.0405796245623575,23.312317200856803,LOW
3.293294653208822,125.8398967017728,11.203863672347673,0.44383251852144023,72.95042709568239,CRITICAL
1.1214982855467355,43.32763217742586,22.94189433186603,1.1262346487606398,29.613729397108763,LOW
1.9033510905416624,24.371076630582387,10.144169595531487,1.3908406039798098,29.153673651357263,LOW
5.216124570610223,225.11692364109024,7.644385352457821,0.2696018266690914,100.0,CRITICAL
0.6429609104178134,14.896432267462675,40.3647638233704,1.2977746402029267,6.476127001199357,LOW
3.148187670870296,47.89442653628446,52.05388575846849,0.6743952942660105,50.6719467879341,WARNING
2.0505951611865783,57.55823007368264,58.781062425595465,0.9906223003411954,29.870047868543043,LOW
1.7593484844487395,32.742886125608564,25.404027157620682,1.0563852792445765,26.262221074977344,LOW
3.5302190478209936,99.80495503580327,20.506453903945285,0.3082788723688591,80.98706770705388,CRITICAL
3.4603808754259777,137.85495536107055,22.693164438289898,0.3009228563034552,79.10964338212753,CRITICAL
4.607775135941644,198.55863464803627,19.793857355730445,0.04017824794969647,100.0,CRITICAL
0.31198108553117143,26.64750643734783,41.601070465691386,1.2193557744419001,6.867350196207149,LOW
1.1579000061458087,33.26762338990721,44.25185235195885,1.1541777196144758,17.235455293004858,LOW
0.6607394836115464,24.445500684228982,34.907729704799024,1.1154058656799746,14.275045408670195,LOW
3.5749125841779,144.40110438972047,11.392130757374641,0.33704454818458934,77.84116873257126,CRITICAL
1.693818010102317,34.92284133610077,39.47025381325693,1.1745520577247905,23.25461961915822,LOW
3.7092620937795,109.52591734991717,22.79394400681165,0.567473671177319,81.94826971102857,CRITICAL
0.5250162530529568,38.94237167977674,34.31295088565551,1.2506714402123897,12.146498597475368,LOW
2.3124283790963505,69.69693532659781,57.92651220081223,0.9455515720838514,38.995881982587775,LOW
3.5951171308246037,118.35401105736545,37.799259026003355,0.41440998439082033,75.69717898953711,CRITICAL
2.0630278868995395,33.47084792950688,20.296812315226006,0.9566221128918169,36.33702219602345,LOW
3.609246310375778,122.66511174734067,18.896032880644373,0.5335633495698077,72.82168824188113,CRITICAL
0.200984225128601,17.664134300741292,20.709488750982587,1.1411555289271034,4.583977065850745,LOW
2.1366982598506996,37.36012305489545,40.3528579396398,0.9609479012883213,33.67277012459998,LOW
3.9687534424428033,125.53353456947195,30.27444599248276,0.45000919957259683,81.5359050941445,CRITICAL
2.5791019001775886,52.126860788864676,40.9440229223695,0.5641980859011257,49.829740436594115,WARNING
0.2205541656655468,49.186725216895965,14.741121152805047,1.1292623692724773,24.283023364647317,LOW
0.8300380222747629,14.634719767655433,18.00863988338007,1.0260149234749225,16.59324271607827,LOW
1.6326086312779935,33.43876714799582,34.25381221938447,1.1002920150416202,25.68023981498539,LOW
1.730068241970214,29.347601050591425,43.485897253004694,1.1590032096972003,23.40938588605432,LOW
1.5280492498139713,41.39984693568881,19.18578711960587,1.4864356624109527,31.45531955517773,LOW
4.809891561597723,153.79371134844496,12.057926788928139,0.08690880617963155,100.0,CRITICAL
1.028092016274877,12.580504429521353,29.43927138256411,1.2131598334021574,16.03919340865999,LOW
0.49166394459975427,20.04024715097493,17.158017611887093,1.3286065998342336,11.328886042344093,LOW
5.304216681031873,241.00223192869367,8.19855866702145,0.09377407765792821,100.0,CRITICAL
2.1986851863003176,68.27941188218408,52.75793497245355,0.5624519723135837,46.17945814731676,WARNING
5.971024580776957,290.5079218991027,9.920696188125287,0.07382224268304853,100.0,CRITICAL
0.9049851782739103,36.55559342710362,12.836532431439643,1.1667090007230083,28.82589684723824,LOW
1.5240414603771837,35.62765070466803,12.506885388078635,1.482368779800984,28.90669895156501,LOW
3.1818444695670847,31.71425677966019,56.25660530561757,0.959225835963561,45.62984223701461,WARNING
2.723124798330719,32.243373153129994,42.47816570039475,0.7046895408851154,42.59235876423048,WARNING
2.152112219356296,36.647613538298344,25.588407625966333,0.5227627498998717,46.70495912343068,WARNING
3.190951589065454,60.520560184683305,42.99819542211425,0.8403119642013682,54.34514264576065,WARNING
1.4530069724217936,16.46561342683097,10.521011212516974,1.2980982233612461,18.89107691111969,LOW
3.6094079169963047,134.80451570586266,30.183721283980905,0.39897466140920645,81.11157030040106,CRITICAL
0.7386479129179765,18.949029300131354,28.08691822361764,1.4425322754583338,9.261988331298566,LOW
0.8114870893480514,44.41468938687727,30.614973229787008,1.2677244998237172,18.051022541236478,LOW
2.128466998811091,38.93158565634427,36.175048028649826,0.7474195339099374,38.73547837037632,LOW
5.94130326609558,277.6795631218142,6.311976705711491,0.2892084872497319,100.0,CRITICAL
2.0247840946797897,37.30773411371068,53.18742846225471,0.8227868184365856,35.864299606776605,LOW
1.0512666164231657,46.205685985830684,35.26312437916346,1.1990746419671652,19.43641865960509,LOW
4.874726125703555,220.7759195767291,9.971960647940307,0.26523120688446333,100.0,CRITICAL
3.0405155546778833,49.470677127455204,21.163504743558974,0.9654864571214221,60.233465812994176,WARNING
2.2015544208380353,49.56090825207105,58.8517964789175,0.6755689067978281,37.94393731438298,LOW
3.0932114707748695,103.39286896628288,20.528599741821388,0.22064101724359209,74.58914511606001,CRITICAL
3.0634019899398064,100.9090630941071,10.305250077678025,0.47825109816120986,70.66798751608589,CRITICAL
2.967473393079713,48.719139235730935,28.33071285070276,0.8601601066430167,54.29493153039489,WARNING
0.5725597957598387,16.72427444824535,39.37301253979996,1.2690484677364184,9.372157522097021,LOW
0.6890000213019356,48.666146853109694,43.947182588342265,1.4399733714365641,14.466138162147352,LOW
0.24765275380889204,26.042772426271302,33.75923012828579,1.1435721353840658,5.801246952170215,LOW
3.1511001591745984,105.69903626058439,13.747117159726088,0.3619328535940901,72.76496201201844,CRITICAL
2.4124866946848784,56.15206673074361,40.36018486248239,0.6580890254381042,43.016073878564086,WARNING
3.5456411265935652,103.25888031225816,38.420155362423294,0.5380449652284645,73.85620593837224,CRITICAL
3.4712248737429556,61.33575400519244,55.264597639593525,0.6645517155238843,55.504176479434676,WARNING
1.8219229552197713,40.27466807831275,49.25641281471623,1.387382104866121,25.465152907429168,LOW
3.551646736098048,97.87781619151116,23.068594383098485,0.40652639553964715,73.61021273684183,CRITICAL
1.5131490810804915,14.37415733419892,26.196708534752226,1.4023112207702022,20.58192042377802,LOW
1.9195089585970273,18.37873727220942,11.530565799572052,1.4362132714952094,26.300110379415116,LOW
2.347975755601059,79.2370803568337,40.09120517074111,0.9755327200720818,47.87103122785829,WARNING
0.7362630246526053,31.348059887062067,28.102186477942716,1.018373438311777,16.596725662789613,LOW
0.5049333202005609,44.69742409284266,33.95479908907366,1.3818415502248638,12.24487935527681,LOW
4.62352810330426,177.9400773469341,8.066197759858229,0.1412398244807424,100.0,CRITICAL
3.5599404390366765,100.45266995926119,32.279028486025624,0.40233277485562835,79.29797480139082,CRITICAL
3.8426226174758202,121.07669808447318,21.312495216549642,0.23479150042568447,82.4002762390188,CRITICAL
1.5289509313062004,24.410948789320422,19.417873022066576,1.4656898596354768,20.948426167505136,LOW
0.37532679677172875,14.128783658231159,34.65186667570973,1.057781398236668,11.842397029987096,LOW
3.9929650018193223,105.64437292960656,23.610095409012924,0.48466687079427145,85.04443602841108,CRITICAL
1.0539227058029785,41.23258524341182,18.751227290507746,1.4356438178673332,24.985766960916912,LOW
1.5861706616293405,34.632755991594806,22.607973866173964,1.3604662741709557,28.573313497889878,LOW
2.7878091041856328,74.5208237077519,20.12669256553601,0.6410558030517988,63.23386888818709,WARNING
2.2674398924548287,75.39332668663792,45.90380470452061,0.7389414973159949,51.37045097518603,WARNING
2.0041264933308813,48.28502650975368,25.55161889403879,0.8448443403311455,46.13892297431974,WARNING
0.6733393587754385,28.713293574869695,18.385195518053848,1.4625433162430703,17.160704949459348,LOW
1.9367254719092104,21.274038340779594,33.55511988561217,1.4967083525535645,22.985362736772156,LOW
3.536329825286106,149.32621660770485,31.04109585197844,0.28348016645672375,76.61773561979263,CRITICAL
1.544867234783746,33.37051709091175,11.52370846358114,1.438724241825488,27.05668262641333,LOW
1.994442266134973,48.16762921339143,47.62122866727861,1.405563802031987,25.13990637756044,LOW
0.5933833656190035,34.438070777451095,11.633341814122534,1.4847292834103538,14.526468545486793,LOW
3.38076757215772,116.07957136048391,23.98358257803277,0.5528799114469879,72.12494629347245,CRITICAL
0.9150353538048511,48.373406731356745,17.012436420585587,1.0447881686472145,32.80345321002836,LOW
3.8966859895058708,141.02173615385152,25.329307468766693,0.46389777130778415,80.95457360782845,CRITICAL
2.020421220884151,46.249370477854306,57.291703034926684,0.6520226348179038,35.122749830789274,LOW
3.2501339571492442,102.01935683230727,28.852224893156606,0.5046507891157179,75.34141520941577,CRITICAL
1.852170193405304,17.852311995816322,45.369549803386235,1.2004315897431903,25.360208393832483,LOW
3.671665549803695,92.31591427347834,37.541427096443456,0.29820695619538384,83.06045457301607,CRITICAL
0.5218682221038746,30.147102936842494,43.219081147464976,1.0737419873686338,9.74245344514376,LOW
3.0668608877044092,73.02976123579757,57.422622408088785,0.8923199572344662,51.78972328676863,WARNING
1.4485006657984905,49.70949217901948,39.470423789284,1.0083555468688632,31.497655539856655,LOW
1.2678286017175173,37.58696804411372,38.78903342402835,1.279054220608262,14.43890103920253,LOW
1.8516625741977024,45.499407468293434,26.205857534323584,1.0191536109957255,38.96091454445021,LOW
0.6394447527449392,35.16488877355998,33.36778541338248,1.3169138934719713,9.170459787242004,LOW
0.2431080808346529,35.63857583989328,42.61345909964396,1.3763133287171412,2.4973250770119018,LOW
3.665856544057877,131.47417252699415,18.15336322624904,0.5972032145136656,76.50739445147728,CRITICAL
1.9531316172025,49.531543574156245,41.7957499882599,1.314528799279817,27.860554604290694,LOW
3.4559312685302688,64.78114014291238,57.78920513304121,0.658275399738812,59.24790996984872,WARNING
1.897262936462544,30.2989741865363,47.05655514334791,1.1683963943629065,25.54237032681679,LOW
2.7243126829590345,61.34018151227365,40.17489972556609,0.9835578086856807,48.29959938251542,WARNING
3.2940297381551042,106.01235695105994,13.063710940606402,0.5599866079184763,74.78130619125176,CRITICAL
0.5919434740696264,46.81050391979816,42.22107449620133,1.0705394607596872,14.334289189883886,LOW
1.667908490318689,31.89680207492224,36.767897975152025,1.2464271694524685,22.54119263224667,LOW
2.0511467925001297,68.13533616116419,21.333747914358337,0.7276499238736718,54.91102800185776,WARNING
0.9627777347482317,27.150029651932464,40.90007862738826,1.2405721798979878,12.43462374681014,LOW
2.110262415204013,39.579698395149755,42.06136998585443,0.9735441623763474,32.64685533816068,LOW
1.6685495208936039,12.877326059254631,17.856563472588043,1.150013202732448,21.559016793751216,LOW
3.0277590354523207,36.21016469818869,57.75218835966958,0.6705220675951046,48.507136005727446,WARNING
1.707833813919281,42.729521127677195,25.842874156667605,1.2943037928469276,34.27656560932898,LOW
1.4107180946179727,22.36107250481726,43.763149375289395,1.108692552138637,20.765387038490886,LOW
1.55006075436704,19.65482552016016,38.278727196506225,1.289235461506862,17.36840960529105,LOW
5.999801954018463,280.4289124975995,15.199667385975022,0.11593692420017211,100.0,CRITICAL
1.159965000150816,28.657883590355645,33.03074326209138,1.2754811107093622,14.281860711867472,LOW
5.104372217869472,276.9348132187301,6.396405736016931,0.13143020663731467,100.0,CRITICAL
1.237174850986873,33.207510532181296,35.45741378293922,1.1759089577100705,17.005635117145864,LOW
1.26207397723291,15.314469937100998,20.1212617412856,1.0210638684764977,19.76523112546603,LOW
0.5662801249661769,36.199052922481044,12.44428313875732,1.2183683388973205,21.10708061208513,LOW
3.791284828925401,101.38062516064001,37.744164375749406,0.33185859869908996,82.58435649038377,CRITICAL
3.0068421167850055,39.72411153652302,28.001945326145293,0.7347903516759129,54.98761677003919,WARNING
3.009993774858571,134.77539451645515,11.725803511439624,0.3912888459532471,74.39618996143497,CRITICAL
0.8953468730295395,33.35349042009298,12.641821492240277,1.067547278297655,27.15488324997365,LOW
2.782457294885978,38.09143306341453,41.40957347658934,0.9563461867222078,40.51332539512688,WARNING
3.2817854966045585,123.7971248672131,22.3346991386592,0.29373271678640317,74.2407428027911,CRITICAL
3.196196735558935,71.62461850280721,53.860781275089465,0.6692789062774898,57.99602802146616,WARNING
3.422576639408925,30.68719173454786,37.61455724715192,0.8238854942070023,52.57452723188952,WARNING
2.2641316374038034,78.60916376192964,44.61061471883892,0.5821703006141339,59.87172378660069,WARNING
2.590271018995431,68.69493344834115,58.974343984635546,0.6355474715399415,50.32452879005434,WARNING
3.392702978592735,64.31433813085214,47.244379945770376,0.6118862845426033,67.13277767583644,CRITICAL
3.495232174844274,31.682191127188105,22.609306450699474,0.5389750347154594,63.34380215152175,WARNING
2.204530692666136,61.12259372451726,32.98675511573833,0.7286599781053555,51.27539502331146,WARNING
3.416844895373379,58.72981248521648,24.956321223877865,0.5854352169192377,70.62443487448519,CRITICAL
5.451130394661735,157.39181250436346,14.075620100693296,0.12365191404288349,100.0,CRITICAL
3.0638413789891006,100.28848236657483,19.19148681477113,0.2643621135854001,73.04691116821542,CRITICAL
2.017553940216339,45.04877577052046,57.34517776132256,0.6552647846710029,33.977026424193255,LOW
3.213062967231116,39.51606115780088,54.86985508770229,0.8787746785719447,43.38020106511137,WARNING
2.1302068605719526,31.082034498729236,43.76050803632336,0.9315669812615806,29.890919220575665,LOW
1.4292332603536966,38.87081109271238,16.901268027484345,1.0140951577482682,33.993907529539165,LOW
1.207165534052742,38.240096382687646,42.397800366116115,1.305268713653366,16.018042251447046,LOW
5.811169169194808,280.7503363904269,6.0434030671668175,0.22523645293620018,100.0,CRITICAL
3.6783262046312633,97.53932295975864,38.61501915624875,0.38032776458347034,78.97199096126641,CRITICAL
1.5066926870965798,41.97300669034479,39.01662523145805,1.1011304388420065,27.481404063606046,LOW
2.0160842043415776,45.25560698392046,35.952861256301745,0.9176234744427507,35.9266655190486,LOW
3.941034303789545,92.66118267549881,15.554396252183547,0.2653525825858202,81.24933056463053,CRITICAL
2.0090330605526097,36.35885990959387,41.51838526576396,0.6237810334433828,34.62955085694535,LOW
1.0710981823771406,49.16934375320783,14.972185472596738,1.1863633524170472,30.769994055011868,LOW
3.8768730434938226,107.59897243489965,30.968597935592094,0.23514280543253824,84.95523022723093,CRITICAL
1.3041975779238546,33.61749123115659,36.07732237903002,1.013041643342361,26.97800309419464,LOW
2.8924022652460595,40.376506770640106,28.333314299541442,0.6381090842554749,54.29214340696178,WARNING
3.295658571843098,143.84476419218228,32.311184859500756,0.3580046680054788,78.91873593557376,CRITICAL
0.5882689587262168,48.27072868859401,22.414535035363173,1.1649504800745323,24.31354697055678,LOW
0.7274906719008257,26.573924337265066,27.349131190984387,1.2056703952075107,10.149742528829567,LOW
3.221769319424605,70.9642520371011,51.93252535053388,0.5505624195582437,61.22233102694598,WARNING
1.9009392661064255,42.77591378822165,32.09641867472035,1.437485102238931,28.63297621608622,LOW
5.221284133263556,241.9347655472277,15.08854058319856,0.06964168570959983,100.0,CRITICAL
0.35663367698127457,22.595109036709992,24.345474714983016,1.4826138297528453,2.5001848479333537,LOW
2.7962844760996006,78.44365693413025,56.125589618967226,0.7560004283070798,54.634271241649486,WARNING
0.5420885359619617,36.492620977685064,30.042812828291083,1.3294754235027233,12.579615949110952,LOW
2.0334843093465764,32.70197961739512,41.307109063649996,0.5955177388800384,37.47530789224574,LOW
2.453683069746516,61.99217531389483,53.17970545940092,0.9990356267961186,44.63234094321088,WARNING
3.557498759679947,93.54007141759696,30.443376283594628,0.5750615142231912,75.05595554223387,CRITICAL
1.4997711228901633,26.26246013694637,12.507825555455362,1.43747499574514,22.75503436386682,LOW
2.4966414380005335,47.19914880305485,31.61004880763627,0.7277400861963209,49.21212364405114,WARNING
3.01169192516656,44.722844637705855,41.14964046159117,0.9200630799561254,42.35085782985419,WARNING
0.24876480727511904,32.246802721990136,35.56460513559213,1.105706507887952,9.27730205739823,LOW
3.168954201858537,132.59619857506075,12.50929271749801,0.426116963807159,75.80340527618311,CRITICAL
2.582577566970111,72.22855738342835,20.17482579144049,0.7600897009492604,62.3750257216682,WARNING
1.6799539075449974,43.52368906827806,43.314640496140115,1.076284263366335,23.177127119703595,LOW
2.0215510387750846,72.39812956445999,48.919007740344824,0.7655768654496263,44.23279152819881,WARNING
2.4369147377246683,78.63097316114866,54.28471802495607,0.8666378479169885,50.28939400254758,WARNING
3.346843304565474,143.0615929291727,19.757146963201308,0.4931186878764612,77.59671620536179,CRITICAL
1.021600069381398,34.29715043684603,16.408190175821815,1.3892777299557693,21.133647078495517,LOW
0.5009438450437966,32.331549857496675,26.412545105717516,1.4601429723182089,8.408715067002012,LOW
0.7184841650994038,20.702544923260294,31.78191414849909,1.4024893023672718,10.573830459521236,LOW
0.4611787704073549,29.019352247331472,12.76137667190666,1.3506395030648535,13.327169105855926,LOW
1.8188795313102997,13.619451673982109,44.792960355481256,1.1883526012079613,32.1828401270178,LOW
3.7287614583323836,87.29195086634269,34.946088595280614,0.472870733479802,82.91835452276969,CRITICAL
3.080368101162473,62.97599773349775,50.6495560698569,0.7875428529461864,55.77159243156884,WARNING
1.8335155660883646,10.728561237279116,24.66246879485961,1.3644351465485816,22.133731671962344,LOW
1.3324110013627484,48.594583976211986,32.07454543337995,1.2533789090118845,25.858311178820095,LOW
0.5877122803455199,10.839399270251388,20.918194705618845,1.2245552204326262,10.677201091206152,LOW
3.6179987284969894,83.69422078194972,32.2258788988532,0.24403812210475456,82.26747818374136,CRITICAL
3.169048753621814,66.29323554132364,58.075352230445226,0.8690731422336948,49.26600172822977,WARNING
3.179543870794167,143.34276280311883,19.379876300377312,0.2520654375510675,77.45431666352347,CRITICAL
3.002495453600829,138.24618223765816,17.869355261379276,0.5538885091022485,71.47051608640896,CRITICAL
0.21286565039246486,43.20292392822309,16.83615180706112,1.186129320947376,21.985401051137963,LOW
2.723380607840933,39.9330317585659,25.624654275291356,0.5616231361251454,53.012276429723045,WARNING
1.2446612000108304,44.025065792544524,11.915920858696992,1.399934302264272,28.767195741612227,LOW
0.403032204279299,17.04385921069836,46.75058174776905,1.0553028759703322,10.22165845810924,LOW
0.9825046768629427,42.69798057905203,39.048111505564016,1.244391208842359,17.241827895554255,LOW
3.1203647617802295,143.69587373746583,35.393236254500465,0.4833107302628944,72.18565606663613,CRITICAL
2.8408971060616683,47.771426525397466,42.7544318944471,0.6287326662659629,51.30553196929424,WARNING
0.633473273794462,14.915511578455561,22.874474255596247,1.4259936090923853,10.109654437972905,LOW
0.906396402418519,14.594242773407062,15.544842534699587,1.3087181899450346,10.27668819936717,LOW
2.3200578610322933,53.721159714439935,54.53224667911792,0.5871007543382414,38.49559347894854,LOW
1.1888342511821697,13.624977468808597,47.20076235277983,1.312821034275939,19.713960233829308,LOW
1.1689040021528594,15.330260233320466,10.702108702332485,1.315258492606999,19.06577036804634,LOW
1.2465167311400573,12.260437636980793,34.369534222876894,1.2770085095538093,19.87338335258984,LOW
3.343213408628591,72.51790526197684,59.22616766250155,0.9881205164682876,55.51429593872295,WARNING
0.19319478771278675,43.50398270023081,29.58623431486793,1.4073033421874603,11.425680345451093,LOW
0.8555347308137242,38.00746884047727,46.61306947728373,1.043880737239443,15.310730676123397,LOW
0.7749115668499632,11.858459088876385,10.62962444466872,1.2385030631788645,12.682394681687297,LOW
0.4686034473889047,43.870687981066546,32.8411356500181,1.3168162186330568,13.548008797354749,LOW
3.5233275937130433,143.8790440315062,35.34485874863745,0.4925296706697752,76.2096416368139,CRITICAL
2.1580902109262947,43.54180188478329,22.673888792707043,0.5043406046131543,46.28868886404216,WARNING
0.5162801631302192,49.358942327294955,43.89059935619856,1.0131193943911645,15.444181777194096,LOW
3.7210651073028873,85.76668764148948,30.119132389793368,0.4587706791862742,81.56115617550367,CRITICAL
1.0299458443393708,10.396928286523517,48.74949955578985,1.3757818158884547,10.52649968939925,LOW
0.7491806759074376,16.422495112327052,40.664698565172586,1.0294481627138576,11.624691345941642,LOW
1.0067557621369694,34.18499088809015,36.7465235924675,1.2771073576594414,14.377807682093346,LOW
1.7927428330733157,13.255682320718329,28.6502421697398,1.3877824192337402,22.361184569169577,LOW
3.6608312985270524,80.90558245927492,15.404110813966188,0.3368452315567803,80.34130205512963,CRITICAL
1.929039066432112,36.063756564551745,21.878838294062813,1.464848749332723,28.180997518100355,LOW
0.47891483077751773,48.84295993063287,30.691859835602926,1.4480283437489923,16.5280046741238,LOW
1.7355990458852038,12.155473937086558,49.28361270097152,1.4560171835166513,22.893403616098578,LOW
3.3518821956543974,45.362749056440556,38.62080021256598,0.9324998063030265,51.04568892288459,WARNING
2.590200078110419,72.2862616456061,21.87816156929606,0.891023151481495,57.985897866904025,WARNING
0.9544955520329504,30.82280427479524,31.791023826880952,1.1657638455157484,12.171193619619341,LOW
1.5601143356458813,25.999045963485685,30.23363449836236,1.322348359175559,20.361759155714797,LOW
1.6932646904562336,49.57420060510076,28.899401014855286,1.4847951682273004,30.822083775553086,LOW
2.6894239938079245,46.57023823637275,46.302195033333554,0.6149102102625223,42.886075773930884,WARNING
2.4391247377805096,79.20297861927057,31.6698067296467,0.7204876942232044,56.444641952547315,WARNING
0.5951903753404437,11.933285591559644,32.380345337493125,1.375532341566216,6.590807541599223,LOW
1.695091905872203,41.19854099726678,12.530161234971695,1.1824338046602056,35.4825983780477,LOW
4.784054112157954,228.93130150860242,7.104857220207103,0.17883941643847853,100.0,CRITICAL
0.7777895234133804,49.42298519617385,38.31041223301615,1.2244657227167557,19.787023718443105,LOW
1.0889184873420419,49.35712806806472,30.922436358922077,1.091213342744557,25.815142182642216,LOW
3.996554108175881,146.17575823684018,31.8825997976277,0.4232570913762621,84.18162147470946,CRITICAL
2.808488013637941,65.35246524614942,36.754929067814096,0.8346020024778827,56.562195517235835,WARNING
3.903748930743391,117.73057662922098,10.949068516387971,0.5707894283167072,79.93805963691659,CRITICAL
2.621041885633041,59.91894715997482,37.19099337765464,0.7326696133660255,51.5220262223552,WARNING
0.12135406706421617,19.08781658750813,23.30846327729496,1.0157837482049406,6.779808464342876,LOW
2.8532005233256372,34.85178892549625,43.800391100736036,0.9993269593044388,40.23574299346481,WARNING
0.6623681060607952,22.86946065251849,30.929769572362275,1.3305418836344274,11.195613923721222,LOW
2.3688545638449,46.088528512424844,32.335268274389406,0.6813684340604382,42.6423483435425,WARNING
0.892052588392431,43.13304984370983,28.600080521067714,1.147807180105423,17.996924873968027,LOW
3.2816306140720917,51.02144780702257,46.71234287622128,0.5294022669441524,54.29986800692189,WARNING
1.2645572159932041,22.133415295799487,39.701486498218614,1.448041280316296,14.29763353221313,LOW
1.4765933932999553,30.580799931533733,14.484770006507954,1.3257963032403624,27.418171769461082,LOW
3.5210796961040165,149.33605808151486,25.27686441544333,0.24634081532054705,85.18632323120389,CRITICAL
0.4464246488546354,33.88533940869709,37.72528700774404,1.234217639353547,7.8631940500244015,LOW
1.3960393154624147,41.614728994603496,48.49521308908156,1.074401053564228,19.10595462236099,LOW
2.851306051303128,76.12382668904898,45.09106562386057,0.5727548228226605,66.42982341216644,CRITICAL
3.29461099788586,39.02535599221986,58.06168587021994,0.5295697060077962,51.93625224906726,WARNING
5.7155341857328175,249.0409174143257,14.699910005288432,0.021807601775638927,100.0,CRITICAL
1.7343907106927803,27.829944922722888,37.820419058331,1.32643654648508,20.39156583160289,LOW
0.5620183896988852,23.698251411865407,41.8663349539935,1.2931384242098092,9.852344222388238,LOW
1.4284484124815613,27.564032229972433,39.251615442635526,1.4637306401217134,15.05119412672061,LOW
2.6629480329670736,37.54878407569404,52.25403903221735,0.7303527634606858,42.82177504203814,WARNING
0.19288763605985193,46.11004059896311,29.3240436837564,1.1404805265865108,14.357624502821498,LOW
3.3288535665238457,30.015353751687776,47.51408740168615,0.8835058470092108,49.16103493266012,WARNING
1.5188247767791605,43.8982407425341,14.327466292986424,1.4082301267164175,29.976685549358013,LOW
2.520369980556346,64.51447649667917,20.00192495577247,0.9658988272329994,61.667834957757314,WARNING
2.8420535258275503,72.83819437697315,44.388073286061754,0.9538799956202363,57.85498835692039,WARNING
2.2566836329708497,75.67812779196515,47.265099934391074,0.8496194972177781,46.603708277239,WARNING
3.2102175256221077,78.31553544462064,38.1838442781888,0.8931091153213021,66.72941983720135,CRITICAL
3.683325432535885,96.99127867148398,28.235624533233743,0.5879808191268746,77.57312001250159,CRITICAL
1.9104864644812334,15.409415019792316,17.644257523739157,1.2102742995600257,26.460944264863663,LOW
2.9057258284524075,44.59880043327822,56.82455591801393,0.9575499538039314,40.19971319641149,WARNING
2.994493844598351,49.11485074804811,36.569770060840135,0.6740194717107695,49.86740289537113,WARNING
0.9704628895558653,37.45736527610162,39.67866821257172,1.3894368241279813,13.823278394140344,LOW
1.0063948816620762,41.75617600530764,35.201788825654134,1.2370315620772538,15.61584513483199,LOW
3.3604190047229956,58.31909003051037,51.99144765840425,0.9903713626125987,52.6500932692818,WARNING
0.8115080066837163,32.61770934060473,41.8882628682413,1.2190523948237881,15.290288034501113,LOW
4.54358750524735,261.6850792815475,8.38062834168255,0.14579654836977177,97.66813875433184,CRITICAL
1.0884856107655116,31.15178447214995,41.88671088901495,1.4841596031160509,13.253824927973884,LOW
1.224210000111907,37.251141212591996,49.43205402994087,1.471295107138456,13.747759700181737,LOW
0.829935454888393,33.40489300228617,39.00801586383015,1.3176997787395561,14.399426408808022,LOW
2.6437287568278465,66.38136452855045,25.749650240788768,0.5812931558815568,63.790897568356755,WARNING
3.5859372296875067,94.7082380362651,18.522701809564214,0.5681786495583143,73.76262872751012,CRITICAL
1.2152724177129,28.39728786501555,25.137523521937982,1.111639563466201,21.944468710785255,LOW
1.5991206018041777,44.18140801206718,46.82700384958522,1.0806062069591849,25.511860588491672,LOW
1.7346713602570216,17.94160811311576,10.138738369739816,1.4354136551258172,22.832994340301134,LOW
1.7117217412677341,23.515685783738416,45.69119543425927,1.308469569024024,18.543975761527335,LOW
2.488421760691194,42.18558481405929,44.96233771109395,0.7234470800282881,40.15596066652509,WARNING
2.6250849217040013,69.46314984956425,36.993567924370815,0.6346709998748774,61.21196366179846,WARNING
3.5968282213652403,121.40571538383011,28.324666214917798,0.4875358992822667,77.5623000080908,CRITICAL
2.1234729474309932,48.76539210142461,22.52104279326153,0.7611068398138623,48.411667261623144,WARNING
2.2571497117672825,48.5813809219201,57.209579641722144,0.7211945585537284,37.4126928378512,LOW
3.8371755836394876,81.06210889202843,38.627165899548814,0.5112360895394963,80.89684813622343,CRITICAL
2.1222870963928795,41.62842705366656,58.49046660551596,0.7503385374027381,37.19538513770887,LOW
0.8921898309150126,25.028030976883343,23.99405548121571,1.1538461218265366,13.379370347623043,LOW
0.4285305256819921,35.61624467678696,46.77579364834714,1.2544258226249407,5.899095504954444,LOW
3.9714920564732137,104.44087810274962,18.728512766563867,0.4405971811899765,82.75306925596412,CRITICAL
2.6831042053244962,61.503657493047456,48.661962720931676,0.9802961439280896,48.80612510172181,WARNING
2.73000292551326,64.90376843657933,35.83015400894381,0.5630549906684033,58.63457720429606,WARNING
1.0916401542964054,18.07608613599757,47.42477425314628,1.1137378233231456,14.123417381106655,LOW
2.4614564121501346,54.463625998804204,28.984676658328077,0.5268875639743579,54.60118781390314,WARNING
2.9616294259394875,47.036967785550644,21.899768987292887,0.9327875313485605,52.063246181487,WARNING
3.3152591091127785,48.53567818228554,36.29375008680749,0.7165791096735987,56.86547848953457,WARNING
3.6925639915143327,97.33522819319589,15.549990925059383,0.2921470653699264,80.26420038279836,CRITICAL
2.1739002659862594,49.367924485398035,45.002142918814656,0.6454299869714655,37.70348496259157,LOW
0.2554654534073397,15.038671052187453,43.43372099472621,1.3289317528024849,4.516270070606983,LOW
1.1982762120947203,30.912237986892535,29.244960934788597,1.1572561851863066,16.771261084863745,LOW
1.5105151274580122,45.19427075370618,47.766036369312694,1.0293094853067903,24.849947821356167,LOW
3.2529145944977653,131.95253268066097,11.638788662994537,0.4524982883046476,75.87480885591522,CRITICAL
1.5609279351402028,44.53217145741574,24.59284168870065,1.2627930463496502,30.188956972478735,LOW
0.44793457359058364,45.779144990671035,15.92351352160641,1.3178696787650936,19.901807858269922,LOW
3.9119685798632258,135.5267789888398,15.284234016225298,0.5269725636855478,82.54459245403058,CRITICAL
3.17790134151333,34.25162267509686,43.31060453774178,0.9105710634493398,46.495413375911454,WARNING
3.0286317047336415,145.74114627885837,11.300161999074392,0.44580747186993996,69.78996306191698,CRITICAL
1.5913330934563854,25.38682499189736,14.284500612604948,1.381333908193821,25.660192128651357,LOW
3.5873861907588074,91.2865765904252,10.456674144744724,0.48032099252077753,82.15094189657327,CRITICAL
3.434227776992972,88.71608281835343,38.199498561724795,0.41810485089874294,78.22610963696471,CRITICAL
3.400117144327627,76.57918281551315,42.88378426912694,0.648805712360713,72.8902559069924,CRITICAL
1.78777978936363,29.299974994629846,42.941135039249886,1.420088148911502,17.43845270802064,LOW
3.7221886124756747,139.84144017653074,21.616887388689076,0.24586528245678416,82.99622908252576,CRITICAL
0.31909379214581507,16.369695760395707,40.03893038668423,1.3554283367331406,7.578793638062392,LOW
1.709154494408611,21.251791821129796,41.7194233325979,1.244402953867471,21.38610628384287,LOW
1.6985832380227315,11.412090180562785,48.98947789030029,1.3240897791326867,24.534524031851024,LOW
1.293303609185808,14.909637858359313,30.562098211741905,1.4925477616698988,15.571762326125963,LOW
1.339670482127112,18.19548914767102,28.818599304704094,1.4900463569296376,12.799348173369005,LOW
1.3092455529126386,33.023909950671815,32.60206345161613,1.3075616448258085,16.15608559041554,LOW
3.826978827484031,92.1917376644785,22.39819532136607,0.5082195922774271,80.91249947541743,CRITICAL
5.902274092883573,284.9038799514261,3.167477945982793,0.27434253180270146,100.0,CRITICAL
0.9738269517148054,36.247025238656676,20.43342463932063,1.0114742147199722,25.974641494827704,LOW
0.9362202243958699,21.28010277704807,40.58066244144527,1.0533450352746356,15.785322605872965,LOW
0.9324613856021768,15.25621487221855,49.5079677104433,1.1665192116993366,14.570349545746959,LOW
3.1690895813663325,76.03080421128227,50.2219090336544,0.8372518893831188,65.33133693100017,CRITICAL
1.7794528297263987,31.751092353595418,11.605402017397708,1.4599510628299488,29.488419483238246,LOW
1.7503193689659033,44.275518168214276,42.63006349828459,1.030701509647678,28.125161634456976,LOW
3.458068862368806,110.80290273579416,15.254219016584493,0.5873643154764605,74.23272726179407,CRITICAL
0.4627798902664545,36.42915880596697,19.713772120017907,1.4693858055071949,6.311657165535043,LOW
1.0395871696435404,26.46644420679946,45.61318101369475,1.0046269601084816,20.024172500105905,LOW
5.248785528591685,172.77651684679134,0.9352002762233247,0.16143169756776957,100.0,CRITICAL
1.3353273957877705,32.141158484645345,13.11897694087246,1.2632632665875878,25.084426458942165,LOW
2.1217918862304863,74.48694881152099,43.132265977909164,0.9753122346351584,49.43778890843574,WARNING
2.035481559647469,76.9819595774789,45.75977891416793,0.5458132422496456,56.00849444335028,WARNING
0.19648891454982753,34.37583053728963,34.56061659578341,1.2498336458907207,5.927374190022917,LOW
2.0291233398148485,44.1234615163749,22.12741365868598,0.9500773757238277,38.22516575883349,LOW
3.4941727552893687,45.10856316526439,55.13943391027641,0.8015271339662409,49.572266879843184,WARNING
3.35621112335645,41.76541990376854,27.015613398944502,0.8481109575024335,56.97256403182655,WARNING
5.499910202208156,192.68711085714733,8.399108482955713,0.11529529063751151,100.0,CRITICAL
2.4124386655953547,76.89942638610282,46.13260899076586,0.9852383232208912,52.15933964105218,WARNING
3.2317891375454213,70.65526896972634,33.49315107334368,0.9820103614786141,65.0813260767503,CRITICAL
2.843334874766316,68.07536548382618,54.6471168658021,0.801522284649774,51.06181854242433,WARNING
3.312285575889255,96.00109410933717,22.920030685985203,0.4710946398323133,75.68336982693296,CRITICAL
1.6115930203960007,11.473432684132131,36.71930551317578,1.324911168324984,18.509056856958555,LOW
3.7133675535640704,135.74113274962968,37.13773047559505,0.47002076731679515,81.30455159997155,CRITICAL
2.6366564060013404,65.5264586324981,54.70755508724568,0.9878260656956357,43.26344186933199,WARNING
4.650655653528283,213.25405705772727,2.1907320995474255,0.07426328610541379,100.0,CRITICAL
2.99894842746055,69.0914637571656,27.31200120982524,0.6524065673072177,69.65511587464745,CRITICAL
0.7931980163527197,49.31620931438759,43.397632128548494,1.239843377310243,13.689766599884672,LOW
2.3355133971596804,68.6161022613183,38.25813612782913,0.5537496604961212,57.26134273275975,WARNING
0.8643217856447727,39.97171646657748,12.919308589238035,1.3297734975463198,26.286734499709578,LOW
2.2672529240342576,59.35516775315187,57.645797888155194,0.8053921349022688,39.60004859434974,LOW
3.104659463169903,46.66021160629295,48.01903605286162,0.9581169166566075,44.819028155225574,WARNING
3.8239121274566292,142.4349234688239,38.21250377897579,0.37886278270870344,79.62792411884172,CRITICAL
2.58571766078916,47.535835874608296,37.263816423906775,0.871538067391338,47.38367405254448,WARNING
2.0307176916865988,61.51190785530808,37.46284493234364,0.7283144945755708,46.063079160913695,WARNING
3.5476079860846768,141.9935276421263,31.38416777175071,0.4211360035056211,75.30660315474356,CRITICAL
5.084580278022734,249.36236191217375,5.576402724933933,0.09653907257628264,100.0,CRITICAL
1.427597839785571,28.94824830757234,30.707346101202976,1.2960014910796727,17.942783247714406,LOW
2.84485260331277,63.45477224276286,33.10207059363048,0.7046934184082245,60.68729815497565,WARNING
1.96066999509307,29.88011890041267,49.843076631863916,1.244892989030633,26.28718716983428,LOW
1.8190626227017075,42.74201004777765,39.03282082777139,1.30491335772123,22.331709262575114,LOW
3.4950923211191944,43.8998717009969,51.18737461462312,0.7907023851068287,52.755717775692624,WARNING
3.161540579272382,30.025499450797177,40.20108354009176,0.6176172899853233,47.67966096373228,WARNING
3.1529054440502287,126.65193747023834,17.981865709747744,0.3426168572857089,78.61926388544454,CRITICAL
1.4114935094068535,12.441348742929513,44.293385796915075,1.4082836048696188,16.853952289336238,LOW
5.873009961803691,203.42957458783923,7.985507680311543,0.22378945424347785,100.0,CRITICAL
0.9642842532383795,32.0801711954127,18.446418798510095,1.0133158434570526,21.363313017526323,LOW
2.030007746639253,78.6701304464178,28.864290269695818,0.8319500460581455,51.286124689829435,WARNING
1.0818452051639194,44.18732832371474,39.293962785915916,1.039651237376693,19.474233555754296,LOW
0.6925866000084007,14.656307458592778,28.275962836579623,1.4921545954312678,10.428566747779142,LOW
3.274867152638207,40.78617452328047,50.15305046772113,0.9406776201528748,47.99003667397702,WARNING
0.7589242175972071,48.80407057326246,41.2315138391917,1.141295416268766,12.126249830420411,LOW
0.7748157636423461,21.173240741213625,36.99052165565675,1.3892709075430587,11.918084877350585,LOW
3.1553299673181883,137.59988665516684,17.644024734311905,0.37093455596402025,73.57802423597687,CRITICAL
0.4037504449505238,28.919350666085354,40.50689695906216,1.4986025719871505,5.8911538190807855,LOW
3.3155179384142803,67.3916180467444,55.81740403024424,0.5381467716569566,59.151161491508766,WARNING
3.0757328374594755,130.0670069984795,32.070662460106135,0.5987643557191091,71.05050232484076,CRITICAL
2.57386055872341,57.86242758092727,34.66203752666361,0.598009322652429,53.016382443553084,WARNING
3.35924095179784,75.63633130441988,22.19055110103302,0.5399497004759468,72.81094834856307,CRITICAL
0.5846129596920023,13.795567009570044,25.53853364693762,1.2938626963456437,11.142835959743012,LOW
1.4422658021015033,43.059357639242855,23.850970659096337,1.042767679649731,36.18185761511962,LOW
0.3610004436923152,28.694349089087233,16.23740605264313,1.2314223788289886,14.863563467173096,LOW
1.1540179772806587,16.77953099680227,10.039674578785082,1.4346000440324036,14.6061067690465,LOW
2.148414233075785,63.20361838419278,44.46589330950394,0.7366783435216017,46.749330105808596,WARNING
0.8567891083254282,23.164616515793092,40.848041161465346,1.4582326531162697,8.728933913492469,LOW
3.7977039302997686,149.0752961899058,30.914336512311554,0.5004215164854136,83.32837887550637,CRITICAL
3.883844304184343,138.9372476863656,38.373738158251115,0.41495167516548304,84.42801685754107,CRITICAL
0.12100335752431811,31.785562224714322,27.410889554557652,1.2256225266827243,8.572480166192454,LOW
1.7268311893498582,46.114591751665635,29.98007079995819,1.223469018682544,31.08023415552928,LOW
3.0619572614598236,46.4267558298103,24.10192503698586,0.6324262000912402,59.41847773548028,WARNING
1.3116517053847558,48.179841138191186,37.429749293219345,1.4633247040322848,18.58097699040874,LOW
3.09181643310676,50.70309701066707,32.99178011453475,0.9231386862364597,54.2218400242006,WARNING
1.6058090119222939,21.402753618891666,10.39551460067683,1.402494279488061,26.66738594854871,LOW
3.027816119507704,75.73449105722388,41.64695320552421,0.7515970362894828,62.01884324529887,WARNING
2.6735438683789057,38.17631043040602,23.781150560019825,0.7364600584308897,47.500035023663344,WARNING
1.3415707285902525,28.84269910980563,15.73902816536859,1.2539014423992567,26.029563937888646,LOW
2.225900410141389,77.08026684529972,44.83865711068634,0.9235355688455684,53.47018774247453,WARNING
1.504884489856127,41.24122817335676,25.897410895483027,1.1919767264417112,27.129503980980367,LOW
2.0643301397591163,39.5295150560413,46.56575028965469,0.5491618335459819,37.39716833928877,LOW
5.736792418923802,243.94534986101047,16.381149113386996,0.26627401457687033,100.0,CRITICAL
0.8853503018827491,32.33038524994397,38.555638522961296,1.015070658861264,14.397948012077583,LOW
1.2561862865997415,24.29474716596475,41.00100222517973,1.3258260805753581,14.619490488628532,LOW
2.675700991557137,38.44785205506593,33.05496821273509,0.6515233741592933,45.51067839139808,WARNING
1.1391271366039333,40.545945356502166,33.01867555411948,1.4131456824686761,16.415496274781336,LOW
3.014002341412861,64.78931532117136,49.158617083915246,0.8257149060980083,51.570195557111866,WARNING
1.4210807874443632,38.9913062709755,49.739197373345085,1.346681218350563,17.969929266793272,LOW
3.9968347619611584,134.53314091382026,28.375011335734253,0.2315819307726273,90.81079388682497,CRITICAL
3.0628423528729254,68.77840739047159,24.982215535979574,0.8268662500630717,68.49748382217767,CRITICAL
1.3995594859587803,21.79971787935919,10.359771712697246,1.3166789559865477,21.902847608598517,LOW
1.3526537982976068,47.024377934277496,48.76983736844361,1.1179615436638062,18.739127283675757,LOW
3.7874895686293737,85.17452016520346,22.21410981631832,0.3349271304038696,84.91907795163439,CRITICAL
2.6154285659797387,64.22941988265418,44.097410223617615,0.9878193595488169,48.20679544978421,WARNING
3.2441901409718326,74.94428769310727,22.72537055105935,0.6510393996367484,72.60054538843146,CRITICAL
0.9254473073177693,16.77059002861676,29.848235198000324,1.331607163649228,15.700981860203306,LOW
1.7643759302440796,47.56276768404274,34.71629696474594,1.4406954993184484,27.3360871418813,LOW
1.6151529481449893,14.765927738903759,26.320409259901467,1.1619092672791376,19.343109358209087,LOW
2.5510809337279365,73.03951905152323,45.35535360878446,0.6076491486607231,57.868508117307876,WARNING
1.710099686490646,25.45918999949834,31.431962622625807,1.3244709679761664,19.17409683195622,LOW
0.5082738469762993,21.368423476762537,12.483139361281443,1.1519851379855028,12.220622017275762,LOW
1.9274830159535072,33.5891530186352,41.49529701663222,1.0226886263901611,26.356229091929368,LOW
1.1234777499650834,43.74439316549767,12.416479667779768,1.2983611446836811,30.945191150337894,LOW
3.466837786865689,70.35800391460921,31.049092542610936,0.8547895969391326,72.71735615751321,CRITICAL
3.9037299762136377,86.89009082925382,13.142915730433565,0.5185599955082584,83.59846833166624,CRITICAL
0.2112287017051481,26.049167239224232,42.795076473043125,1.0632825119069902,7.328525086473458,LOW
1.7072131681305145,44.56282012581875,40.22282812398097,1.1212398156978087,25.062448516915303,LOW
2.276282788285057,44.06392250365554,40.640211686951645,0.8675069042303989,36.595381578603025,LOW
3.429123317781888,145.720877173652,39.74201624656407,0.4106639304445664,75.78862712549852,CRITICAL
1.6024759362879002,16.372429421000597,20.08187438688282,1.392439954749641,16.72637563373601,LOW
3.0991427920725245,36.25356197252845,31.079210398997365,0.6106383776861166,51.82013775029935,WARNING
1.5505453015945225,38.54832409097297,36.500956415348156,1.0031427729342957,24.211284391552066,LOW
0.37821042913291003,26.412622058955584,13.007223400561037,1.3750110951938903,11.149542921974074,LOW
2.8614000344013473,34.48524385209839,55.60332678187032,0.9828179143540572,43.00380183894262,WARNING
3.5398435225427023,102.63261696687242,24.35676145241058,0.40490750031378075,76.57912055964171,CRITICAL
1.8667007379040417,39.75532443770008,19.652065690198558,1.2927785936599343,32.753387649161446,LOW
1.8205417350474404,32.68692400740806,18.679909842412673,1.0613923990595753,34.63409461346524,LOW
2.8215285845437164,46.72072256773062,45.216641136764736,0.5343423431096943,48.2093525090728,WARNING
1.773726653483091,15.685854818260673,36.956794963381455,1.1956017208572125,22.077548327232098,LOW
1.5532901043611733,29.97848536691656,39.02621854575465,1.2525956143763846,23.57090118707174,LOW
2.9234226640831826,69.46097957137972,57.96347263277493,0.6883580769676684,53.24473621036696,WARNING
2.1294097366003184,47.940194028443344,36.48196903557544,0.9176186584120255,42.0519075081057,WARNING
0.9825360722937996,46.05270660654337,18.972556372231402,1.0157610926535565,30.02346513940488,LOW
1.4384204592304313,28.178540273658783,28.399132540450633,1.3349025206191598,19.742834713958814,LOW
0.8519261500433766,36.240324338836714,43.134760289207904,1.3957655355825276,8.253089152202472,LOW
2.5386445753045868,36.115215814686195,28.673368707719625,0.9324169072882424,41.940788636320534,WARNING
3.065986065600285,62.19316175052151,50.80045559609128,0.6797357881446708,52.57562476487652,WARNING
0.4887084070858332,10.479147578806574,24.012874884248895,1.0458720254399887,13.05613736308445,LOW
3.8396054509905166,97.68719483703038,14.022494265941408,0.2772289095186925,81.21095763202412,CRITICAL
5.098948959370982,177.37533345008623,16.814923093736304,0.11855737329376648,100.0,CRITICAL
1.0594007493011606,45.704613363561265,44.75029726420223,1.287177535151939,15.023777810893732,LOW
0.8663782463019626,49.025322614620215,34.31092895509608,1.3905488775620984,20.6205537815222,LOW
1.435549896317739,44.05884055547509,30.294541728982544,1.240433729318113,21.228713625207977,LOW
0.4364837191587593,47.569908915004355,22.6431887471802,1.4003457317871426,19.984070152450727,LOW
3.6233707602208973,142.8565240367431,15.03091968736881,0.45068503038271507,80.31466421815055,CRITICAL
2.407461696116261,67.03769006459825,51.139073164649474,0.9155939780082224,46.748691712697045,WARNING
1.5041767362470653,28.51894660582849,33.9017749810888,1.2079199907152844,18.29811114455019,LOW
0.43825610625019096,13.102756290485381,34.72290718886647,1.4243191989765296,8.750389825243154,LOW
0.6161375071434683,19.280248051272288,25.962048746846165,1.1124993385087856,10.725765757862291,LOW
1.4842309374576939,34.440369938167564,13.247268215667717,1.318872833122859,30.954326045258732,LOW
1.4797161974284039,39.2344329217828,18.860031240367494,1.451611812485468,27.148312924246493,LOW
1.3898783970896746,15.83422235534018,20.312156679678772,1.2930535589686114,17.948832789883806,LOW
1.3170522136236913,29.485814511232356,10.184397438926727,1.3248404189726921,22.17950811280557,LOW
0.7492268469314234,13.765870091328942,18.814787622659658,1.1118861457904268,12.447863683196058,LOW
0.36375169626230963,13.161307029316482,33.55477560828845,1.0933107457834135,10.464795124510312,LOW
0.8031179194529535,42.15505508576798,22.819585490614493,1.229132741198404,20.296180358252798,LOW
2.9925265343549974,50.5264556973358,40.15927702745451,0.9836017279210967,51.99720143060855,WARNING
3.3574928389584873,38.93792517355322,39.329446249806075,0.9543308349225252,47.1605674957945,WARNING
3.2519402124091137,81.55750878466577,14.074213167075769,0.46364589675990464,73.63956222926502,CRITICAL
4.222924279167033,219.29220721871428,3.61273101895065,0.22351096023047762,90.84209119370176,CRITICAL
1.1497875826972581,44.927363680025294,30.44360804625674,1.0291217263857355,24.58751760087315,LOW
3.1962814989770143,36.60780986521613,22.90844857378367,0.5939038887787845,59.32996919272232,WARNING
2.3742198419476526,46.61182976234297,58.63540051773369,0.6203126133646928,43.05245684934338,WARNING
3.5805315044577366,88.63075264598734,24.01937134465204,0.5794194869443503,78.79350828017493,CRITICAL
1.1847520884207088,43.75408232807895,46.82753764678782,1.2429116835756504,15.414938343053343,LOW
2.0044701961734965,42.66116537566948,31.14848414987783,0.5467465058272154,39.955229234057846,LOW
5.337204761121676,213.90076191245163,19.761089213910186,0.045969696070383356,100.0,CRITICAL
1.329418193393194,12.22322537936308,38.67995432332475,1.049933676460995,20.120109584445903,LOW
3.6832355451381678,125.87992507721728,26.664804893949764,0.3171223994780411,81.25444776713472,CRITICAL
2.61522457983296,37.270807504630746,47.58389161310932,0.5647910839649614,44.995463202301025,WARNING
2.9464867313204635,50.910139217136205,35.85122072957485,0.8451313045927006,51.24350190498859,WARNING
2.7653198035464657,78.46346221742631,58.22798235675488,0.7062147450063794,54.58856364563405,WARNING
2.0824460920679777,58.69873552341551,56.02311722252659,0.8900669245975461,36.51266886677769,LOW
2.2398935578645087,47.922472356678185,29.328196666009433,0.657957641227818,43.33737411877516,WARNING
2.6577518724118656,44.330777922486384,23.816137368206345,0.9459192286723913,51.929572146390115,WARNING
0.10313972746974522,43.071909590541836,49.8724376130316,1.363551413856828,0.0,LOW
0.13963679801107712,34.47923454120907,10.873275054096926,1.4968150709626864,14.010936535618367,LOW
1.4503439875516269,16.202388856496537,31.60373684390858,1.0403056442331087,23.054774538226823,LOW
1.7123137594800104,31.88074459106808,46.86369240053272,1.4583116868390564,22.953465720904514,LOW
3.077785200200468,88.46704332281664,39.631174291485934,0.39504032855948235,73.96441337123878,CRITICAL
1.4817098072354205,43.491431113990444,41.37053509181122,1.1370239040989678,20.83148752438431,LOW
0.885176906143225,29.650916724178874,16.69491406160544,1.2262350252071712,25.205560862503958,LOW
3.517334498479495,96.15487457595727,29.893862147325613,0.51892565763465,78.75618030131126,CRITICAL
1.32608126513345,15.877519837840506,23.677052183122562,1.454611964774817,15.256345552678162,LOW
3.281023122808912,77.92765926563133,39.595457611590774,0.7807878683130172,70.82782462004204,CRITICAL
0.23676568040721463,26.912138897952737,41.625093575323085,1.4024427489957643,1.715241776575529,LOW
1.8104113545231524,29.871650337187834,40.34179683586454,1.0321920529643405,27.173742847918856,LOW
1.3810565332622418,15.336259251128531,23.032715164227326,1.0322739025119416,21.71060943426601,LOW
3.9746231168075656,139.19233565688776,35.65587418590936,0.43087087814853703,84.03559624653958,CRITICAL
2.6093813996417414,70.904744752294,27.282704491120985,0.5281124579120966,66.84432860330233,CRITICAL
3.245362055986436,133.96269782957074,34.1310887502472,0.29974185205013815,73.82753572378576,CRITICAL
0.4878323406603855,18.025856355575776,12.609618167019327,1.3630036923275979,11.188954776182186,LOW
0.9611411136898619,35.560697157070514,45.09859798687112,1.2623105508096875,12.225143454204158,LOW
1.747328649096817,22.409856987504423,13.176947985303059,1.2225210537551199,31.735234259390765,LOW
3.286464817145022,99.51856292474874,23.214509540190345,0.3427659605886061,79.05344172867225,CRITICAL
2.962628115697324,67.94605189531332,52.801671647947565,0.9614905663670739,51.49167267524747,WARNING
1.4572938076999242,31.36037269228757,42.67602378739534,1.238385260303213,19.50121771608886,LOW
3.395253071971517,66.61471330700437,51.04377144873297,0.5335877156329281,63.75347702915477,WARNING
0.18433910229314404,24.7654363185654,29.956514931583037,1.1057297546934435,10.720759860056823,LOW
1.065991447579282,33.43616942510175,19.596716754180996,1.2936947372281065,20.423985726482154,LOW
3.9272714445333183,86.467582025596,12.87434738970391,0.39041767315504056,85.68845806162761,CRITICAL
2.638825196697544,46.322538520875156,45.639764645046235,0.5010407561749601,43.965401246965776,WARNING
4.009201091451769,245.94573139552438,17.393731621217057,0.201682096207421,85.96664502317716,CRITICAL
1.9207877891355762,45.74083018356164,27.35819680998071,1.2866642463055817,36.664479481700276,LOW
0.8064444585682629,16.59287531960905,18.367383711069213,1.3284366511296795,10.011147875661552,LOW
2.3466977909384044,50.14548081808263,34.92733839454727,0.9936801022676671,41.64943985220823,WARNING
3.3426353916281712,126.75310589144016,38.99949990046338,0.3561115455954209,78.56437685633709,CRITICAL
2.44388571659395,43.315615779898735,42.96626665726208,0.9896322990166091,37.64513267650123,LOW
3.2537626123449948,108.12735849590291,29.299074354825493,0.4072183537645566,74.46234058890941,CRITICAL
1.9880262572416008,40.1061600484512,27.50776152898847,1.3090842748331457,31.994505260480384,LOW
3.8966009580549783,103.61665918382019,25.941035914640164,0.4789534096350587,80.4724377884655,CRITICAL
0.2232705143784831,30.21766626871219,34.065429432933456,1.002920800060755,8.767148790338807,LOW
1.1279973233781027,21.753716750386612,21.04735257626015,1.4346746719065409,12.803582513447555,LOW
1.0413742530274845,48.11298867744544,35.000529964641835,1.3586027399472194,18.300764181353728,LOW
2.947886422142186,35.52138182316666,38.48638854498526,0.9576644723328251,43.10056655536774,WARNING
0.9760876338048096,28.444127408020815,42.43045872590554,1.4122879351647222,9.579285188354623,LOW
0.7640176567256267,37.19164805085359,38.109862979563054,1.4825001047383595,10.476424059605925,LOW
1.3016276075865516,31.56763482890127,16.024742404529494,1.230601236066068,26.634184520908462,LOW
1.9621882959051578,31.69200296096338,19.6987697321223,1.0958321935079038,34.334573608233,LOW
0.9605724540895606,10.87705719155693,27.801811332594614,1.4942023460779732,11.992637506703417,LOW
0.9988916368311724,21.448924041028555,45.76390111956117,1.0906462360069562,16.95793764151864,LOW
1.2172906648567117,30.561643663141304,43.2097411188163,1.1157265856598202,20.510567338071255,LOW
2.603176078471936,31.472125737241576,50.135416960624376,0.9860910389833801,37.17978937545616,LOW
3.284811831033192,55.843787159746306,29.267238616934584,0.5072210521175727,66.78851290298718,CRITICAL
3.042023626152957,79.39761841032823,40.41250333648159,0.7135873948365047,71.54238131008847,CRITICAL
1.0060364544034215,44.91485912491689,11.69758903166965,1.4889500236430944,24.586640557876283,LOW
0.19520031035944652,29.004438339334353,12.292970834576234,1.3592371073879626,10.815689064843802,LOW
0.47879299031961,31.794142313441537,48.95037228972055,1.347565524509209,9.892162865275894,LOW
3.3376031915866906,40.233447379697374,54.35510305034928,0.6505130435208495,52.3973454417971,WARNING
3.2810651489467353,144.87939802138732,38.913721433922404,0.2581965429828057,76.38475514216024,CRITICAL
4.977126102330759,232.56141647677288,13.888498990472971,0.2904880674818854,100.0,CRITICAL
2.336231006635548,45.14954653321773,23.905129584340976,0.82222618208237,46.33193912545127,WARNING
3.326755675332015,119.66527028479169,21.92698026367531,0.22961251496236545,76.45866609582895,CRITICAL
0.8753295857682685,45.82804407646073,22.97802614585358,1.1896205598810339,25.706552232557186,LOW
3.430656110114006,69.77787491973922,36.30432812871564,0.910754258449046,68.51654000032214,CRITICAL
2.416571048777848,45.14585340655062,28.953695542535932,0.5724964789098768,51.64476666897142,WARNING
1.8131802679312718,30.254462385220332,12.686599704222203,1.07065637224708,35.93346105006049,LOW
0.18275940267402774,22.371735120697743,12.397217324755673,1.1180138025964126,10.375371700132648,LOW
3.2890362177746777,49.35277063010433,55.024720797627694,0.6700710103738785,50.02807817172754,WARNING
0.7263137662226746,34.374254957119696,24.68572637248295,1.3364469019946443,15.846917782842286,LOW
0.9661499060436755,32.30980561771584,37.449000127439746,1.1193568459243668,12.694555205847209,LOW
3.7218427497552398,96.38685433167996,39.249236878087316,0.46591879641218337,77.66521711456537,CRITICAL
2.247163830240677,51.47458393489219,36.34850090958075,0.8599698221737301,42.385083919709714,WARNING
1.661555574254607,23.04529308064663,27.759545078751003,1.3861704877769212,17.37898836220589,LOW
0.6809949465802593,33.79080669108629,23.304981328273588,1.3628488473915703,15.812446924031407,LOW
2.2185599176212634,45.51343093399412,28.857897676406232,0.6951566062757426,48.15703633028753,WARNING
2.283757795402564,77.32364146487234,33.71380427528675,0.6501244234580692,65.19460066527466,CRITICAL
3.208274943024594,48.92358824068267,49.873878995759085,0.9418679780680274,47.90057252436346,WARNING
3.1400336286318553,78.97126979159694,37.24451551273398,0.5336116174772989,72.62938842712332,CRITICAL
0.18822394524299108,21.770016323538446,33.47519167187036,1.154811446463078,8.372529762334322,LOW
1.8102621074567067,13.193557254016008,43.60452656801799,1.4142865727196494,23.030971690971462,LOW
0.6675588555367684,22.203799246140505,42.45574849377644,1.4158267438050975,9.657762979050196,LOW
0.990679602733942,49.95171403422153,16.353565908249873,1.4737813199800294,23.63448039473514,LOW
3.97221465094627,92.5705132427373,16.405554713300926,0.20674687269394348,88.57427391050814,CRITICAL
1.6031754345299367,21.967820245269017,15.399822773225406,1.211281332509674,27.840445213206944,LOW
0.6001629469191686,24.853334337093848,44.074566980566,1.3962743706466108,10.783132093275745,LOW
2.511262782617102,66.29371717476424,47.33996617865512,0.809547221096801,47.964356434451666,WARNING
3.024472988490465,49.22727563212691,54.763032602708094,0.5811539227482304,48.583372536706236,WARNING
1.2400520650903468,25.03946676281621,42.61998908414077,1.2153927342643835,18.59058253567739,LOW
2.4623869842572383,40.47261875126701,35.52196123795295,0.8034039173012167,43.08070597805291,WARNING
5.38218037299033,289.72794413953767,2.35866389790349,0.01841187894404366,100.0,CRITICAL
0.35951898291520545,31.03474112913071,30.75925014093115,1.2875235832219751,4.124214054726037,LOW
1.1349772656459907,32.13057608130922,19.089793115522454,1.3559486251533428,18.625468121988035,LOW
2.0314699922509,49.78788518611583,55.605625648064844,0.7601593041219191,31.0980354438403,LOW
0.28955926431653206,42.689056763723684,13.46629621576685,1.146147382930908,20.668993018276353,LOW
1.584634482475031,11.571347289071618,22.332044154728337,1.286648685043332,17.43427057480881,LOW
1.6158015814118738,48.9591238034898,23.921642817951735,1.0195727568045083,35.80108198785612,LOW
1.5425054889003644,32.094792864365076,41.34370629669321,1.3487485051442873,18.994187845227096,LOW
1.063350896144816,30.082864292792944,34.4110219555735,1.093048783891452,19.21613486639718,LOW
2.6849013863087237,61.01024159704296,29.584192916781827,0.7171974469386775,59.3416732439888,WARNING
0.5274646895902431,11.648347829661851,37.02954658614168,1.1073223569948778,9.946009118619832,LOW
5.0674007468303435,193.34654943720483,13.153548675852607,0.08256597703142567,100.0,CRITICAL
5.210289570890588,276.6616723413995,1.4563093915684444,0.10448982521585645,100.0,CRITICAL
2.9825885260108738,39.712156071687886,34.248117220388394,0.6317217037437705,47.58075093962534,WARNING
0.4940181628290492,26.36108483658593,17.820103607862144,1.481284793688816,11.763791067219227,LOW
1.8352789584216749,27.138923926263278,25.114639662468882,1.1156599004524244,30.115141109733944,LOW
0.20584310181750584,46.740406027541994,49.21316531505524,1.2155217076059175,7.932646265674792,LOW
2.67544793936562,46.09398254430603,23.092751714312307,0.7280338651986494,56.0834648904756,WARNING
0.4481861429092181,40.891065028077726,20.203457244771734,1.0959921337803242,20.63240155751648,LOW
0.8457538233134141,44.96404252066264,34.73773887734708,1.2029807281697946,18.751050821549935,LOW
0.49465949127691367,48.50114826346221,48.29299394108816,1.0885827106323864,10.627362665357454,LOW
0.9000617552433776,11.988731699518764,36.1961412914056,1.038748010830871,15.102152413680706,LOW
4.853591872126319,203.47217379908267,19.95913431004572,0.15959068823375502,100.0,CRITICAL
0.8331355453490434,17.79837984134042,30.488922297901556,1.219427514084003,10.59091466976075,LOW
1.0664983226066855,12.333330891392066,16.14976114335824,1.4738286334845476,10.235666271953287,LOW
2.095173955490057,64.65438793847865,22.47211480316139,0.8694371135231864,54.52114358362858,WARNING
2.1319486715195866,66.33902761776338,25.467532788955317,0.6697529536359219,58.66608935311625,WARNING
3.50287547765914,147.71985024581096,12.667673766602126,0.391022639825272,78.49492397404232,CRITICAL
0.4331988248267169,20.35321240277122,39.94975406657933,1.0819810594090373,8.748349674399847,LOW
3.131903938830801,82.46711143491095,21.851362569090035,0.5917766567885181,68.893892168984,CRITICAL
2.300015884165045,53.003599709908144,30.611595109956717,0.7257641074395434,51.033349010781535,WARNING
3.1430149107164924,55.78861438368618,57.13487374884204,0.631892051224137,51.35254548613221,WARNING
2.069810059347461,60.388885619344876,34.977446293960575,0.8737212626602795,42.55519802666649,WARNING
3.5521538195470366,80.11935220515855,29.09097430499926,0.4995525118663737,76.90139462608711,CRITICAL
4.596231106788207,183.47298765626113,4.2170958095602025,0.1676402503061989,96.42049042039177,CRITICAL
3.6086901292003546,101.2326184166362,29.15709334202362,0.4499369190391149,76.5163249286092,CRITICAL
2.6452466787717492,30.929602931151667,41.59057948589981,0.9946333726092088,39.315815836452025,LOW
1.9345625148054506,13.848229666503782,39.29800463469225,1.0571649973314177,29.391937509499716,LOW
3.162816975851257,60.765570361371964,43.74458817522243,0.9561765434945692,51.298894049591986,WARNING
0.5280049795206045,16.471543400945208,25.999783872379993,1.3563763775968478,7.587490183898585,LOW
0.41589291377265336,33.71082878972089,40.45239661809517,1.1660774582263322,6.79460324462079,LOW
2.1471866197991902,76.7595515228785,33.47584741259091,0.9987528465867506,52.04291907044119,WARNING
1.8007622493268807,41.585450105896115,48.89361506382732,1.3041914765748976,22.519299080657877,LOW
2.7784607839165814,49.322418722717245,38.74760268916564,0.8177062915676752,48.393943507416104,WARNING
3.8627799113025008,116.31828730937815,20.42408924492865,0.45582954933283243,83.43778818183485,CRITICAL
0.2547376479116725,25.112364017297345,49.762885521973,1.0242559350131435,10.582308107457832,LOW
2.854622346744935,65.37772084893788,37.17370949198623,0.5456808686544383,62.52622101222588,WARNING
4.864601539968392,249.80838557520264,10.626208737785905,0.016401921593266366,100.0,CRITICAL
2.160105023021896,58.02057550078055,22.946442880682376,0.772427628559651,56.11791634487798,WARNING
3.3116581777411156,66.2528750136147,29.9820956886048,0.9442130710939285,70.19652960744739,CRITICAL
1.7297698323413164,47.23860460066176,40.99962597979633,1.470376226322503,25.881307329566233,LOW
1.7361264198892652,29.555725714549702,16.5566881177434,1.3344002995167006,26.226298019508853,LOW
0.47970979226257027,25.99110190695547,16.702516442394742,1.097014974119802,16.79477982085731,LOW
1.9273945671862647,40.569740616305936,22.789936049062565,1.4758020344592742,30.298999211994804,LOW
0.8804144888872445,19.319682101837586,25.46528768854823,1.2639481920216964,16.121089426018393,LOW
3.142605353318777,47.93989285786763,48.67192117215809,0.7890459193843423,47.82853783014972,WARNING
3.8206425472982897,124.63649992126199,29.635434002263516,0.2338599738425643,85.345028749918,CRITICAL
4.213872126991488,234.48499631152606,6.60141600898309,0.12895559348695554,94.12799981070798,CRITICAL
1.976686155082238,33.712482614059994,16.422157705686978,1.095004647415626,37.48730484396247,LOW
2.0755966913650727,54.01707881111135,25.928764392140664,0.7166093175889225,48.28806364073859,WARNING
0.5786582036776206,24.701583546087296,12.782447339456589,1.2921688180405608,17.771311624793373,LOW
2.0932278906988513,50.1155660587081,36.56002731538899,0.6669097842763005,38.50650616224939,LOW
1.6152947401390507,16.484374217208057,34.76458781213684,1.2527972008454227,22.9773268421463,LOW
1.4823158473317803,32.04753438164592,29.094461078427813,1.3338346573856001,21.94502046780295,LOW
1.1074478161791934,18.585901950807923,13.767698283325487,1.265985508532196,17.590974861614843,LOW
2.6184087837115695,63.50537246722175,39.588770153637995,0.7185429329797131,52.2814141448497,WARNING
1.327755649628275,14.64074045116558,13.70545474751224,1.3300064971042302,14.115481924720253,LOW
2.6453001451139864,37.62214422039518,36.44108447477246,0.8948658816600058,41.25859758276384,WARNING
1.3737785755421252,19.639423581851783,22.610049721056203,1.0979366039799923,21.62056165636743,LOW
2.9729031839559186,60.59175272995904,46.718904386771044,0.6183861307019517,59.11010788305805,WARNING
3.1877777941326957,44.35519833440553,50.813444867872896,0.7200922403084679,47.85358162690491,WARNING
2.68357907009793,77.43050848954717,27.17209058966578,0.8375025442911785,58.82347246094749,WARNING
1.618374339046161,16.298053345850608,17.46026731143104,1.4892171119945197,18.96072755465129,LOW
2.3757302624018335,59.54744800758006,41.36447353610053,0.9222366337569238,46.657215596748244,WARNING
1.31641648829731,11.609634336735212,12.757624491168805,1.3567635163522986,17.181870586589152,LOW
1.2015535169109675,43.6162039377812,25.197672336721144,1.0224202184199565,28.986384894513456,LOW
2.867670864504163,41.501441493953,20.61502496177988,0.8473360542395266,54.40472893524346,WARNING
1.7305090866464792,28.654564753304452,31.22542329489825,1.3769682721331833,22.619314379143045,LOW
3.9822984363204195,146.28198110622318,34.725375560318305,0.4822500880977006,85.7577741546812,CRITICAL
2.155625265380801,43.57421734095563,20.22752894117508,0.5687049351169959,47.21964372925577,WARNING
3.805699185335282,85.01283384626628,17.46741146401798,0.5276287538446035,79.97599685885356,CRITICAL
3.945450550117789,149.8283433132152,39.28810189723366,0.3640551942885766,86.063488699416,CRITICAL
1.6321606842495266,31.358189215916976,41.75709100939815,1.1379399398585053,21.65538979239052,LOW
2.846035690403273,77.15540338600661,30.66390307321669,0.9683441196424474,62.95001995826136,WARNING
2.9081375688200852,42.20400052312429,27.57979875359411,0.9331707179251952,51.95935209118424,WARNING
2.3198064241414236,60.75466829372007,37.901859256568954,0.5793275849815469,47.713443547479045,WARNING
0.9872207672362805,33.60434208374247,11.87625641524602,1.2010463747054985,25.24309650390098,LOW
0.1582361223437416,15.026501984460232,15.561366352735103,1.0914371240589855,6.486382343525898,LOW
0.29056423716298957,21.917618349161565,41.920620748178095,1.1822299239698217,9.859625797607967,LOW
0.8678207449377038,32.2124622914823,11.183367345520555,1.3138209007200865,24.071260336572873,LOW
2.5128953263976332,56.48024270329806,35.48630824533741,0.8503108650798472,51.29151375066701,WARNING
2.122698670741175,62.15467791094987,47.48953657351206,0.6853510903073496,46.551636876848065,WARNING
3.50511242106969,107.9371357559571,37.46354105845295,0.2923414211741693,78.59928696662945,CRITICAL
0.7870785966255304,44.378631118822625,47.551530568523035,1.1100338573774309,12.255796757285081,LOW
5.194815783963165,151.06297011710737,0.6825980814235577,0.04424535924141254,100.0,CRITICAL
1.5584763333705336,18.910635056677997,48.76566480199439,1.318056028601469,17.830329567888292,LOW
3.6678145728199314,140.50839370393047,38.694432916936805,0.25025639084383855,83.61746539762102,CRITICAL
1.6264748705203078,44.64504236376681,33.35045683511943,1.1830002738752603,25.582893597434012,LOW
1.0274758981018044,18.646153104255188,29.348144332606914,1.478303252731786,12.729621949235487,LOW
3.9416309195000223,136.44302823931508,20.642528078388303,0.5248180954206236,80.1337453746298,CRITICAL
0.3796804335042959,48.621876715757814,28.483872967710777,1.4274930074160288,16.154020687967677,LOW
1.3555534085736949,10.965631084893346,19.99459770877467,1.2181346400212947,16.308184423616673,LOW
2.546607059204356,70.87176346169423,23.918763615802693,0.839878293841186,60.2910705921532,WARNING
1.611228030832974,26.086817081696424,36.61398529054266,1.4671526343182366,19.914325533599552,LOW
1.0393537352710986,11.67742662395475,17.697824214449632,1.2122481872635837,16.813624685105015,LOW
3.479667182860085,121.04537531681851,36.212613759813415,0.3235275654355381,80.26450680452396,CRITICAL
0.7773085137808816,49.19240695557421,49.32874259184844,1.111614965146969,13.795505087534067,LOW
0.6147510614891004,25.90927829214749,27.640224037246547,1.3094031536652118,8.100058248694667,LOW
3.0934789209266267,82.93122892812502,25.121355493703838,0.22386488933224197,76.30685422724159,CRITICAL
1.8038784220515454,19.659321448298932,38.23903100499613,1.1511826961950336,25.510807480231424,LOW
3.4094684483426194,123.21056785206609,37.000707929731774,0.5158778050947951,74.07458734963078,CRITICAL
1.493429522793511,30.07572100640608,39.83867231544339,1.2472577752611091,20.336131308839388,LOW
1.0840512939187394,45.15609814583481,45.793481868250055,1.2267685533828592,12.688888739050059,LOW
1.0788552218579703,30.783571133370277,48.015485767164506,1.3247002336887468,13.889728987836946,LOW
2.959657581520947,59.26271131190913,27.109446184861493,0.5167965945397537,61.76865717665574,WARNING
0.9122920936644817,12.472169583043463,42.598693520793844,1.1720387187551369,13.439362220431747,LOW
1.8810586235979363,10.412135938149557,26.504787002361397,1.4633738856725842,20.847647644167065,LOW
0.2769076331408754,22.115797714471483,29.920415753377338,1.0925758436716666,10.690746959376764,LOW
3.049260734710732,91.26323506368014,18.258704073004125,0.4379463403550407,71.23120182710562,CRITICAL
1.7036777355475434,38.666874731317506,14.01824092454033,1.3122787512560457,33.57297892577113,LOW
0.4288177034813394,34.655820991074364,32.54419690216646,1.0880140763938635,9.834682423770609,LOW
4.843673464736588,164.5603992232405,2.4113803391023025,0.17516811411797842,100.0,CRITICAL
3.444132850758027,110.50887725564084,25.000220779476468,0.47897018326222207,76.89889349238479,CRITICAL
1.7413834620900184,11.17125539072585,27.590567801137695,1.2554959249899589,20.121560513405644,LOW
1.0206217254067076,37.47639914732853,40.941767389432556,1.3689136636718935,13.465908925381184,LOW
1.9989559936847308,43.94661247148718,20.400934925798758,1.0975529028364137,39.48215116110996,LOW
3.778362263794534,139.58722864541133,18.158713447309854,0.43738448898073445,77.41428858501403,CRITICAL
0.30714400536703695,37.36790973898722,15.719902047817552,1.3338488808532358,18.320460125089955,LOW
1.5886122821667408,49.97106103784948,44.041697943436084,1.375906038163833,23.51915915829068,LOW
2.632672227028144,66.52500839458011,48.96712140561813,0.8157491413436442,49.18244010136588,WARNING
1.1622286824575512,20.601741148453705,25.377323897166008,1.008707451970613,21.522295365462742,LOW
1.6367221016573639,31.708894677530193,10.39202107735884,1.2349219101199236,32.280422942541165,LOW
1.870760517159025,11.647091958520633,37.343520451277286,1.4255132981508707,18.89344640523993,LOW
4.355272453088592,229.6957202949291,0.8717915463442383,0.14975505733652655,95.1740724149855,CRITICAL
3.457475746897408,62.74903470194441,31.513611723072078,0.6203996549690692,68.07601096838357,CRITICAL
1.537377975693213,37.63026624729355,34.39508509232424,1.0204202214749942,26.537575162200465,LOW
5.174404259753624,195.59278599925622,7.630411043786404,0.05275221161346975,100.0,CRITICAL
3.061582490032588,40.03250077388381,26.339572927291144,0.5385024666010974,56.85422282007706,WARNING
0.6329585659172322,26.54498410443164,38.56195197529934,1.4352978168631423,7.64720632601683,LOW
1.4041834531082138,24.102485689699407,49.22108673189171,1.1494595796420384,20.075475182267496,LOW
0.1845394109549583,37.93076927790834,39.290371300338265,1.2303495065582513,4.967005926570822,LOW
2.8073591723707008,61.490055386096586,43.86815892751845,0.8329113820277962,50.51637532746902,WARNING
0.9476432178964541,40.97646846347617,24.695746369181283,1.0812525780295912,21.531278049060266,LOW
0.507993654530034,39.26640077024088,28.813584585039283,1.3543153489854918,14.109698303748607,LOW
5.339685017405223,279.57188358543283,10.158665343441253,0.28038625210617235,100.0,CRITICAL
3.991778571766039,123.61656147294464,33.376202208046855,0.4171472559912854,82.75326788167683,CRITICAL
3.0559479465986206,121.40359202520857,21.174520975123258,0.3546770152022223,70.07988254940975,CRITICAL
3.8538223745462266,121.9189662900728,18.187565422130017,0.3901825384648096,79.34570827770052,CRITICAL
1.1319163847591087,22.073251914979345,36.432317717101135,1.1596019679127654,14.106618098203041,LOW
0.1994847109693743,49.70152279621911,30.304415331007032,1.0121187970820864,20.352374445432215,LOW
3.051360026194181,36.97323272995175,46.309483159498896,0.8831491890061302,45.81221922739298,WARNING
3.3391235067805276,43.84948908924427,29.685787989570024,0.934784872471323,57.67634269004699,WARNING
0.10617106369686688,21.25037162100519,46.56000148037111,1.4507387907350082,0.9489793068565756,LOW
2.829855306709434,46.600400565859445,29.749466481112393,0.9076109271060591,50.65627404773446,WARNING
2.155520435556544,55.98035477361731,43.10085151649773,0.8712480302536825,38.27169098603335,LOW
0.6573222562524407,32.78084586532134,49.32505639926457,1.1087465914100572,11.156868489329584,LOW
1.9644503538480986,14.210922488253539,32.49491129484798,1.0030353114069062,29.19556804001828,LOW
2.2957890385580617,36.47922685623814,33.48071248643151,0.8855221489694908,36.47414228192303,LOW
1.9399882391216743,33.68582399955456,38.79598545538798,1.3256915855780074,24.14157156428125,LOW
1.2303858840885888,15.256623805650484,26.049458158525116,1.2844815679626465,13.927477130795522,LOW
1.6166451963602464,39.03689747984021,13.272756182589522,1.0637077594007767,37.22941271441716,LOW
3.76912890162178,149.7312207351672,17.61962347615065,0.39512119554752595,82.88948471001208,CRITICAL
0.3417620282117629,12.875515656204906,37.743443290566674,1.2470362887166033,4.11996938736867,LOW
3.3189515698840384,67.01642423776792,38.46891672666764,0.9921779941971132,59.97849554304044,WARNING
4.045641460029694,232.4825339231628,6.181909773994185,0.15106564530509545,88.6705055840054,CRITICAL
2.360143844417731,57.84293778686309,50.2424444802215,0.6332549186219991,40.59011728778146,WARNING
3.7249822592095967,140.98375060528852,15.10149678704978,0.22943185526390064,81.80972456770425,CRITICAL
0.4059348323660491,31.323306426992094,48.836482814510596,1.178617708308391,8.166564123433332,LOW
1.368303141599985,48.992310690003094,34.257059632197624,1.3607427047182745,20.28228211699553,LOW
1.2928436152330103,28.153991081856525,45.431294316785134,1.194105549821551,15.795921423078736,LOW
0.8146326187523197,22.162541500260108,20.155153575602995,1.0248343529504047,16.926534048771643,LOW
3.064301530891284,142.11558609220774,13.763961672041809,0.22610469482506362,74.72607021919326,CRITICAL
1.191558222252656,21.482264244766228,36.517970937184444,1.2512011098535916,21.621540076468854,LOW
1.6703512672633833,39.10884385306841,25.744413677784877,1.4238088926144363,26.77770781368449,LOW
1.840005097439275,17.579184803820688,11.936929056690765,1.1637435044365654,30.143172447651857,LOW
3.384911129530324,61.864282340722,58.073541878666404,0.5461854196379483,56.70068911570803,WARNING
5.005442617909448,157.72728389089576,4.424373121549124,0.0734378719247312,100.0,CRITICAL
0.182846428813804,46.19570801991665,30.622557788859808,1.3354653964770544,13.684986294675989,LOW
3.316728758855107,70.54956365276198,23.03415143179683,0.600978737192845,73.28994028421451,CRITICAL
2.6652520738250622,44.53499068234603,36.74535424191916,0.7225998231353172,47.06386808539083,WARNING
2.9459559334388654,77.08213688686973,51.82435699277893,0.7785384209872152,54.65184258535262,WARNING
0.9566610396642555,37.73528976777909,43.518486993443396,1.4798681122111936,11.056661372619002,LOW
0.2369882313853419,16.24419990549601,12.190397247585123,1.2004316194024631,13.175837172302765,LOW
1.3109728999499466,31.426604317336107,33.83883037551439,1.235988601468827,17.928452993545815,LOW
0.2347690299049176,27.181817948744115,39.667895055187124,1.1346823887742745,3.282862729086477,LOW
2.4179755107842276,49.43065304465204,56.25785273895299,0.9279198127474597,33.32145532940869,LOW
1.912765970767857,18.1086638604275,42.326732436501565,1.1844851047677687,26.569063139688016,LOW
4.7363114807255755,202.72749373660892,12.749272577552462,0.2884550419880458,100.0,CRITICAL
3.2896694824557446,54.30476515975116,44.794490513204124,0.7686583476165239,58.147026195892664,WARNING
3.3350718648109114,47.780841510278506,28.327361024024967,0.7281400551368146,61.13106275583926,WARNING
3.6174335204824777,139.88029973121544,14.985727588465354,0.5603494370148707,74.48667817330617,CRITICAL
2.0476396831107198,61.65594776425184,58.05587825043672,0.539583500237681,40.165304465401945,WARNING
1.2987345602850642,28.996091673238507,23.879572745944422,1.313768244972688,19.339976818219686,LOW
1.5308197879460603,10.179179076788305,22.27742975169409,1.2519793188423392,17.398500076245345,LOW
3.934832574271909,141.1598879434122,25.67293939149999,0.5536656700773932,79.8352338393012,CRITICAL
3.409238397047462,99.84121016538118,12.94795617439961,0.39163676841969164,77.0693903347141,CRITICAL
2.1693257277377715,37.175983207112814,38.5789304783869,0.9756323994918629,33.85748196254476,LOW
1.7672196785033139,14.811543737028462,34.6806882773484,1.300306488455259,21.753583367189258,LOW
3.153693656269895,82.58736451543922,26.03384484225424,0.41142338497347264,71.96857055349332,CRITICAL
3.948859650177802,117.69818094980917,37.89982547258967,0.49006366051993183,83.3021324912789,CRITICAL
2.6211438991139504,64.01210422584654,36.05251310975004,0.5570918839939796,57.874332930022334,WARNING
3.2361314182561154,66.44030995096938,29.164586710267063,0.9783175067388065,68.84092432371425,CRITICAL
3.98968971619147,136.56627104830787,24.060415561384744,0.48948177038681223,80.69648238193513,CRITICAL
3.4653071964186815,134.953810381785,24.479572549386305,0.35459839635068907,82.15926119666491,CRITICAL
2.5351044033381616,58.56601257780174,56.39483496321788,0.9881564500553199,38.973356938365995,LOW
0.4663792148553487,37.06742533714594,26.587355432937755,1.0121111692090685,18.60572980980133,LOW
2.742027723224873,53.62889674437676,43.180297697375096,0.6096983552817881,49.22075644346192,WARNING
2.016569540084973,53.77797773915668,33.4420418500237,0.8374348029518298,39.93086791823941,LOW
0.5793198958504249,35.33391400756649,12.89493372070018,1.053821210916732,26.00212181758881,LOW
3.1336511014239385,46.07748540063561,39.58692262066248,0.9728556824918293,48.4451006747031,WARNING
3.593944052806859,148.28391453452662,24.328407091332892,0.5098827472062246,78.41375897336106,CRITICAL
2.746149301449614,69.78150571486539,30.44161333227986,0.5611265181451144,66.74795326093168,CRITICAL
2.9528887079703905,61.20812279539376,25.30291469078122,0.6951484411886051,64.5020791243804,WARNING
3.4579851478710895,38.400886914851306,36.417675613564654,0.5475468999013646,55.16592637841472,WARNING
2.345850323358621,41.37813305893429,51.11319916560815,0.9813208314734406,32.153741933005286,LOW
1.4071848354077923,20.32321845431683,47.11809019862528,1.3364511800826993,18.967816955079154,LOW
0.5986169716089044,33.20099209267879,38.259425400289004,1.0165863785175944,17.28159928655935,LOW
2.255689293419943,37.01813656930503,44.92477952378738,0.6554350586087365,33.97507429947162,LOW
2.705179649099703,78.17293310189737,34.09531036425861,0.8701421701314176,59.43292700239476,WARNING
1.066630875989679,32.10279007607828,23.164371242509286,1.2358902644563146,20.265366239039444,LOW
2.4203043007083798,50.4021499409036,21.494626405544444,0.6185314505488403,53.16450091437842,WARNING
2.908979405397586,40.288526097718574,30.297679804897285,0.90840101149478,47.07887114807871,WARNING
2.841668578562118,53.04351026169071,55.98964363918977,0.6098552313575258,44.21988123630109,WARNING
2.238595760927275,60.78669167410726,54.824942536452525,0.7289508927390689,41.39351680585953,WARNING
1.441071101036009,46.79364095954705,33.05482439422177,1.093061122264378,29.310331723187197,LOW
0.593497127886821,14.140530760667303,30.5357628634019,1.0348523413533672,11.49483824496528,LOW
1.1742571217792326,38.22459851002906,11.889145586618701,1.0403104760878916,28.669743941073822,LOW
0.9039855993833296,11.673917795317372,39.84325067325305,1.111500090519239,14.174082679541653,LOW
1.5830235160150505,38.52615935571964,34.292361637925715,1.4675733531251849,21.757636046913564,LOW
1.6362101839673442,25.20371782983274,43.53382697184419,1.1297373144829843,25.406519145399788,LOW
0.5353929553483147,22.21049716069659,37.15715078641503,1.444694046211616,3.73320371706137,LOW
3.2417213665161877,57.17802948472349,22.75692885380581,0.5502331057542503,65.90890107415153,CRITICAL
0.9858881618749795,36.65986963617206,25.399677909434338,1.4012711285786708,18.020864435310706,LOW
3.1023723232393503,79.25948448386943,31.80919909486539,0.8223627931704476,67.55398381945787,CRITICAL
2.6216782787598687,59.524567282740236,22.22665571217313,0.9928838029124067,59.227623436072264,WARNING
3.8688090716314494,128.60059947000622,15.581500984260984,0.2124113769672129,84.83430834840708,CRITICAL
1.1671786217939943,26.835940899028774,36.06663982750228,1.241896616527257,17.693233367638438,LOW
3.2801349042637145,39.777850547789456,33.17731522261947,0.7184077932853195,53.899472658765454,WARNING
1.3415977936231662,26.76798839559797,48.04894982558421,1.4472343802377219,16.006969921118174,LOW
2.967162850921775,32.901528094181025,47.82922112129592,0.8536004364745161,42.40321661630273,WARNING
3.426704900805128,125.75942733611974,10.999863849287678,0.3656268666307345,76.24829419007568,CRITICAL
3.387576000400715,122.22128120958138,16.295674014536182,0.3666102595358238,77.1728704521806,CRITICAL
3.9020192994895435,146.09034602971357,36.86174980240316,0.20131245160412026,87.50240552586871,CRITICAL
3.1374594390853763,82.79483757778054,11.661656037341585,0.33956647807057344,71.246674075784,CRITICAL
1.005317004931958,27.685229690815202,40.273970620065874,1.1398064492127191,18.234925530050635,LOW
0.5862840195855898,22.14959290519392,33.96659493468666,1.23576274272604,7.0854769047028405,LOW
1.9475727199496031,19.3198795221181,42.722462410890344,1.3541054187940935,21.59161520977632,LOW
1.987034814438427,40.25757482534294,37.29798345403165,1.2026623538383188,25.377101416344146,LOW
1.6884411510473485,45.85937974724687,16.498825464569595,1.3935280479228664,35.99766660451393,LOW
2.2675625029041355,51.09144012873969,36.910316833364135,0.8799821291526242,45.31200399195796,WARNING
2.2219902866456134,56.275257157539706,54.30234825450812,0.659259288292642,39.21880655270306,LOW
1.6282811715390315,13.572780847350492,44.37973159555913,1.1555783583654045,20.94546079913157,LOW
3.516444546591304,112.20687805684429,23.02850554660455,0.47703505586865275,78.54765264052527,CRITICAL
0.3443406768278645,45.20688722563026,27.135813957026347,1.0370022878497513,22.95216428253552,LOW
1.6206467745803004,36.79103384149455,36.01364677057734,1.210412476433897,23.379390935272685,LOW
4.548378335898495,236.6558251523179,6.181103149452351,0.2234414258914662,97.42689612380953,CRITICAL
1.2543010381331432,38.07597375475894,18.048053873776265,1.0927156207023658,31.46800329597535,LOW
5.1793286127691385,208.5174715941402,16.02883389339013,0.15754768763337515,100.0,CRITICAL
1.7338021344937713,12.457916641770357,18.741040030190526,1.4465759094262958,19.181382284964375,LOW
1.29628886470192,18.540454724841005,34.234673900475535,1.191552083422116,18.429558179762072,LOW
3.0204089284487043,61.85172045363548,40.00899123742183,0.7597363084296629,55.94681766586837,WARNING
3.0353890426199617,62.743836941569256,43.47782259653807,0.5779194924020592,57.69740452180732,WARNING
3.7593950917969665,118.70067736758148,17.561707856321405,0.24435660929766848,81.87965985766698,CRITICAL
3.892666015822917,87.74869169869841,33.916499982894884,0.37865802772396506,85.83714766857096,CRITICAL
3.1700451613900062,33.716443031646854,32.74348079829826,0.6596584252083679,48.90791933808316,WARNING
1.0547117580232304,21.320552123237896,27.77534440350079,1.1838887965577078,16.25676912499472,LOW
2.3158758411239666,46.27510826634447,20.846617904482972,0.5541873536465849,55.849082362779285,WARNING
0.22438107047383998,34.1052960141881,49.92520463695301,1.0504076070326942,8.068526605379516,LOW
2.9647364045885256,75.13584674055997,24.557824547220495,0.6577222330409489,67.56437098288477,CRITICAL
0.8740283190284241,46.4637269422978,41.260926042474246,1.3614500502226596,15.226924178451256,LOW
0.3844027674912126,43.50340892483117,21.185533122069074,1.026816770512224,21.486051528407625,LOW
1.2572119407688815,34.2832785568469,20.40732684328138,1.3635900739729896,24.99126503924094,LOW
2.3867135727007893,45.51129639688297,39.13929583011486,0.5095194837646242,45.727043285548,WARNING
1.0003774593540522,14.32277181124575,15.051035511005018,1.2316183678686705,15.084704128583052,LOW
2.7121234813200967,49.21402842298776,27.71795969750425,0.5732810014071823,56.96833774395937,WARNING
2.6975099483185043,69.51601227398774,48.163321436025186,0.5969479571916894,49.54801635938195,WARNING
1.1308849934872462,49.283276043017516,42.516023906829815,1.4518562158151957,16.837717696987884,LOW
0.36663909690576124,13.39054640898254,20.529240202611064,1.2209462459833254,7.412434746455291,LOW
3.9398559588938635,91.44646658382213,35.587387607943555,0.3926888816053204,88.44077788624932,CRITICAL
1.5913847621206796,13.725620361795063,45.29972509676586,1.3354316772738073,18.265517949690775,LOW
0.7148746608531888,14.142117685388381,42.613673045510794,1.1484339255163842,11.915302105618931,LOW
5.405182863863711,176.01455553833364,9.520852938878805,0.14006526648999632,100.0,CRITICAL
1.4039721389128845,29.48767101153773,41.63861595474796,1.4076747866302153,15.28663143238892,LOW
0.1920035982108778,38.1293542444929,49.110511538554974,1.2233289932904505,4.231645581884553,LOW
0.7230471476057545,26.954989737378583,36.21628492858346,1.1365815280401135,11.111118677308541,LOW
0.8092293619881672,44.22518464636303,29.934060434075352,1.4823918788727048,11.89001336679945,LOW
1.419596543892595,31.455251431097455,34.15995715981766,1.3775633946670656,17.283196921134863,LOW
2.0650449502523403,70.12859526475141,41.308132282068456,0.6958542654073863,53.87870135598005,WARNING
0.8930892511202454,23.423448407527353,24.016357792721536,1.045667469203654,16.50597269516138,LOW
0.40748092841382055,24.92898972886591,45.77966179499166,1.1030136859604713,5.9269512425897215,LOW
2.0751896484812242,39.82716977679452,28.425661694191774,0.9964814001566156,35.214755414682486,LOW
2.2084373965752775,43.609956963828274,26.71288376491697,0.562302284809724,47.015290587442685,WARNING
2.496876870487994,57.684754303366475,30.302761300947886,0.6540181374641174,57.80589670875752,WARNING
2.225525188878845,60.86109295837309,54.08939265692509,0.5602116130903845,44.590111567187215,WARNING
2.1445866087416503,69.94565838929265,58.92613172581011,0.5906141445918851,39.68905333682835,LOW
3.5568094421117507,145.51536398717292,15.282578752502832,0.5168085572717698,75.01099866272324,CRITICAL
1.6514128872776892,34.129652855792465,24.416634117920054,1.221917912401258,30.175902751331876,LOW
3.338927193356868,86.274287467695,37.338465166104186,0.3549374958632138,74.17086339738916,CRITICAL
3.217505333687834,124.56710076009685,36.42295034824309,0.21396544584128696,75.53997757878743,CRITICAL
3.4105994216897746,126.05822026856484,21.172136896766617,0.47820650253899755,74.96819078116123,CRITICAL
1.662735515361506,18.237286012493815,44.62830422100143,1.2488794695509506,22.956147226491122,LOW
1.3586317187990387,23.6555888792383,23.89153435985428,1.3667631954691517,14.57721693695209,LOW
3.8053710337272317,114.83099925948085,25.799668484888652,0.47843065030705545,79.76015449258132,CRITICAL
2.625559938453849,79.74470966483729,25.905617114102355,0.7963639896199304,61.737113957802684,WARNING
3.3363347203546727,99.03950833821675,35.53817160706314,0.3576458304741842,77.78555352789057,CRITICAL
2.2216228676211713,67.79190626883374,41.959305960994776,0.6343058199552305,54.598892371951074,WARNING
1.311187411746846,31.663631130930977,18.811446709869305,1.3764905369880984,22.112919404941046,LOW
0.626035769938473,28.848733959972908,37.04598713689459,1.4644229879381272,6.134842614936246,LOW
1.5412464201963108,27.90931558725443,38.277165407527406,1.1610972119881438,19.654783652779148,LOW
3.534828078240115,146.05254752765586,12.364439174321026,0.40571072981682976,79.43742307093642,CRITICAL
1.9474434888533734,21.930547723035936,19.97111465465528,1.2428299378032897,29.847462345838487,LOW
3.149432206384738,49.66368288294946,37.598415058488484,0.7674799579669155,55.984909211541485,WARNING
3.454973695077878,80.0136403636122,37.02803486587842,0.2497346293757861,79.00582721600709,CRITICAL
0.3894864402942566,17.19262279924095,42.11510151559339,1.2897507208329622,7.552590896457894,LOW
3.728615679120491,93.22826409595544,33.08216202729148,0.3390260490383671,81.82750100506141,CRITICAL
2.91374181955931,60.468185576212704,49.06093887654066,0.8308510463211027,49.99023333132915,WARNING
2.443989473248593,45.65283436081948,24.982701910184623,0.7093074929874277,48.62240387212564,WARNING
4.570638722576074,229.71553390291473,14.864745055581688,0.004049181265281199,100.0,CRITICAL
3.038947658899478,90.19644863045731,19.675883634326777,0.3381847092253115,74.31949675285561,CRITICAL
3.011201115388235,124.87782435287757,13.939373085356507,0.5292862602844197,69.75305776169664,CRITICAL
1.305541242834557,16.250332706305826,17.600951703706137,1.313344951112679,19.620197156981817,LOW
5.782121674505093,238.96610365255157,10.770735375348474,0.29951546400243256,100.0,CRITICAL
3.234184295869288,86.82681932077662,29.02270103085491,0.23833985350749962,79.25269604500691,CRITICAL
0.904797032605269,31.901522681969325,49.66638182991849,1.1104908616665905,12.333480226563948,LOW
3.09150977346175,54.103841161793945,29.83325073159884,0.8104441345908738,58.56776053153904,WARNING
2.2567785851055766,50.28409502510651,37.407883665407795,0.9913088768857165,40.89843423279732,WARNING
3.735484405828715,143.23812985880133,11.63659344638524,0.3824264837067666,82.74721197156025,CRITICAL
2.87494369491502,38.75830820753933,33.61968346114137,0.6588871875133456,47.13514523916727,WARNING
3.282303537174914,67.10163311968782,53.40998816064935,0.9418018722815431,52.21322827079777,WARNING
0.7574499396508196,12.304935267366472,47.219664875057376,1.032911508969072,12.38510661043998,LOW
3.419602020934129,137.16258459483015,18.4796449649103,0.3196354868975387,80.7931655134563,CRITICAL
3.4969739505612107,55.87862089895981,57.452345455731624,0.8931249141243639,50.77986486648114,WARNING
0.46465143537254916,48.55765067934614,48.375744497752805,1.3735338671550914,9.192681663905649,LOW
0.5658411266503361,49.54440969547852,12.6617126043271,1.4217821460706546,23.08517596342651,LOW
3.090603016005358,104.791877496418,38.56072831508719,0.47962636510850254,67.80915422505949,CRITICAL
3.1362579514332145,33.02850415819722,28.128303730417244,0.7456316280406059,48.590944467124615,WARNING
2.0220188526016027,63.02459631606194,20.0044092720729,0.5315292627881218,52.98684440785418,WARNING
1.6978021876291607,15.799830622578419,32.18485636514446,1.3392526134133722,21.58714005435323,LOW
3.5122285253655328,91.01261432513536,28.834428900626342,0.4368800720034056,74.53480132156781,CRITICAL
0.2721293709203766,16.27125420564043,15.451563102474797,1.1297328852804664,3.7723963138850483,LOW
3.612109409406337,141.33010449732902,25.811179747527966,0.235948188275736,80.13786661499834,CRITICAL
1.6618618390004933,17.764150686684324,13.64857115010599,1.16471736916913,22.234647741508677,LOW
0.5765957334712576,37.291296184084416,25.43714065172656,1.316274722309278,12.355741490523705,LOW
2.8235794097865035,42.4274778973898,40.86172131072726,0.5117973569316009,51.97048034991114,WARNING
0.5874611618730076,18.781240792624775,12.822318210616967,1.173928660570045,9.72161813143211,LOW
4.70776081292722,219.08049327554636,13.061745019127503,0.19454932535073213,100.0,CRITICAL
3.624138158278102,148.41943322248085,13.010581417191371,0.3757322011172801,77.29449833928223,CRITICAL
4.759136057139852,260.93345626489565,0.6080580215729836,0.2084511343890939,100.0,CRITICAL
0.1530286283514193,45.68093222844356,38.90064428385047,1.0533431921132899,12.125566164056533,LOW
1.629168190869411,42.39442531221436,14.82087359168196,1.1507602019443184,37.103231925392855,LOW
4.9621252906920095,251.54369063482687,10.195667314831685,0.2828896487055137,100.0,CRITICAL
0.53661326483934,23.065354411239728,44.11100816660917,1.2489692817560667,9.979550004840126,LOW
0.11018267878863257,21.22338734773963,34.200228791341694,1.3558403848306937,0.0,LOW
3.92666355939447,108.84786428753377,32.21550398672364,0.22986917207922503,83.07180835663792,CRITICAL
1.330972329673375,24.34088715211384,32.29486230872089,1.2062018783682962,17.81579155523431,LOW
0.24063798148619883,19.449259812395514,12.308018779641774,1.3093059799449034,7.318937341664,LOW
1.6507630192426825,18.904516494942413,14.766410607794969,1.2505590586655433,26.283092496938316,LOW
2.899481637569719,65.69365226370904,22.270047286920956,0.7141008063791865,67.35950592259162,CRITICAL
3.2813357408064148,86.66526553485858,17.602838859741905,0.2416033956235679,75.61737088892214,CRITICAL
1.1225772988114688,48.947238175928256,25.97481017405434,1.1100199619273106,27.584520509437873,LOW
1.5483073428211493,12.441108457296796,49.89610827772137,1.2613431955831307,19.74214383389346,LOW
2.536345818049407,64.51276797060602,38.858253635231904,0.6645306424822749,55.03560520322025,WARNING
0.9291471929166997,24.01365608465873,13.447153097121438,1.0929671972411334,19.67655310109129,LOW
1.4179340773403442,26.263416398632366,41.27870252282634,1.3544754621670785,18.05644762226871,LOW
2.949564385213584,60.000825404399045,49.58443549603072,0.5283903696281534,51.48224888950245,WARNING
2.4089828947301424,58.59361272546771,29.692199787860297,0.9194087861034188,55.39066291640384,WARNING
3.3429728826070466,66.60310485346704,25.95074304761623,0.9272661847928932,68.27037550315185,CRITICAL
2.9141746375704103,76.06702799024609,29.953262226635324,0.6197938092470167,70.5681179094017,CRITICAL
1.3043936407955643,28.10098896890875,34.41548721947875,1.4111311513068556,15.41648217240036,LOW
1.4212192146113698,41.49702957352733,27.8844562992713,1.161616788533927,24.640740537732732,LOW
1.0476047285434424,38.09998292876308,40.87452524002043,1.1962853602015793,11.920461511207833,LOW
3.0810263754069727,44.845866583869075,23.864858781483733,0.9473328603222313,57.858225371639854,WARNING
1.6539588092574604,32.64216624344213,43.915376692702644,1.4872805918683807,21.584135912982386,LOW
5.712178692780415,151.64210607470534,17.71454416473913,0.02251869414829365,100.0,CRITICAL
2.0571023467248195,68.5590848059114,24.46824488931886,0.7053440858378859,56.153935615155724,WARNING
3.695348996508335,80.42298878006468,22.090970036276467,0.21677100678580322,80.68148471538044,CRITICAL
1.9556360557510886,18.962096481294,32.46116292217771,1.2002269043408724,28.06284495523398,LOW
3.3010839079698306,47.041863717514836,46.4158545479753,0.7745238487588637,48.731703964442325,WARNING
2.2310043102984496,70.54049482412358,22.76019356801608,0.5472872431041582,57.23365102103435,WARNING
0.3243743405745534,29.028000850219698,25.987035617674813,1.3609048979428584,5.476074385024791,LOW
0.633039344246666,45.801771511899354,23.289554635864643,1.2892982348397732,15.621356327555922,LOW
1.6150132120633427,40.967946381167465,21.85248553788176,1.3407770365717269,30.960760948967692,LOW
2.861681957436194,34.093220199742284,46.8106137885514,0.7348875049193456,48.55049185452834,WARNING
1.7339985156854214,10.929068538444708,20.052596718350205,1.0607017499213731,24.056539573293623,LOW
3.47672222470747,44.591876173023266,53.92302465502331,0.9987856901832677,50.38003585881305,WARNING
2.464101650642053,63.67656299495781,53.79392825074475,0.5856751214809892,42.80839067477803,WARNING
1.735560395406328,26.86616027287354,23.56305367215651,1.301755270713007,23.091424732114547,LOW
0.5367976320793499,30.811549234860184,26.370909145847364,1.1474911919611621,12.34982174367917,LOW
3.8513772052860578,96.48079858082562,27.98923611842465,0.5423525237851761,79.43556448042101,CRITICAL
1.8710599528843042,46.119141165182114,18.325355896752377,1.1294824164501018,39.470465841282234,LOW
3.931137909192623,83.63280688295917,27.808100670166144,0.42569262514302864,82.37076378746822,CRITICAL
1.3002254263639033,47.894713020434004,16.810195308885845,1.0602054548582278,35.21837999683383,LOW
0.9185574075014233,30.132401235237957,40.31295976121818,1.1960566952287592,12.591726527877999,LOW
1.6710697584932912,43.99186682614626,19.310638571734128,1.1573359113556543,34.709243993002175,LOW
0.4418369735603266,26.99448232054115,40.18086898939423,1.4201164897738137,1.6243838748983426,LOW
4.147968100183438,182.5023301718989,15.132596847683955,0.16217961181669854,88.65793095134676,CRITICAL
0.9156490055718086,17.08604878024131,48.569038235070025,1.0537942222999372,13.855031808038383,LOW
5.683786572001345,213.47274262706085,14.796326687764203,0.20145457310891582,100.0,CRITICAL
2.9567662698315904,57.14474906783107,38.91949844025895,0.72157613672745,53.31934591630314,WARNING
0.9252678877073436,31.653203101828638,45.51941196186667,1.3164146565273058,13.062659065784674,LOW
2.8675247426722703,31.34332610979116,59.983935288000794,0.5168046201064483,51.117278207424604,WARNING
0.2997197887679735,13.877138017637298,41.74107806697934,1.2129628896790385,5.54464500129348,LOW
0.5773396254474781,34.64582505631677,42.599975593824,1.2261305050376203,11.11888503930838,LOW
1.9498011529831336,14.670161440465552,29.465307281795702,1.2042438765907173,26.056426855085622,LOW
1.7662131490676183,34.31398115961605,42.60073991481003,1.260777226201495,22.45437857092998,LOW
3.0512817167137474,75.40058137321074,23.67007551303383,0.6654741973678635,68.00284726879251,CRITICAL
3.4339276894625073,93.63712232838793,38.01677547332804,0.24180970862572476,78.84277626882457,CRITICAL
2.9378945413150013,34.386733219044594,33.549951825577686,0.5749653447700054,47.523545905908335,WARNING
1.9538500759394253,23.983385995581617,20.328175713482,1.1112214778970513,34.57693792091854,LOW
1.9983604448113688,21.804378715264193,26.220539888971267,1.4356779580890444,21.517163426526277,LOW
3.7497242022136,95.95303552791897,29.312169837997615,0.5689593993169606,81.93142298460765,CRITICAL
1.4938635653801677,48.84414975956637,37.61656563580851,1.0512193448830403,29.26627661983368,LOW
1.9193292402393658,26.21408136088695,28.289216229294603,1.3508010467350586,21.323568650116997,LOW
2.5732189503331524,33.831893757728935,43.85782358031456,0.9337900153970173,36.576207343815,LOW
1.6510425551180634,47.66993448924819,25.53091963185059,1.3643210945920308,34.6091196713118,LOW
1.0543071838191789,43.45905522465639,13.336973688446143,1.2651676743933526,27.640591625997022,LOW
2.0408426185052724,59.691254948658134,31.337689578149988,0.834742180404036,44.64830884349111,WARNING
1.4980420472507394,35.82558879051913,48.84967331521405,1.455617681629074,19.424623638686956,LOW
0.33308730548492604,33.38806818143942,46.473090561739674,1.4532501382567036,7.267333524760659,LOW
0.8306904981699741,11.72811457408696,28.770873854517163,1.3765417298366027,9.942314667501373,LOW
0.8245915528449761,47.28407839897458,19.184502260788587,1.1598772249563631,29.78198619786375,LOW
3.100371183328907,75.61011440124662,35.52474762881502,0.7572993619371455,69.46408095644578,CRITICAL
3.2471626697507725,36.65491344147054,51.6738677147264,0.7164893830287484,50.28488497904364,WARNING
0.21416787021224076,37.11631758939378,24.880497645838794,1.4340577866117403,7.17889590083224,LOW
1.2869968840336292,44.90871365182771,28.24391553567757,1.4042452270955672,24.624949737025606,LOW
2.6218077692768875,55.04900817164514,48.01940040199253,0.5155742173234699,48.776601898201854,WARNING
1.9642419110590537,17.17561410358475,46.56346694817607,1.1622367291615556,28.102694375287914,LOW
2.6845648898719174,66.82336937250011,26.23132191757465,0.6347532291932414,66.08664666823931,CRITICAL
3.901418236379346,87.44079807182024,36.79044800537838,0.27890111109228777,82.76616841124088,CRITICAL
3.093273529046917,30.42515708704771,28.82495633241017,0.7459542573324336,50.3306196880333,WARNING
1.8802690581883283,28.377172735701244,48.57411586560663,1.3686774050124306,23.18443619201506,LOW
3.104876888349001,121.02990032696574,14.281010794880524,0.31904840082038965,76.66248297170281,CRITICAL
1.108793089037493,32.61255945159546,13.153119884408046,1.2503440171003817,26.0685636109076,LOW
2.0798409273132963,68.0133888161981,43.05706019616547,0.9166136041358954,45.77413286870077,WARNING
0.8672764232448755,17.97939166098594,45.04083329163497,1.352459908150887,9.687639043477072,LOW
0.11809437566651663,21.649970179266788,15.731324571222615,1.3151522387800978,7.515742446740643,LOW
5.317793410822691,150.8512669279063,7.179958331392287,0.15394245397417985,100.0,CRITICAL
1.2463471960542307,48.42205931219042,45.40770767820615,1.054454016725244,22.214060303111243,LOW
3.2753707241216707,131.14116214802837,30.16112136153572,0.3894095859879846,74.09734258602245,CRITICAL
1.788422043698764,37.11404737227339,16.759716995134987,1.3524011724204303,33.683837198237036,LOW
1.9786328002854725,16.13573690107685,34.02755567438332,1.3285882526367392,25.97256477194646,LOW
1.0025716466637344,45.636403868885495,35.81096918661848,1.248500479117343,18.390153039850635,LOW
1.585907290850764,25.238006909407773,13.830614404259794,1.2840233208937577,26.159229389634923,LOW
1.3531904895564553,36.326990380551614,38.20029896483011,1.4962325393888796,13.353332411086011,LOW
3.5783700230218853,82.60800474814597,35.2923556077957,0.2205994727752164,76.83970567151913,CRITICAL
0.2939519372509557,13.117085315244807,11.027395012188407,1.0275138569861837,7.074326925996667,LOW
1.3515405311803994,19.04447642537034,10.757966213792379,1.2092098918836638,21.958313251795328,LOW
0.7053484195583362,27.810801127262458,36.75655708937111,1.3082395600189969,9.66876458203619,LOW
0.5054874269121042,40.21525155392627,15.631031048571389,1.2455664449102422,22.19755812295835,LOW
1.3507716689683662,46.70485879826635,47.8638236599289,1.0838996335815791,21.788218221512313,LOW
2.6795518525335975,65.53127261903529,44.07699810427887,0.9853570272106673,48.78400311539177,WARNING
2.6989607395208797,57.14086810390879,52.34159266787893,0.8063375283926104,44.723468547850295,WARNING
2.57042787250181,64.56630135063983,46.37837587909246,0.506923817753191,53.40308594383165,WARNING
1.5115168454765586,29.96165830884516,41.184845437415575,1.2254418482138072,20.184183745303507,LOW
2.523640597523692,42.114058005897945,46.882347655419565,0.688562549928126,39.41707441053307,LOW
3.168607172898164,68.05013138800118,35.01237242542765,0.7839491144750874,67.11011678046438,CRITICAL
3.343741582888037,86.42162135151115,15.027474499720585,0.3468006968523535,76.3295375194646,CRITICAL
2.985180516446644,46.56855231430001,46.699964784959434,0.9688699918368779,41.57607885024772,WARNING
2.812843275150474,73.53500554492103,34.012122208518974,0.71147280502834,65.32039333671314,CRITICAL
2.7866379676130384,65.9508296202587,21.61555963649983,0.78175800960348,62.66726063905013,WARNING
2.2361213008882665,45.44209177523145,48.120259313412475,0.8254026212634169,33.979855595380855,LOW
1.1968101376354154,15.890178476745579,20.090855148579706,1.2296056393178894,17.171096786588326,LOW
3.9944639698960014,110.00572524965878,36.222835604180204,0.5830157756067404,81.02256527598465,CRITICAL
1.010928569213112,12.400432754243509,34.828960480968064,1.2907030784282831,14.121748018617964,LOW
1.6318319158423584,11.065811646554696,36.273152485454006,1.0393847569574506,23.38425732713844,LOW
1.4716353636924882,21.21619198501547,30.44695394870939,1.4576241347600571,19.369264996512676,LOW
0.4074468669458339,27.350509751702447,40.875505800117786,1.3903813813742016,6.7177860140586745,LOW
0.43243471579241843,46.822428084013985,11.759961222332421,1.3673692378825435,23.063113823162173,LOW
1.0133006190601144,21.938521469819072,26.68544571241516,1.33249272674434,13.531738942824127,LOW
0.778207982076764,41.30249961170695,35.75047799811287,1.1631377455756193,17.38332062712325,LOW
2.3592452487515128,30.012264525599655,52.11396427953125,0.9113167776580822,37.411804032192315,LOW
2.1148713970514206,59.26111437540231,52.84082685086429,0.6948341600540828,39.563324734147855,LOW
3.0488699587070656,121.78658520125151,29.295213860180258,0.4409468157393118,68.81750156895828,CRITICAL
2.947062961406232,36.52019424901745,29.397471077956613,0.8094970026445051,46.380343084253525,WARNING
2.801135091085647,43.03457740765569,38.51896047499018,0.9548122647060908,45.026088209261985,WARNING
1.2967039360710533,11.414032841627769,13.112004532883951,1.0406540366516592,18.79394962228455,LOW
1.519916680058273,16.79840250224698,19.859701002811224,1.2154657216350104,23.109521587415262,LOW
1.2122452009696243,23.513624762993906,25.718065434355676,1.431443304124743,14.152481003215817,LOW
2.8357597498324107,69.27940420264599,42.04001943045777,0.5555384822753903,62.827041204212435,WARNING
3.7605851706775364,137.4210416697838,15.712883901692855,0.30864682108598684,82.8338893572223,CRITICAL
0.8322253312222478,17.286326443161183,20.59050852130946,1.3531938172792137,6.4990382469599055,LOW
3.022905866597184,119.61278743485002,11.081792861868013,0.23409969800462013,75.91418291229493,CRITICAL
3.474241511770305,140.18652374113316,15.005148749248729,0.29988656545400105,80.78544862942319,CRITICAL
1.6153207951055655,19.147004735464755,16.220449710331827,1.3115553437940282,23.310369079397958,LOW
0.5427094011574322,42.438743938801586,30.072804634412016,1.3492641785408699,17.20527427625015,LOW
0.5516642494395053,48.81611202731627,32.625902535015896,1.0654909518839561,16.001232712866386,LOW
1.873535979556493,45.236799818390104,17.965884660804655,1.1760739445277584,37.725332604799725,LOW
2.3127590722103237,59.57824313021222,47.99175768499266,0.8269861628553832,44.33864528910205,WARNING
4.692997779040639,281.7885636563759,0.4361412503021356,0.08646088899698497,100.0,CRITICAL
1.3372875239160964,14.031614829264782,43.82827454608185,1.32329584189513,17.63574495244786,LOW
1.7300471420747725,39.298556517361405,25.138052499359368,1.1643151291577514,33.048618393690894,LOW
1.7474933267819548,20.0823740747823,14.038552449648044,1.432318186480525,24.0526041054126,LOW
1.814284441815702,39.993448935376186,46.96622346432137,1.3416145255590812,19.081665490635306,LOW
0.6857073056738736,29.473943004138935,34.29032821440828,1.463229718668137,10.37433932887706,LOW
4.304748126830906,279.4064383169322,8.414121407863973,0.21972653277880103,91.43111590572751,CRITICAL
0.734570014705403,11.085328994722644,48.85616612667838,1.4067262876153923,10.702697951538276,LOW
0.8399572391346549,36.786044892144396,14.257348747988061,1.2444514193270004,23.69794379011803,LOW
0.5104764264998015,22.010793434072088,48.68473417979929,1.144324243004968,10.217343686573582,LOW
3.087639666604347,67.71235922484581,21.473299660590122,0.6968802001897816,65.59924470203586,CRITICAL
3.3572781527001943,60.11000616663917,22.092274140387428,0.6983229029275656,71.36209759232689,CRITICAL
0.45288902679683674,26.678336958590968,28.50593468459488,1.2032408501575063,8.07464280182601,LOW
1.4551543888383798,24.77075291822166,31.910018366024765,1.151684628764366,23.155630259311952,LOW
1.473768960232634,32.42154352206999,42.14296341535491,1.2217041064973584,16.879686804274623,LOW
1.3729455629117853,18.849757776481955,25.437181477250434,1.3124206220058539,17.352464466642083,LOW
3.4510632979672966,73.85082808088356,31.229678117706325,0.7536050520144624,71.73513230266441,CRITICAL
0.5574333881538335,40.994234722723604,14.932560491013781,1.1288452624169782,24.457002402491433,LOW
2.1808793241773525,55.82806632426157,37.76975683209288,0.6555757891351901,46.72556617656475,WARNING
3.4641392023742337,84.22083209502848,18.248967511608047,0.29144842321177805,79.57767363508287,CRITICAL
2.7599738625180574,62.50565137707328,50.19502187108499,0.777192352915755,50.87391471792273,WARNING
3.9768341706503847,149.6739621626176,30.08173330265934,0.5730481867023514,84.1441442569007,CRITICAL
3.9041404723322755,138.1592398035867,22.19797484923751,0.2635629927922937,84.64061892604332,CRITICAL
1.5578482816663766,19.31542045319901,29.130882593038898,1.2826997589923361,21.6230270900393,LOW
3.179448224115953,59.093917394581666,53.34321275447853,0.6318318065348814,53.81263152684864,WARNING
1.8600080926401423,37.739235054295136,36.86102308232884,1.233647619314225,27.335934958846924,LOW
0.9639538660579047,28.214708178619237,31.533460517770607,1.317342807183601,7.9065459824040385,LOW
5.304338254183514,282.5587727930117,11.126077229383275,0.18807836478824694,100.0,CRITICAL
2.814766812311264,74.1145519475669,58.89326713849165,0.5738175925607425,56.96092782716235,WARNING
1.3634639479522586,22.21955021601399,20.681293508859806,1.4068692803144183,11.51533531512278,LOW
2.694259553281604,55.1444028392834,28.138122021169107,0.9518709746546639,55.59852978094269,WARNING
3.02146613403983,77.49624854872366,31.37577327651352,0.5405797054468071,68.43657866291232,CRITICAL
2.110623573268762,57.00069931296406,31.101298968421084,0.9575133902961976,45.21741239640234,WARNING
1.8070803621092515,21.963243410182702,25.49450335285405,1.4735595941235402,21.81659646682177,LOW
1.570917081630582,15.171854846854295,27.48859876018674,1.3494663134226315,16.931606213708335,LOW
0.21121030462321572,38.204490453413754,30.127933107399322,1.0056543433400502,14.184924797575636,LOW
1.222275346517421,39.14675527050521,12.830946805612218,1.011307729082093,33.022779647169095,LOW
1.6032547057452913,16.42877640397313,43.46549088859692,1.328288627711798,20.721865464829673,LOW
4.432873941264678,224.93030966160603,12.489731122152413,0.04140438164269987,93.94812905146368,CRITICAL
0.12557391056979544,22.98771426400065,12.957891779394615,1.4018849762705572,6.75847833098566,LOW
0.7135528657302806,25.747928522305994,47.591317857145604,1.1979184043784479,11.045954933931927,LOW
0.5666083997203462,10.00500555026302,45.97337826932541,1.0408573785181523,11.333478701498134,LOW
2.0482852247749523,64.48913755700222,23.21493351563198,0.6182600711366132,53.574018590513,WARNING
1.8239392201291789,17.218268671267232,11.617363820606288,1.293812839223881,24.421411023325,LOW
1.5216455337230697,34.06214598574072,24.568681789931198,1.0857874718815679,23.778708768372883,LOW
3.167895919261066,45.619864193359746,21.034415341543884,0.607171992376492,62.74631747424991,WARNING
1.8496379746978846,13.22243197619915,41.0853621226308,1.1977671980314817,24.517696900823744,LOW
3.513402185325621,82.74974271903871,38.38617654144517,0.23309362537380873,82.32586802088576,CRITICAL
1.1523974379904245,42.971595020978086,49.452988345831834,1.3621637004070106,14.367842020744373,LOW
1.429183626706278,38.23067077230557,37.9986404841847,1.4271302185465529,17.67080618849952,LOW
1.9250691330887828,47.523410380646155,46.11638952937278,1.4549254874320425,23.902711709371548,LOW
3.819889383539182,128.64852710237312,10.732245357778247,0.252901436862421,81.70242341207776,CRITICAL
2.7325542304322763,37.10635184579383,55.38008324905971,0.6693309731182362,46.36539384449748,WARNING
2.4358912407494113,55.00356253369,52.65010846121662,0.5783886732121839,44.29614487817913,WARNING
3.232108962879776,90.07894868503661,31.73209000953673,0.21678942731049486,77.00268164839628,CRITICAL
1.6130749309070458,32.410188980673354,17.520530630960202,1.2435221497349815,29.42852026273977,LOW
2.504395819493772,39.424188758380886,30.225689195984145,0.7665887968801475,45.845088886119704,WARNING
1.1297330961095922,38.311677095047074,39.37583504681206,1.0823424698305466,18.897423355439948,LOW
0.2118571326705266,35.849980074415214,25.348155982548384,1.073051999787833,15.3820306796037,LOW
0.4028568472776186,48.30055857286467,39.10262566283879,1.2638527104671469,12.086554724991805,LOW
2.423977727758808,59.44909217945979,25.739089771913612,0.7022415725988878,57.624270225666216,WARNING
0.5115933664070929,12.994745176906989,25.511152780289255,1.421517582319245,8.373454267549942,LOW
2.7642941699462416,41.84458466306653,56.88624371376609,0.5271004044210166,45.67786599964898,WARNING
2.931859839214053,52.05207611282634,29.612838211704215,0.7153479684226334,57.124909369599,WARNING
0.13557969005374032,47.71799978880033,23.175603672690755,1.2020819107664966,18.31198971471057,LOW
3.526598430166813,119.63221792288346,15.286985144527506,0.39946400832746176,78.58324716297591,CRITICAL
0.1592436418560494,23.45207093816272,32.90363656257831,1.021306644185415,9.60119014899465,LOW
2.7851207406771694,69.17177345832854,21.155526890878473,0.8904236724093687,57.357893301437244,WARNING
4.320239094472106,231.19876786366598,6.419629471849568,0.15824591363860072,95.02701785794886,CRITICAL
2.1341723726372686,63.05675734591749,45.37925983676047,0.884733637317232,41.62508601275332,WARNING
2.2050962388734128,63.87991053942211,22.36106843281692,0.6674657764798139,56.08409481272475,WARNING
3.7742912903811603,125.13325006589615,36.11375249875303,0.48370781766888016,81.33875668689073,CRITICAL
2.9020507652195047,50.44352804767823,56.096499943162016,0.6478545478024964,46.75095964754695,WARNING
0.47380699262148385,14.380699677694366,22.759750966922883,1.4129393387292275,3.849844813579362,LOW
2.7563297991491043,55.63573120591485,34.48448723923493,0.9323081824110118,52.49767692623444,WARNING
0.2788655452724085,22.1091597588778,38.61414185071543,1.3287909434016645,4.875510784257463,LOW
3.0145652534823686,48.30748186052854,53.71205534116319,0.9891026018999585,43.51241833459965,WARNING
1.196430559841454,10.213853160157566,38.52217584105149,1.207141056781659,17.741650587060487,LOW
3.111166501175937,82.86970332866238,20.022353250073518,0.4503961863044142,70.65511193774526,CRITICAL
2.8190937449456865,59.037438815349034,51.994328870115645,0.7644216871093796,48.28598669916287,WARNING
3.235516618585089,98.47955091783565,13.838843848054772,0.5277867005977687,77.60062344783293,CRITICAL
0.7609984876743632,49.25394868348625,47.07213465759142,1.4859938410623807,9.303657982093059,LOW
1.121587472061087,42.77854336706926,25.10603803356776,1.176322403267151,19.853724794322517,LOW
1.8538794471790148,11.950323951607963,27.803045679718213,1.1322997270748585,22.904444028311858,LOW
3.2154934450409693,125.14267872111279,14.032183806633672,0.581590285632217,68.56849475867743,CRITICAL
2.9393850954810055,51.68867008302361,33.69130850665289,0.6063382147474381,57.79814469282467,WARNING
1.777998088457903,15.951052513889987,47.44504083527203,1.1752431419490383,24.93533957173898,LOW
0.9794002883652236,38.72977079790601,38.78613734756141,1.2397942923598326,12.278359039231274,LOW
0.7574324410381579,32.349090749030374,32.33199069485218,1.3549498988639366,9.564875830645496,LOW
2.3528160863181244,68.50935755524124,20.784142721851282,0.8580809423033602,57.17127696764428,WARNING
2.655881751024638,64.53331948807144,21.45483334988931,0.6117351628377892,62.91091312264111,WARNING
3.270823109946227,49.055381847255845,30.350458905342283,0.7593682178944972,57.07377950842906,WARNING
3.5234387088600134,82.50765112994095,16.691618641185713,0.3802588123671258,82.28315639650575,CRITICAL
2.329628365688883,78.81287198587106,32.74233032752334,0.7662401034302941,56.2908465662375,WARNING
3.3158397637974044,128.4530401866082,34.569289540498,0.49636578449487234,75.40508658073615,CRITICAL
3.8642747603407086,149.6228059864127,15.478342377284367,0.32190472049068003,86.6010213859488,CRITICAL
2.1108925473299225,72.0797613400191,58.43497424085088,0.7027584219131974,43.84264851195895,WARNING
0.13669613442796633,19.49196144374341,37.99675099353689,1.4557946938363653,2.187766567551997,LOW
2.414571231659403,58.4948519585151,48.60993704023092,0.9188596215676884,39.77805940631529,LOW
1.5209287159460252,22.071318869593988,18.521869870886345,1.0936568730453338,23.469674992772383,LOW
1.3392233664421336,35.91676188640547,12.94215225965965,1.14370780854031,30.55614016566898,LOW
2.4778282062546544,50.899401209443674,48.51243028463056,0.504633414728315,42.76225258837455,WARNING
1.9221764112497692,25.06241326249671,31.083543396385593,1.3669109435348163,23.192015469869894,LOW
0.5579430132596268,43.2859114937485,44.47962452711524,1.186475460320401,12.448488450603184,LOW
0.32247875416599636,20.301418009623337,25.493789265430994,1.0261023547975492,8.231611999299826,LOW
1.506014274268279,30.549805779218463,12.875813620580278,1.2200748156729793,28.769122293932536,LOW
0.804142666043867,17.798558564948365,47.39123165233681,1.2906718018698715,11.089152346145607,LOW
1.4390757853184066,24.997162054373156,15.2846257751604,1.1186161149217901,24.85001294503584,LOW
0.49579180752013174,18.04540442706128,37.31049647903885,1.4129084583771823,6.419229999343863,LOW
2.968591723700768,75.82258859089319,22.335695216971875,0.5837415429881203,64.85170759971017,WARNING
0.4922643195811415,15.980132623209133,30.367729898317123,1.464026262034397,2.980741523737996,LOW
0.18237110682710336,38.24669371558098,21.644196221086997,1.122547503652446,17.518320589539318,LOW
3.5880560673389637,102.57351276036862,19.314346993518345,0.2497233399621852,79.31537482608206,CRITICAL
3.6381393989688195,81.88822338991048,29.87101285560042,0.37886136967740314,81.19342929678103,CRITICAL
0.45538581097286357,37.94959629319796,31.895503147769816,1.0151869393857853,12.43483825153242,LOW
2.9524806347936607,37.20425805257313,33.959509079867715,0.7929494853755199,47.22830727656109,WARNING
2.60561119475223,44.43334138340831,52.372695025022296,0.5341429918632101,42.24237238259717,WARNING
0.17431959972754446,10.55560539865072,24.13519547728805,1.097411831222466,8.677636939555953,LOW
1.5824433975884218,37.00202492585454,23.057821005633308,1.2732780725881438,26.626660819893495,LOW
0.3439510994455642,46.287412869367024,32.7847187034304,1.4401200228977276,10.09729949974359,LOW
3.862446626455202,116.95800568658561,13.125342175240208,0.2542466474172065,84.03142946669588,CRITICAL
3.9291901365293302,93.96329795774597,10.334127294165192,0.33238116206031115,89.09383475978541,CRITICAL
0.7564643393237155,18.888016523043394,40.82130188152583,1.3477737922077646,9.32587109380508,LOW
0.7101206551684476,10.049715145947161,12.542085201818898,1.3116277624463173,4.074695180330243,LOW
3.5038982044028466,106.9145506985124,14.83769042574955,0.5282752032858476,77.5757317583778,CRITICAL
2.138689948884136,62.444919899853794,37.0028298195364,0.9056931117939979,46.18195145184566,WARNING
2.0848862714032483,58.01277275005786,50.21359913421897,0.7483810747390518,39.88154554031995,LOW
3.3484222783715665,39.904978601559975,23.929860302076477,0.8453218065697505,58.66907030738617,WARNING
3.2498201272562053,65.03321028616452,23.49507663627163,0.881021753942494,68.84038214805592,CRITICAL
0.5495577509228482,25.786025079946594,22.582682653053475,1.1608258691514561,10.562311862350208,LOW
0.9985307987078194,40.74363835079227,44.48989476899359,1.4102142794797192,9.487560559486,LOW
1.4878103142113268,21.515630963808498,12.222498908704718,1.3379857626956333,25.567571078113254,LOW
2.2353374374608745,72.65811960250991,45.09011152074803,0.903804849517502,49.31263892724766,WARNING
2.4467967308376326,33.72764874260262,27.060176363583395,0.5464311671566253,44.826331255154926,WARNING
3.8720187559206347,130.30198705670097,10.72337078643478,0.3365556805282214,80.60032454368384,CRITICAL
2.1935433452586026,70.05439250079543,56.58294719950375,0.6770522233189127,42.05491478455697,WARNING
2.0321831184305648,37.53857534055505,48.3952578643468,0.8559251114381531,33.257678875481425,LOW
2.716046036576305,63.74540455859725,50.95203193155153,0.9832408295183719,46.54722544310832,WARNING
2.861233318148551,36.03044116759581,26.622273683935717,0.9101397803354497,47.886537917463556,WARNING
3.614458925973363,110.71880929013074,10.78097949470817,0.33087077701141754,79.48954494058496,CRITICAL
3.108709399800143,116.32068438458393,21.037668908748394,0.5960392476864207,64.84464495179033,WARNING
3.4387858542389207,149.97869265483322,25.421897394144892,0.2668471186365603,75.96244910034028,CRITICAL
3.4061602623258884,69.30992884175141,30.926547616762207,0.6484293124830036,73.23232666946765,CRITICAL
0.643148887727927,13.704991987112688,29.977948773025712,1.3541735397491288,5.836102068498873,LOW
0.7886954907708108,21.972804365569445,35.37996917357107,1.4416513318668565,6.74624225972036,LOW
1.5186638282569553,15.840414684426971,45.79865514575459,1.0762973691075461,22.481081813265973,LOW
1.1495798487594997,49.51976445625307,41.73472138630176,1.190217901445991,19.952706292763402,LOW
2.9349620464088115,71.13636106236736,49.45807141679202,0.7846455634855702,58.53976759459909,WARNING
0.4808653764802219,37.54337155630067,44.017022479505286,1.2046311413498838,10.374270857311396,LOW
4.432143465346746,212.50489230651584,7.570460869265063,0.2790887822179287,94.42425010867989,CRITICAL
1.0904058532686431,44.29616677854364,22.16157847562257,1.4053960360814142,19.908356728929753,LOW
3.0729578897145635,132.94971754234757,17.660303084514723,0.2701310650146517,77.20240831760725,CRITICAL
0.17443004345616214,46.34818096787173,39.2298766738998,1.1358334033415074,11.717265070415868,LOW
0.15280630093744824,23.571311272237672,30.90140942340473,1.258611807558125,6.030096984601137,LOW
1.202779044038148,20.860889021518993,27.006714919470806,1.103757312625115,16.630703858099984,LOW
2.6383765402120263,30.805865224388214,21.126599760670643,0.7355671592357111,47.547513842209185,WARNING
1.3433976875254732,48.095806962558065,31.149445391810143,1.3936893017950498,21.959318497805715,LOW
3.382686656485798,40.70089336190031,53.093078831397634,0.9527601892523434,45.875386820266954,WARNING
5.255265644277736,207.10147278622026,15.836554418632605,0.09134217048471452,100.0,CRITICAL
1.1335423080156406,32.648481796424136,43.02985929069352,1.228513677510215,14.254062031547,LOW
2.312709168351074,49.272297545829815,54.301587913314044,0.6079940967178775,41.29788912872342,WARNING
3.282871657847406,82.41428037756175,13.298037101705388,0.49835181812831525,75.42592509159552,CRITICAL
2.5176776966520276,53.74594936055701,36.15068361823242,0.9736744981772669,43.52046019452068,WARNING
0.4483137802274254,24.62371371502313,36.78062830408049,1.3486813451807327,5.741635843842818,LOW
3.3748059209030377,46.858250642844595,37.77765736707984,0.9497391352268044,49.955094866725524,WARNING
1.012974673764298,46.180165648723154,42.08972871959393,1.1217154625049015,14.986683009386011,LOW
3.9989337371045393,134.18030115088078,24.529789074805198,0.2040695272269916,84.54596288299328,CRITICAL
2.584041746746677,61.64932351143027,44.26775853849715,0.7404160282871937,48.559476669665045,WARNING
3.012829471309448,30.51190012879977,31.41353980698685,0.5945457602518902,52.14520003316587,WARNING
1.4841056998301523,19.582053963724984,28.989504599492033,1.1234944976428398,24.740891121771536,LOW
1.2457396117455317,42.99419097654956,13.768971406579666,1.3553352995206356,31.00577928178071,LOW
0.3330349173973941,31.82616830457395,19.05049277070927,1.4106808963345787,15.983928814078418,LOW
2.388891092378291,72.0880204106646,58.12569359095133,0.7495196517974319,46.69704727330968,WARNING
2.787272531815689,33.47335147061053,33.04446051370484,0.5437433448135075,44.01300280473299,WARNING
2.3156025363057235,69.26350329550372,24.43246411346542,0.9475752000451401,56.65123434268035,WARNING
3.6788073436383857,84.71902389999934,16.25707084986785,0.5437446382764304,75.00129826774135,CRITICAL
1.1940455205115432,24.903067058321163,15.62239587078675,1.2674268837727323,21.001192778698307,LOW
1.4955818711201618,14.110217692823568,34.82452975783895,1.2182466634716238,17.520699435975473,LOW
1.7106094692928264,23.056403441377036,37.243641589193885,1.4737936998883536,18.82480709219333,LOW
2.5957203537797993,43.413678317435185,57.361751705899735,0.8410384090255714,38.41531409909515,LOW
3.713672187009487,99.82282902467112,27.98735980075144,0.3720775818405062,84.89459083717873,CRITICAL
1.634484519853415,14.91321395678803,30.398180240104566,1.1681130965424078,22.275100124085462,LOW
4.816759361262951,177.34938447248587,12.272126760987378,0.07088631241185638,100.0,CRITICAL
0.19533092692526532,10.915250960787354,27.24658593244255,1.2133628899366968,6.864933119953845,LOW
1.8391026660146748,33.50303910573089,11.104655044197184,1.4814863128713582,31.42358170172569,LOW
0.9549524231979214,21.370747719782088,39.1368519213511,1.2428401103597693,11.136882259555218,LOW
1.0489124342959013,42.11061150145216,21.151309834925218,1.138215805850404,27.531996052690378,LOW
3.1478337945687827,123.17093142505831,38.650404489477566,0.536521259830923,71.12567998162314,CRITICAL
1.9035572116055655,49.43766264888325,19.399720821601516,1.3348495224143764,38.40565816104281,LOW
3.2336802844144765,93.13764440246842,10.33633069741841,0.36478498277661037,74.35332737742485,CRITICAL
1.5831866358110338,34.47405934126914,30.553989740808657,1.2959659421113017,21.749777188736214,LOW
1.0075609202843232,49.68253158156514,13.537845877563512,1.2596233388174432,32.09503957814192,LOW
2.866209347179214,72.61043926554433,35.58989658694644,0.758177081333248,59.60587101344625,WARNING
1.6001461430015569,20.379508295034118,42.662200961620655,1.1328193331901586,22.810378838857318,LOW
2.32061137323398,55.96553206984361,25.63056874796881,0.7149286145087461,53.201740258122776,WARNING
2.092999907507162,49.93746546255293,32.10095283958751,0.620179908244317,48.15759264705232,WARNING
2.238324005648782,44.285462243116385,28.38715111980315,0.7702518024989209,47.656530037328196,WARNING
0.727558101426225,41.440592354737326,13.758949776335312,1.487448344377821,21.85339447527988,LOW
1.7439982353504306,12.966797951366482,24.988868407693513,1.1677217032501181,23.546802852880614,LOW
5.971097989779251,178.4705937999582,12.598939213966778,0.16065582597328207,100.0,CRITICAL
4.905459987241866,168.87019380001104,4.295800774785086,0.0805044201745649,100.0,CRITICAL
2.503322194259464,52.75058929449605,26.65998204405451,0.6633643452937531,55.49590508152736,WARNING
1.0013549059856073,21.650441578449072,37.857650844294795,1.4222732096373538,9.58373025551715,LOW
0.5602135229608256,37.25761061855587,17.806122422708835,1.3199198828048861,18.192967379467284,LOW
2.1708585733644625,62.455181743229986,37.86228628136303,0.6085575254085429,48.21840632824468,WARNING
1.0349940007139664,13.66216909057528,48.30437932513417,1.3327810781060605,14.51851623213378,LOW
1.4934712953377538,38.92035900000409,32.08173827489672,1.1204627962357891,21.71470478721411,LOW
0.8274393137203915,15.800486695851411,23.506228527636942,1.3421773006241562,9.390662936160783,LOW
1.6820208988367553,45.62816109543685,26.400860932482573,1.013452076924817,37.14215036711416,LOW
3.1760498542746944,30.90121265822201,43.80123413366053,0.7941843791220875,51.17986989016008,WARNING
1.3858743084035918,30.684692185406078,19.938584188113758,1.303250431505066,21.79931090597283,LOW
3.4608585101555054,49.005447340120675,22.578901786654043,0.9939856106106759,63.83095254333789,WARNING
0.7498642957538695,15.357467954908973,43.42040618328238,1.440171370714658,8.591293175022093,LOW
2.279909326493046,36.35594845198543,43.52656440320827,0.7531881622926503,34.83240035470689,LOW
0.140586040317199,34.40572180302116,26.92574085385911,1.4598823169067239,7.864371605881383,LOW
2.598041737174541,43.17945904366752,56.211397704305554,0.5081325370587216,45.353442315840184,WARNING
2.7990786069249487,40.17673589602137,53.33499097017548,0.602099531296388,45.633775664399174,WARNING
0.46451717145652494,16.325978422780878,48.13249983915212,1.3010157980706543,8.168539041888993,LOW
0.11124332333561493,33.95534598281165,30.313794128966343,1.238825188699147,6.678892861135423,LOW
0.9634262464920905,21.502382603627957,20.982587088972522,1.1111907900895464,12.705458293376111,LOW
1.959630159867067,47.30924342037949,32.98040398099449,1.490527419205155,27.37831661156308,LOW
4.711879420034605,216.77813186096168,19.18123553969331,0.18258785978960596,100.0,CRITICAL
0.7447797129765069,19.10240652381406,19.79920863735369,1.0023277907833912,12.039231543454875,LOW
3.295990495275794,86.04620656659561,12.609622170432656,0.42240731058438086,74.69539008758899,CRITICAL
2.4415705383169106,45.12610462569332,36.97906007395798,0.657072807575303,42.712226366449464,WARNING
3.041954571290629,96.41991119091922,34.25658388682264,0.5335832498659827,67.91788670832177,CRITICAL
0.6645633771791376,16.000889994176774,21.647122589956606,1.2900459687448091,11.305285910270122,LOW
3.363529074889577,104.35310783834892,24.04002103243968,0.4578222399857385,73.8109744091997,CRITICAL
2.5840412619213238,65.8199925181693,26.58699682068083,0.628462432525648,64.66727662012313,WARNING
1.7898881008505987,32.93303157402761,48.61584475925647,1.0516388426405419,21.80905135432822,LOW
3.2179469130613674,72.07240127915301,46.80778434822033,0.8207681821227768,58.945218401675774,WARNING
3.383687401638425,138.29483199319418,37.645111812768825,0.39661569770607874,74.95792634343877,CRITICAL
1.214357374797608,17.858866033981275,28.303965232154763,1.4364396566641666,16.55443053599644,LOW
0.15781421776283433,34.259113895275505,23.242453063795804,1.2089688534629577,9.382362223670956,LOW
1.8070041614421022,18.711942436149855,27.043159674571534,1.4859628983355393,20.58328064768823,LOW
3.107930855262702,115.59633221288101,31.90237079485048,0.47935711399968495,71.19473104276838,CRITICAL
0.983257643446808,35.91548996693168,34.34368346420672,1.0352610268943037,19.965702112150804,LOW
1.9339898791949026,16.072218201590843,21.778498560468876,1.3838172410780827,21.528074715350623,LOW
1.1810049444503952,28.110664371123026,46.75784301888436,1.142349647549752,16.47968288359757,LOW
2.1684420821148467,49.61427288320132,49.63973006339894,0.6124084702947328,35.16883528906443,LOW
1.094142222957581,37.00043984344114,14.534682649379338,1.4588881261864575,23.615554294075107,LOW
0.32795308550267,18.10795633400842,16.78289826127368,1.0453373253064746,9.959589109281364,LOW
1.906193061269853,24.84033548259163,16.678909041887575,1.1370214459632981,33.877175381027264,LOW
1.0476084311702791,21.66020495818296,30.642446887454472,1.3346467124733945,14.293593980217857,LOW
0.32020946656123217,31.698006364050038,17.956471648325806,1.0424668608857566,18.091375692014132,LOW
2.490191277661693,67.8074505969252,32.56766522193672,0.9893585685279069,59.98574040593761,WARNING
2.7466951955506373,54.17217992072866,34.71754446710451,0.6357306919495869,55.343367139838676,WARNING
3.317596669634372,84.43949272062315,15.018542178802367,0.5429106544165159,76.45856869575233,CRITICAL
3.8232364392110734,118.54295954212262,15.313617870973147,0.2592931008944567,85.04811163429645,CRITICAL
2.5497715305285147,57.90241206228836,39.93911376951459,0.8010990398487743,47.25055002361002,WARNING
2.8198638661871818,79.08972357023117,53.41623515532249,0.7065672606656748,58.912444443258025,WARNING
2.175934185838208,49.31930214811905,49.35550964359497,0.8113357920643268,32.22192581719979,LOW
3.273166604411577,137.43353571633367,28.348271883849804,0.349092571179515,75.5214977940789,CRITICAL
0.5415958042543161,45.562837019526555,42.7189737558287,1.287426656467049,13.938686902767948,LOW
1.3241791973663666,22.296163986406317,43.539888716459004,1.3509589467326333,15.331364382259569,LOW
1.6782656181645383,29.49370123412716,16.98555458949846,1.0388562310017633,32.94642854531763,LOW
3.6556510302221517,89.89625389233376,12.821322279299606,0.33801184920469013,81.71635856559074,CRITICAL
3.9617362703066643,96.895259839295,32.8628701174516,0.42954768676288224,83.84465471322835,CRITICAL
3.2761227833440265,142.81531367793227,17.087812206239107,0.23058925305762173,76.27877662616571,CRITICAL
1.6903054505697448,26.692236761581132,41.877822544866305,1.2656165304947975,25.10919147129522,LOW
1.6238621890260998,14.026486598537824,35.45243262157026,1.3512935282759924,20.1220504098701,LOW
3.2243239187161947,122.2953916064996,22.99769691067669,0.3531086622176116,75.94153666538058,CRITICAL
1.6741245046402986,13.230647392943137,34.99095668132675,1.434088026357144,21.211592472146346,LOW
3.3727827599418596,132.16636971398924,22.82404436559633,0.5360552657559797,77.63406871103597,CRITICAL
1.2210493460568395,32.01136709877355,34.399068869406406,1.347820803957795,15.341051792965708,LOW
3.785682081776031,95.37465940044333,34.77688807876288,0.24883187104603827,85.59815435804468,CRITICAL
1.714416041289495,41.94482936920983,30.15101735356283,1.154448801147702,30.59517463417026,LOW
1.9404504578304023,18.067902246073857,33.18417151319581,1.041620373939342,30.035505226275124,LOW
1.9729555340691958,30.0326817237536,30.661573012309713,1.0181573696678676,27.904231601257415,LOW
4.348466881768836,230.75108982156638,7.913492199174632,0.12467541022338172,98.04525242090745,CRITICAL
1.0492146409315952,41.61909796567428,27.73145934208918,1.08290223541329,25.584665579238525,LOW
0.5035211717996334,15.032698716593483,25.103245097414153,1.2704681215990377,8.433529878408914,LOW
5.9282498640401675,274.37602229987385,5.326822256048061,0.006722278943810189,100.0,CRITICAL
3.055720231978713,94.39396570295392,26.33359646340353,0.27135121565745746,74.74818789686178,CRITICAL
3.224191423846365,40.985089013230606,49.15569504598997,0.6776407512958824,51.77473516537379,WARNING
2.183032592946762,65.27932900322574,58.88430911603118,0.5218001826593581,38.571110508559066,LOW
3.4737872392009614,113.91761398819867,31.51114303976061,0.3447875930142983,77.23934558166722,CRITICAL
1.5381601364922128,41.20166983347059,10.57595090131278,1.0718952379203666,36.97843532779487,LOW
1.3701880919377254,43.125409352118325,17.683479294240968,1.2814900303009742,28.219854330991847,LOW
1.0609779625875175,34.83031367133576,45.743992747280444,1.0961463339136404,16.645904387633383,LOW
0.4095151172566782,14.683486694193789,32.35639147496119,1.1502352972640977,7.297567869882932,LOW
4.811801638661428,181.8429913147774,12.576980902345555,0.07327646690715207,98.37109897498586,CRITICAL
1.6125628229121924,18.664520058647355,46.1722922028188,1.3956702516067672,17.219910127116613,LOW
0.44314476193226315,21.18140098026965,23.305449876363134,1.2784665844035232,6.813641007313235,LOW
0.5876783703987543,43.50695274435233,34.60703245532969,1.1136616125447403,14.438720387990523,LOW
3.8007120592184847,132.75544976251064,35.42898095157139,0.44785987260732607,76.66872835469998,CRITICAL
1.1590821495291002,45.579693828563535,33.759271559693005,1.4598034308603185,18.6201252497946,LOW
1.4207621478022456,35.94661889850565,36.817353762509676,1.3225210061203962,16.975459347520637,LOW
4.090590257685003,220.16047305424053,8.501606342837238,0.10800568746452287,89.5868246355746,CRITICAL
3.118025432468774,75.26124617649702,35.81950104747689,0.7820897639647298,68.23415521535445,CRITICAL
2.4198852289988304,61.99089297992633,32.64993767261097,0.7253241230504623,54.59671198148315,WARNING
1.8359161649011055,19.366293229755023,33.10443618295001,1.1804907645169296,26.90894063724453,LOW
3.101612151701213,95.44485878297344,32.99043891493167,0.34751473595793736,77.18874471470636,CRITICAL
1.0563103925662367,36.085682464455445,11.793068566139944,1.1458109446837224,27.79877237412098,LOW
0.6357069100219316,35.56562623917685,17.97437878312099,1.413695703109707,19.06205093839821,LOW
2.70706859142169,75.78118905333925,35.672030836986465,0.6175367052820426,66.20765197803837,CRITICAL
0.7529626665155565,25.928412345364073,21.645542699174772,1.3551207031804613,15.311053768648295,LOW
2.661166478819589,49.89273378896186,34.6020507743882,0.6417341606961268,50.789678931133544,WARNING
1.1405996119041524,40.95154036312199,25.828085793361268,1.472378452926046,19.00928141398161,LOW
3.984801847883745,141.33421287290372,28.501778479281377,0.4393917151266875,84.71682453098052,CRITICAL
2.760398155093977,64.66434362786444,37.761913713519746,0.7619298312041431,55.450629326072736,WARNING
1.4630046974043107,45.06443882191553,43.63379756530411,1.3930126360247344,19.453292616759224,LOW
0.9353269277070008,39.975951773076545,35.6111578110869,1.207960969014715,14.767067368124483,LOW
2.823424265069959,43.786815331776616,45.85317781988559,0.6021235431722617,41.86924894953499,WARNING
1.0798451377458114,35.81246530143552,48.612490648538596,1.4165322449440487,14.35137978459029,LOW
2.7184503675187197,49.60720598321771,21.30118618343989,0.679548451529524,57.299515431662314,WARNING
0.616485405647319,20.96531035253467,12.474870435669935,1.3069019628099003,15.09297130495457,LOW
1.2513255342325098,31.875476001154112,41.953783491886995,1.3755059561557363,15.000911089056967,LOW
1.8735295220126102,12.170790948662159,16.104852314009214,1.2097995460883197,28.63868682842018,LOW
2.0123005622100827,65.96614096555709,42.34906171159659,0.7423513793384626,46.74336915233616,WARNING
0.3065523046262668,21.585499150073538,38.38019167941299,1.2941439419177483,0.5432982124550119,LOW
1.1858898352023246,32.37032052157373,22.281677019597016,1.048727973622363,23.975020611033028,LOW
2.6959958365504324,67.82402899882813,43.37989055914669,0.5269005610485951,59.54290370165527,WARNING
3.3055361467878868,89.65235441949349,12.641230231129473,0.4881761255368443,76.32085788131681,CRITICAL
3.3489430219976515,119.27931394512461,28.584867489830483,0.591792731426585,75.55810879674563,CRITICAL
1.9170292798174868,15.949373323295255,40.56005824111368,1.3164429500102064,28.032456110919394,LOW
3.467603514518445,84.76343385034748,16.28588204867546,0.20322923792713718,83.21993767940815,CRITICAL
3.223399155321162,79.8970208142068,36.48777796212377,0.5096491877007963,73.80277030808865,CRITICAL
4.207157102941588,168.2359530241114,14.035179705578859,0.20016211650646484,88.57308868115777,CRITICAL
1.644975102927586,15.151150219098529,47.029673791070394,1.1005159651662106,23.449890658606783,LOW
1.1011883275684626,37.47386149486904,29.63686313913165,1.3303036659054888,16.296103510264125,LOW
0.15305293475341597,48.96256496900597,42.77654018159981,1.0367094120423141,14.972800887583684,LOW
1.1981783615892658,31.345944724707483,18.33060754138819,1.0706051546387267,23.302203066727106,LOW
2.4838796692244505,42.20202669211217,49.51513411223955,0.868034346011491,39.48923628087387,LOW
2.5186463267323074,51.37448250923295,49.068387437224715,0.605791916447746,42.55018843351416,WARNING
1.3417608502903893,31.579941920348528,34.33313383617973,1.2731062497383898,16.79939762653757,LOW
3.1700941135189193,62.69521185847713,37.06363780743739,0.9871999160795728,55.96853699701032,WARNING
0.4929292502544399,23.65250440126656,19.142883079516405,1.3127209984030057,11.725233632700279,LOW
3.7984917705530545,92.74566532751784,26.962172753232075,0.2120090581378749,82.17318993265074,CRITICAL
1.6313692101738209,28.266628549733582,15.997652891033383,1.2192766907441563,27.402538915076605,LOW
0.7641604137709539,47.47875801735444,32.50121190225528,1.4214463369734482,13.660904466715316,LOW
2.991749463901665,54.84443741512911,20.0869513512635,0.8067338002760419,61.49200008498374,WARNING
1.497551312338279,48.467111787948156,24.96419564488328,1.2713616493524884,30.797343717630927,LOW
3.3339994199500147,89.95800714795708,18.45645493698067,0.5596491319233552,72.7174873856315,CRITICAL
1.709515124632748,47.508531346118986,27.032412385330193,1.4659770241767578,28.285422804412587,LOW
0.3980193546031038,47.970032785391915,30.387205341133246,1.092953917676977,21.20817499756524,LOW
3.8639692566492423,119.86996321611929,36.008380431036414,0.40401208352130186,82.66356214034285,CRITICAL
3.1380797034074677,51.27176463552543,22.94325948555099,0.6750831784288488,61.289141835034584,WARNING
0.6568530347237315,11.284458491112854,39.736915923476786,1.1293578010941694,12.466709070501658,LOW
1.428345890330527,43.717120501731515,10.795023834471138,1.1167998853706125,36.98987613884907,LOW
3.2742125383706773,95.26473449003524,16.423252351839878,0.2340914641699753,78.31649231527174,CRITICAL
3.9798350226329013,146.81561650901466,35.560844194818216,0.5387551630603901,84.56195618167739,CRITICAL
0.8370339977355441,35.63345173178992,44.990853302463854,1.3302347311843918,11.631960239122451,LOW
3.4739495158492977,130.2112616393531,39.3994241912526,0.2613954228519031,79.57616259460188,CRITICAL
3.3168035103657694,50.48270862761585,36.747702995602026,0.7635909181735502,59.15276813359904,WARNING
1.0436657437923664,21.643490599769212,47.118167295671256,1.0438676493765158,17.964682836368738,LOW
3.70134844237455,121.25527363972523,18.421928113985203,0.3467828451009819,81.26795996834753,CRITICAL
1.5936057657406515,22.95479071615247,36.711275961208294,1.1787973885993068,26.978051106578153,LOW
3.2111563775406804,107.91357707808994,13.902447156754526,0.23030420196850374,73.30251935262592,CRITICAL
2.283636566538354,32.98996709630494,55.88391724825622,0.767157209892698,36.723039603494264,LOW
2.9619201124790684,37.22115431322493,45.33955807350836,0.7024328121087997,44.711656886879524,WARNING
1.6227177718661026,23.299974907185536,15.87996188653415,1.4367265667831703,21.486332639189072,LOW
3.0253254755864107,70.02000106419143,27.354665657917643,0.6761399466571016,66.07277785881747,CRITICAL
1.127974379620348,21.70282370154805,37.55742564034251,1.0001721839922706,18.162776208195766,LOW
5.781702774718366,299.1013542092975,8.336604497280897,0.013970545882125462,100.0,CRITICAL
1.383964619130508,15.40655239069661,21.99888715040004,1.0280830822724294,18.48757815519828,LOW
0.8813100380167102,24.049016174966198,31.500709477819694,1.3745193276568195,10.234522583649513,LOW
1.6031386213990162,11.051599195007205,27.724076099833912,1.293715143442941,20.966869886691285,LOW
1.0833294301534273,25.831357887656647,29.174222704009747,1.0985485073295436,17.557935287242667,LOW
2.225059646436315,67.2021540345435,43.75625040902392,0.5392638457958916,51.380122962543936,WARNING
0.1867205591018896,35.28906783086532,24.937610453933473,1.4538090524392437,9.401228214240817,LOW
0.17429462715026234,47.97197147627742,48.59495782718025,1.0138711133863194,6.354163416022437,LOW
3.3030991949869755,35.04157394311377,29.55065667048168,0.5120388341632474,58.06996264343543,WARNING
0.15627393061377096,42.02729425705658,21.931707137231065,1.2466057197859945,14.93608054870051,LOW
0.12198909232997174,32.721580101470245,14.989723125483456,1.3823241203955132,14.625940765747,LOW
1.3809560805364447,35.84894111298718,34.6670241172008,1.1334760037685963,21.848847810983205,LOW
0.44489300356252004,34.4068367056794,42.681850176126794,1.1791727543364292,7.895416003745113,LOW
2.8357346294303545,33.227005224101774,44.870007877227124,0.9069517361362467,40.48400000459546,WARNING
1.2672857930461716,14.897091942225419,25.142674007565464,1.130683546244201,22.038592573621763,LOW
1.0361216048518043,24.36838129958058,32.10927482358157,1.1193248451164268,17.524466107759,LOW
1.0649667101256828,35.94759138199555,32.585045248536645,1.1828247230961129,17.528465847526345,LOW
2.0423693093151143,48.49531159982165,41.30448858564013,0.5103065794179323,45.012972131489406,WARNING
2.1700611221141455,79.52824374458474,44.24670805340382,0.6815968963061649,54.361710610785316,WARNING
1.1885040371984879,45.26846588666283,30.82261584565459,1.3307360278024802,19.500323459505086,LOW
1.4407108592996556,24.3675021366626,17.62865616164957,1.184700285583119,20.276925065279865,LOW
3.7382520435769235,103.42485911244947,37.20426894510107,0.2299330540469868,85.51979191811645,CRITICAL
3.032549081243045,67.84398762403399,28.287077099456415,0.8111517566173999,69.39381389626358,CRITICAL
3.4154900387052107,41.618386211982425,22.348917374973254,0.8267475348572716,59.04440867065593,WARNING
2.089304098301226,78.00224205841445,24.396998931966746,0.5337852680759978,59.35892671160194,WARNING
0.9118166223563701,13.886389738287601,39.78592963822301,1.4494370803132028,11.268067758492267,LOW
0.8344724962163111,21.717684537109136,19.144763857614354,1.3223617448143496,9.250918249352049,LOW
1.735349994264278,36.59343625474939,38.42940714752232,1.467672154328834,20.390927881865753,LOW
0.7372250556311292,38.622864408098735,31.52835547919252,1.4664375398700624,12.718208356469715,LOW
0.6894801038759324,22.643617896798748,42.23993818226828,1.0495201659210762,8.357766668776108,LOW
0.8805142972342596,30.535119331359255,12.60418770019653,1.2549310642223337,18.255816494973715,LOW
5.9578286463230645,229.7519667884717,10.30193865205918,0.08565244992491743,100.0,CRITICAL
0.23573657115676538,39.75299081540529,32.44057812119729,1.2860859386438284,8.85084625211795,LOW
1.64830295148065,10.130837013250007,23.344047166567684,1.3297487452294339,20.55250246934286,LOW
2.806987130799982,73.708718452185,22.020675582393693,0.7122377805353537,65.14455988022507,CRITICAL
0.1409119405673363,15.881237620819313,49.058826913927966,1.1074242547601338,7.041136086968962,LOW
1.2056387947404978,22.740561501611147,25.326126239122807,1.2200854789174866,17.585334705435027,LOW
1.3618068919177548,40.73472274363053,23.167107568044855,1.462181980842845,24.0277944642812,LOW
2.4168571211780923,42.970687554288716,47.13335318836762,0.8008521423277849,37.668951522008946,LOW
1.7805518302038017,37.19904280644279,24.503049966760333,1.341812344995575,28.697404516390247,LOW
0.1787193676440296,23.53305081153199,16.02941933923133,1.3167589784769125,5.980573428796667,LOW
2.223038459339905,31.230650280171314,51.71242246540642,0.5010285103642811,39.469745727020744,LOW
3.8385586427461407,130.7457608427319,17.415928676196934,0.48807477372766833,77.01974645771955,CRITICAL
0.5077555642902332,31.885118169221297,37.154177753362504,1.0265258829558404,11.989281575995074,LOW
1.706101311238453,39.15268131101321,33.18376793725074,1.1598785609743816,28.996960230639267,LOW
0.8954787746158797,21.47290303840846,23.57034350937844,1.2578155276560161,13.057196752761724,LOW
1.0138879148998097,39.838853523217466,29.40082830758385,1.1805110317943193,18.718237726706835,LOW
1.712474327860867,49.617267931358306,35.24573157157742,1.3967220213243503,28.247832008010928,LOW
2.769117114440112,44.31018702277949,54.089918879320514,0.798418355997971,44.075518762657694,WARNING
2.9886983057618095,72.80015829144241,49.276245030838574,0.6055620971078726,60.97521468767705,WARNING
3.407368030206198,70.66847431565279,46.640937672350354,0.6746826013298777,65.05685951441282,CRITICAL
1.322500024065417,27.302449633856433,41.95014491266909,1.3802283697700979,18.154357251794075,LOW
0.7142549915465943,26.5186637105856,45.81407468849048,1.1797588460612702,9.318055658818729,LOW
0.7684337193492617,18.584737448347667,31.785399495853145,1.0737182181612661,12.271510532176844,LOW
2.1875382483798402,78.92265741071631,38.18301835574589,0.9110856703794072,54.94697731858329,WARNING
3.0705395707185184,71.3682435602305,24.018544346388232,0.839248598735981,68.11458275364542,CRITICAL
5.802979059685391,167.24283337104993,7.391048413456421,0.10929682715927992,100.0,CRITICAL
0.2864395013589721,25.395605398767266,49.68286201986045,1.2844713255331377,4.647634475885531,LOW
3.434993121117154,59.43489768071959,22.60153838884773,0.7464452845840993,75.50430058455174,CRITICAL
4.774805441188526,239.08218558217084,2.13273526857634,0.04235414962097007,100.0,CRITICAL
0.8357046924044235,48.6591469161809,13.375619841475057,1.4093820512756674,28.634418504010746,LOW
1.7139892493724023,49.6702259801817,23.946696408469915,1.0646781831061776,39.02504543262273,LOW
0.5948009802158095,18.17593374648319,24.2271425612393,1.0371832875748437,10.958750766335635,LOW
3.8601463118009933,108.90530289378829,28.362627070704256,0.45678062836172184,82.31225581599345,CRITICAL
2.9469556659923164,65.15241978349388,33.86761508117007,0.6651852366344075,66.04610226853757,CRITICAL
1.1428084550942221,24.406227582230894,31.612530708305275,1.2029923829134608,19.4816328850982,LOW
0.899939699669972,42.00525443531714,21.226948410413392,1.4357018957130814,23.701195814188388,LOW
3.6506193044021957,134.10003995956689,28.38842585063465,0.41010364549863665,78.90998539141658,CRITICAL
2.2777751571517157,75.4407021613157,36.44097602661571,0.9249814391459218,52.641652863893015,WARNING
0.6950198746572203,12.368935886899862,20.31070768742296,1.2451569094816506,10.067287504308998,LOW
2.6415651762031818,32.33959253839706,40.14130503586811,0.5329568233519604,45.90203498928828,WARNING
3.753036961950914,106.50560298766564,29.206559985738693,0.24481126212533286,85.2007209221261,CRITICAL
3.284277547690656,98.46223366937787,25.641930637080357,0.5871088647719394,73.73169001946572,CRITICAL
3.3596384817559817,134.5880654328131,37.639532922743726,0.304370586287042,76.33293717592615,CRITICAL
0.4777593126164329,30.28319196290854,43.73243577044965,1.2640260687177562,9.436941074143027,LOW
0.578374271231623,32.514474691253554,33.327498222822406,1.288452951772435,8.843666351419595,LOW
3.5105189477299,130.3180500740304,37.42046476109654,0.45704910197920634,76.97258972463922,CRITICAL
3.082106620075932,43.02512257270325,43.30711498867309,0.9210875572722281,46.6744509417408,WARNING
2.6347622771495844,61.15914807001465,36.07439622756306,0.9190178009240872,51.46837362713132,WARNING
1.8123053835332397,30.39232323391306,36.41473558549549,1.4988722105034253,21.740773104304047,LOW
1.6938460949523528,33.858135246480465,47.52638242425837,1.4329783009724342,18.803614477319787,LOW
0.3608748291898357,34.046837144273006,30.73258559768299,1.0842825653067223,11.170491691742463,LOW
1.7600970756115342,42.28331679210482,41.414798868443576,1.0079985735203705,25.021597420408817,LOW
1.1446943301863846,49.777027555767106,23.69264803885407,1.172187408202672,30.130124923705598,LOW
2.1519836245687385,53.37061435341756,46.68299635287897,0.7467580681609636,37.08442306757218,LOW
3.2244055961472347,64.29077165608838,44.64456943322095,0.9267951284722467,56.66087720913988,WARNING
1.6539347676152962,18.550124291979326,47.15802678996343,1.0114389726109518,26.885602916575003,LOW
3.589182992612063,134.2319481559017,21.954777611932137,0.596686516763552,75.06159830018288,CRITICAL
1.8868993898167328,28.241172143947043,36.99409658877397,1.3437203637314203,22.17325968466507,LOW
3.664925250646409,119.3414827612931,31.309555725731308,0.5003883196012506,78.45953180050584,CRITICAL
1.2697348067507357,48.3213807875844,23.23151280828025,1.3804370260386372,26.40512697891103,LOW
2.330134898130375,60.76527145643796,58.687047131588145,0.5621541496256361,39.95201943095324,LOW
1.2791450874285835,43.642277441230185,39.21313686904284,1.2314283891077369,19.53705269358939,LOW
3.3027146650237706,132.77883871576165,24.220270652429875,0.5594543018691103,73.32343183930041,CRITICAL
1.3694858210207952,39.5385363232656,39.69657061130375,1.2520002252336688,18.294627443715026,LOW
0.5967184893512424,22.932035000175244,44.08146469127046,1.4204429085521102,6.353555356764734,LOW
1.734631690775779,39.976081274372476,24.14115227551216,1.3409393130130276,27.33082580352115,LOW
0.8263644755144031,25.084303533524327,19.517467268855913,1.4381560247914413,9.533747492991868,LOW
0.1341115948985542,23.863290151694187,31.070851332612726,1.1388554709541883,8.055043357347241,LOW
2.6176242935168994,45.81589185053339,57.562306351613245,0.6314004386440695,39.876633512344924,LOW
0.5132058056397917,22.095200752536144,44.56944679724724,1.3835414436146452,3.858247329549561,LOW
2.68565448896374,55.38769923163017,30.685553819738413,0.5371579569179588,57.551683926344495,WARNING
0.26764327390850223,20.521009315382692,24.683214943710464,1.1966584055593525,2.555618037522163,LOW
0.5290605736160987,20.465890082544348,12.705395048049848,1.1630498502948488,14.06177856628481,LOW
0.7208295398189118,15.060886860144276,19.060146217795833,1.1163526044695617,11.482602798381127,LOW
5.670698759016987,152.28934374501475,12.336731815369594,0.07677302892657713,100.0,CRITICAL
0.9431074811064977,35.28660659359697,32.179790246199545,1.4888145491513716,9.931999982089508,LOW
3.1612900641912347,47.77976970405156,20.335819683365667,0.8672054648353442,59.250538312252914,WARNING
1.6142646628637187,23.626467661518156,46.24915748607486,1.2724152066648926,20.157930336341874,LOW
1.5953681001710251,14.057739881671383,40.95009884842699,1.1214760000864135,24.395154311640805,LOW
3.578406949770865,125.42645441561409,33.297837688158225,0.3037299035969947,77.20693568027492,CRITICAL
3.4179601490671496,92.29589854438137,20.503542383833746,0.29845244468729015,76.7450831086093,CRITICAL
1.3686333384570215,33.199670281404686,35.937675719337136,1.1718623619140802,17.40654807275585,LOW
2.1944131114312473,58.556835473068006,31.018118889858957,0.7638049503488057,51.62895884265607,WARNING
3.7425812233716313,92.29085989944727,18.24600695165087,0.5677432262073663,77.70079985452321,CRITICAL
1.888242777763607,25.69806755449067,48.07098642362655,1.4628694938666655,23.923408952679146,LOW
3.1873878000961136,107.94277471783718,35.06529783638415,0.43115114130002175,73.02572889823006,CRITICAL
3.826567384448563,143.52374048667383,13.516617645837451,0.25808605658140626,82.76463423345416,CRITICAL
0.767684018146937,42.38239293907029,39.41907568683692,1.3446935247812846,11.14474641979433,LOW
1.8303220132101197,18.622210676629663,35.16245618770711,1.0309095215057096,31.2841260561487,LOW
0.6519212810516738,44.05817656712067,14.052334672916565,1.1082735822766656,28.76324034637784,LOW
1.7003207950029204,20.193962179008167,49.885480614533684,1.1776309065692643,21.768419685870583,LOW
2.3651977741767225,61.443379764752315,28.926309136117062,0.6939361336132339,54.64133834066,WARNING
3.73890591147407,90.82136299606064,28.231245021223042,0.4514562606695237,80.34418296267984,CRITICAL
0.9875472712506176,41.082839652915,16.330382392412787,1.0616521027940218,26.328513673549807,LOW
1.909323355658508,39.912968447398654,10.778234512581864,1.2005024212416884,42.191936304045356,WARNING
1.9325471972414876,18.759138039369528,33.51425663995762,1.3501050074951113,21.775441988230327,LOW
3.406971030428007,128.0845335360237,19.096044141528484,0.3741904369447281,75.44976862079356,CRITICAL
3.02586708172542,87.19221373775947,29.841212091260832,0.31649943010802295,75.65447910122121,CRITICAL
4.8721212241846095,214.40472305837653,13.561590203818625,0.2302705686918569,100.0,CRITICAL
2.480526912310441,38.755538464692876,45.26560759700053,0.5452268334951752,42.208816490531724,WARNING
5.2647945288242735,297.8843281382634,6.777868469572721,0.29136154835711936,100.0,CRITICAL
1.0731189799184433,23.10002014035602,23.425159698964624,1.317804498272585,12.383103270257312,LOW
1.556451403645489,33.28123679114539,46.59778515390044,1.1824203268837616,21.74495947960211,LOW
4.05412130809423,259.1964483618582,16.332430485854726,0.015951986002946273,91.46398265398456,CRITICAL
3.2029134403841724,58.05193626115364,22.552543616218664,0.8467236204491557,67.47050722791347,CRITICAL
4.235645705239869,171.40615038208776,7.377407934019606,0.25086574132659606,88.59362699154464,CRITICAL
0.7110601404860611,32.44815328835445,20.42092789783,1.2005799536237605,19.232061674515833,LOW
3.759572192156912,110.73585032209884,25.130049324899915,0.2500294775717743,82.28727005574116,CRITICAL
2.894713519092566,75.12199980687183,28.024445743006126,0.8798630609663061,61.27011938152953,WARNING
3.3865600708649746,75.92179938335595,48.78506298064565,0.52403655626703,70.17650534557421,CRITICAL
3.65777860700454,101.73039772279141,15.61751085117098,0.24648154519892684,81.30635848466977,CRITICAL
0.1836918387088446,17.565019323922755,37.164110473462976,1.0411218386256031,3.0146566218675472,LOW
2.21961798186225,39.78445867902097,35.72311533066795,0.5504126680268657,39.98435849900336,LOW
1.5236158227838905,12.991292205056975,44.41802942665374,1.4081160853697274,16.123681821976632,LOW
2.4640585436946987,71.14408927703937,27.31208321157123,0.5622046029275141,63.071141998456795,WARNING
1.8243753227390642,46.15716211384353,46.947041800428515,1.2480767196420968,23.862313723034433,LOW
3.9507658961673204,102.72318593280256,22.566232170476653,0.4876960749342976,84.91157070755357,CRITICAL
1.0946469301482302,14.892539363349808,21.732939057467057,1.129312696243236,14.56773291462761,LOW
3.1935172554061975,136.59135441113833,33.81881037723766,0.3995532222228919,72.42255802369444,CRITICAL
0.116737114047681,31.254030184454646,48.11118103068222,1.0773534409312981,5.348193236075177,LOW
3.442668032966685,73.02610697458002,54.01520465525361,0.9109249651980945,61.26678668346539,WARNING
3.495792423299039,104.8199733081621,22.426870468175686,0.33368257673250623,78.16422041092004,CRITICAL
1.2750520934804899,32.50387544981292,28.503402841571024,1.047922693342416,20.639155592616294,LOW
1.2838356514176001,25.945774449508928,12.392339014093178,1.177784177480529,25.817774063564094,LOW
2.9228738078256464,48.13930114934984,27.672191665383522,0.8158978104023866,55.60223046637607,WARNING
3.521527838554371,130.257977471872,36.886803213350575,0.509271591303462,78.44671050177462,CRITICAL
3.43113960211606,143.29541785889396,28.647017034451228,0.5480195064326774,75.31311566893567,CRITICAL
3.1742020336431995,126.32508534254461,34.74864142649895,0.3151797478530548,74.1646912543006,CRITICAL
1.182083665148517,30.766707555382485,11.567575721485426,1.0493360490427066,27.482369234826542,LOW
1.5102225291949194,32.90977544064578,40.559043385809645,1.0349480287054351,22.073182415917618,LOW
0.7151736006040119,43.99757243022985,38.311566276396135,1.4346292354133983,13.448979613411879,LOW
2.8103136168528637,32.58836904710326,46.74091460143867,0.636569937802525,45.96395860381984,WARNING
0.2262306087614571,48.291424358641024,23.84309158319388,1.4340378143105794,13.817341188360372,LOW
2.732158387803236,34.93733593475855,47.10165264089643,0.7814300037423867,41.73583993622256,WARNING
3.6091837956883985,120.17623258052276,23.222551699978837,0.3851148279555481,83.62977721964383,CRITICAL
0.6381096913774397,21.494294830514193,19.34624185030863,1.1719516002915449,10.453363721475974,LOW
3.5052245503229953,96.81671096544729,21.53580151079597,0.24233216483142722,79.78014638550282,CRITICAL
4.695077546525038,275.45340708406815,5.1277062658290635,0.022845868013280667,100.0,CRITICAL
1.2517200106250888,22.462946866943575,27.740795219033135,1.4093235178003978,12.926964782855096,LOW
3.492762273343504,137.93656169367412,21.23428010398949,0.3593479923308434,76.28321059096933,CRITICAL
1.8410571218304361,45.87134776050438,49.36868058259094,1.2012235635848558,24.52846099799557,LOW
1.6769988478301667,17.09467083545599,18.812437378470094,1.1573641201979075,26.085017531910715,LOW
2.5589773240521243,47.90841041403808,59.95265381020967,0.6919030715497397,42.8920512796675,WARNING
3.0696078337231594,123.32245617969326,11.072063676406742,0.41053294039180716,69.3847498333942,CRITICAL
0.6826192255790529,28.683838559295303,47.084298429823484,1.3553336532939382,9.123948115849759,LOW
0.6046118749605874,46.23090310881496,35.737820838709794,1.4908236182851375,12.423604035870463,LOW
0.6638208829023868,24.494706380681453,23.062312726692422,1.1259957650749404,16.383794414759727,LOW
0.2514298542970858,38.341301075726534,28.360662231250746,1.2782411530450317,8.854038638473448,LOW
1.7916792565643296,32.349799886655205,46.931073594069986,1.255287670778,21.926380657440976,LOW
2.794984156707513,64.36688507744745,28.979794887465232,0.8294214499827508,57.8545504342053,WARNING
3.014887984200485,54.09140549087954,59.66722604467336,0.7024065795646082,48.870702371386265,WARNING
0.1320670426300848,16.391944151561027,25.079547863032875,1.0533091235648993,5.419252477662605,LOW
1.5527899276003467,40.79534431908523,42.699529087639064,1.4205776182737964,20.51392359415191,LOW
2.705895675404012,65.92681644978879,28.55273645439629,0.894748688413736,59.04795384684922,WARNING
0.3418612866071448,14.772476540678703,16.596269753868004,1.4452863671218912,2.2245623622849386,LOW
3.209207482418876,144.68630909511887,30.020511369138482,0.5588511166676778,70.57767935826054,CRITICAL
3.036019793273745,60.97290503288538,53.24781825295187,0.9179304055929405,52.300692181021454,WARNING
3.9298664839649695,126.49748487266271,10.232628345194906,0.2417644859015764,88.22720485698214,CRITICAL
3.0847141163708014,94.94634265985465,16.916400406649554,0.4400939079119619,68.55542458187834,CRITICAL
1.552610856729204,47.41824622423905,12.112227196657548,1.0665902313524314,42.02207710930174,WARNING
3.2066621775071384,69.55943343881998,48.78732612330757,0.9437139772490459,56.63290862694586,WARNING
3.2334138372851484,59.102178924028664,58.51989949835625,0.8977822306958947,47.67172184952916,WARNING
2.0903859363076003,35.387111936584105,51.39350530364777,0.5991189627885147,36.09142103045526,LOW
2.0719694918174825,44.25290019116315,44.94667633026499,0.8815894980791927,33.16047197939848,LOW
0.7197963652201137,18.57382240254696,49.95121622994895,1.3354911161926175,7.930178113911308,LOW
2.962552206404096,70.82029637515676,31.54307411677454,0.9907140402400483,62.2685160823523,WARNING
0.6622931338530379,23.937973360058315,30.783442118684953,1.4683507822535637,8.090009717217102,LOW
0.38377129069265614,30.08787655254256,39.148348184065966,1.375506086377555,8.684711963601814,LOW
0.2901890744097812,25.378439570151578,46.72690172976297,1.272683626334691,3.613653792994945,LOW
0.9991250986017001,41.65450714059354,48.74234766109365,1.2507974999789877,10.948248751758511,LOW
1.3976057596254428,40.271653709811815,12.867989976924088,1.4250695648156144,29.78685728717615,LOW
3.0701120955663788,63.837406253142966,20.661439127728364,0.5612176519242429,72.67870691220882,CRITICAL
1.5357841892369877,27.603342515695203,31.820105055473004,1.386343718447742,21.102732455746594,LOW
0.8166423567709925,23.321490562189602,48.59779261969531,1.3859867053544894,8.123651477492922,LOW
1.9190894243845833,41.017585189066935,15.966988578170223,1.0381690627056586,42.85669238793059,WARNING
2.4137751877238305,52.28374893287089,28.47560622854942,0.5252893425833687,50.7712766688989,WARNING
2.520486701378057,57.1441216148965,57.86029289881807,0.5716851558476606,46.31138078178692,WARNING
2.7423419110606204,47.698156554620624,32.398966861260035,0.6881430875524901,51.04179309346897,WARNING
2.2516309337983045,68.56810415273128,43.01012960372441,0.6345781888057138,52.11181514767369,WARNING
0.47909301771233537,27.93520959613112,35.53758887119312,1.1061141331427427,10.044200492016598,LOW
3.642572012424642,141.42023642695014,19.879537907509558,0.5315815737226518,75.37016376182599,CRITICAL
3.0922184756788544,146.0022157239483,23.755456176028165,0.5970501893943447,68.56657034933241,CRITICAL
3.1362322581234547,30.3535508169002,39.866672798406604,0.8687267358090576,45.83110137911014,WARNING
0.8962367204267435,14.145632339962235,27.721820307658668,1.4035464793480026,11.128741965700021,LOW
0.9218915915983779,48.438347402485704,11.268323035662489,1.2957608839476777,32.22511732449094,LOW
3.0896771652026547,32.95063328365249,41.36546476545331,0.8914845358286281,47.55699132207644,WARNING
0.12289485253504895,42.58247326398632,38.491775502659564,1.2061032084572214,10.461663970511953,LOW
3.2171678151387373,69.3844201125496,26.12927880132907,0.6168677659042732,71.09186393576208,CRITICAL
1.65514726251232,42.429668157167555,29.813413877577688,1.2904161296259606,26.77706516687332,LOW
1.0169332327304177,46.54868575394687,41.61873043840292,1.1833086515542428,18.757701761560035,LOW
1.3101470602267689,43.379631834820806,36.597942658185545,1.2125373323815098,19.542222549319412,LOW
3.981219938723857,126.21121811213322,28.744314670736518,0.327772347688425,83.89580028646273,CRITICAL
0.4644159450631483,33.37721746226288,16.05265847264182,1.4419179034656635,14.274469529300381,LOW
2.9059184451944757,46.371703485901946,54.94136804261261,0.7221507679875347,43.04549594716792,WARNING
2.953866291450055,35.857804155985164,44.90557410810446,0.775351338990548,48.93820003266485,WARNING
0.5307629570197149,27.225683286952986,13.834312282678255,1.03730660450947,20.56118781349124,LOW
1.1886604254818898,25.90967427591575,21.744671226290944,1.1579096898256527,18.345745276468573,LOW
1.4262874803687318,14.957300506157445,47.92968338323386,1.044909470063641,19.064002814443626,LOW
3.8332949715204068,127.64984844293663,37.36904966696451,0.2556875174069507,83.26079249998027,CRITICAL
0.6906117147616042,33.025235930923735,11.126904452204185,1.191136297519988,20.53752989615062,LOW
1.252596711300172,49.406773242061426,30.706184487334905,1.212842619559217,29.02211563543393,LOW
1.9235639774742308,26.716715439521824,22.548029033004518,1.4870340581998507,23.423004155712768,LOW
3.641934139765721,81.2955162395281,32.45604928619716,0.3342229600168005,78.57449395933209,CRITICAL
3.1168288943056495,43.65055590465342,57.549316321735006,0.5973684280014772,49.53833893032108,WARNING
1.3242913593648118,43.97274927520187,48.12531437230049,1.3835855052582593,19.58169505922405,LOW
1.9701345274934088,12.384889487208849,35.08835633774339,1.102651811339405,32.15387280215115,LOW
3.1696111576812784,42.33634015842732,35.73438185932594,0.9753840371401996,50.05781308466479,WARNING
0.9080803312074078,40.96245276199691,42.82172312439905,1.1223030990711995,17.127816229760928,LOW
2.1425044881851,31.16061537252322,41.94695693732085,0.6121899271402144,37.45398554945073,LOW
1.612926320821056,36.55776958722228,39.1921975966196,1.15368029064795,22.07239451411123,LOW
1.2416622949809963,18.003285615923375,42.61648462528085,1.2614600844871193,17.59126085113006,LOW
3.082094726590774,87.65416451194521,35.315174405900194,0.24383750982674945,71.90804538653364,CRITICAL
0.7610681039882985,28.668235396863903,32.77777746762759,1.253650116282125,11.15616153635247,LOW
4.952910846450645,162.64944147587684,19.110612858857493,0.0012339484767292074,100.0,CRITICAL
2.046923046157519,68.06070953258192,57.51755759392217,0.6946301486655234,38.41780578823196,LOW
0.4246853679379039,36.91694522638848,24.734094299534995,1.1615547462016296,13.387803489005982,LOW
1.1309162546355285,15.677210490351833,38.31053455187373,1.4414735499526632,10.880591985127708,LOW
2.275312585648474,32.06275801814783,44.769728815311154,0.6198757081526751,37.589514497148485,LOW
1.9650452092575619,21.674599335989107,46.13773160862143,1.0891093829443022,28.358197246178925,LOW
1.4938500579227876,45.6829348693912,16.52067961342086,1.3627951211680878,35.67473316546156,LOW
1.5323538611877647,38.55711792741223,11.064009218520216,1.0893605179835775,37.81143633654399,LOW
1.2948595935323457,10.483349820577153,38.445076861877766,1.3015341313764024,16.476147181975218,LOW
3.3569909195374175,37.3249466558905,30.463583840322684,0.997890446084071,52.51929073129111,WARNING
3.024490619353354,41.372029465728886,28.605362528554828,0.833170534017394,50.7496575577392,WARNING
1.356970330307021,29.70113128101272,25.465154705975365,1.1501161746889728,21.564405351491146,LOW
3.423884127030178,62.693865904856686,58.3141171102731,0.5531833702613492,58.45633820988558,WARNING
3.335414628023091,136.73412675492386,35.66909872584935,0.30859515445702235,80.16218333538474,CRITICAL
1.535513715244746,14.418917042189761,46.57822929072233,1.1381696466481768,20.693099505586893,LOW
2.1757302501144093,43.474657733123934,36.15820173948421,0.7435244383415072,43.463426722884726,WARNING
1.2539998656568379,31.489276366778086,16.569456264811816,1.1190595006746096,20.935274080044152,LOW
0.2259387869699601,10.551031438097063,18.81897301932335,1.3398306136985279,2.17833667450642,LOW
1.1933942685471979,23.68574566186949,37.05267213720859,1.3707297344212768,11.711318458878383,LOW
2.4141043052180544,55.43038996686272,30.077232187292132,0.9514564176769591,48.75539039430573,WARNING
5.093510893460376,199.28032154354224,1.9093460158809417,0.16312369344402408,100.0,CRITICAL
3.8667187281564486,122.31969466779239,21.803150897026384,0.46011852323627195,81.09686061928481,CRITICAL
1.3931709840180917,45.06610424410986,41.64041512569099,1.0111956846601744,26.385726089732593,LOW
1.7202785425424914,43.35291312180134,25.552271325948368,1.2921389611788328,29.961918938283077,LOW
2.151647648520585,74.69692297272846,25.96595214314858,0.8311743200557254,55.54438802739084,WARNING
3.1653494838193748,57.57887511792278,22.382663015029287,0.8529231270220745,62.00651567793245,WARNING
5.1807995319194555,256.6078609904117,10.526522738712966,0.2309917937854958,100.0,CRITICAL
2.9857191735202404,79.88715307218884,38.39174136332551,0.8530961741490775,64.08004497218761,WARNING
1.9414178061421121,11.291640685064323,23.411826158436572,1.243106481169335,28.418402153095304,LOW
1.8083414919125624,21.449776008486346,20.308193284377772,1.4101630976768709,24.34875071468131,LOW
3.7924768477103723,134.73655161981503,12.659127095957047,0.2319387870289457,81.58922864675034,CRITICAL
0.1683009742724338,30.017189460770574,25.791282650808732,1.2785129562715745,6.4792333048250725,LOW
0.47089537522428626,35.9746672455126,36.93743605996741,1.414615846374875,2.04560086931002,LOW
3.7044619043679154,128.12486606882584,11.700269960094175,0.2439116965832686,81.64953967727548,CRITICAL
0.376064971984166,17.80607874299676,41.01668941480825,1.1309298097577691,10.025879037571933,LOW
0.38817560881255464,37.11719625264394,39.13078936533905,1.1808461589493568,6.761403901488073,LOW
3.0949468721306808,78.43286888943882,29.29286660746865,0.5468552400213764,72.14103456364086,CRITICAL
0.3334381735060262,16.78777233977239,23.364580474238977,1.2069953733610004,8.784589610989306,LOW
1.0698554458848635,47.29941707066537,25.13023646210598,1.0209735365321035,29.75557415301836,LOW
2.8597362675762774,70.74379811716558,23.022050664438485,0.8106159952378948,64.74188441390856,WARNING
1.7018316181776199,13.542170078876413,11.003894219879925,1.117529715020961,25.249216120808207,LOW
1.2904046664425552,15.268983894442151,27.493197343642997,1.102131801051437,21.790295954379715,LOW
3.8679934226938952,142.66343996620145,11.885598810489462,0.5363693045853838,78.2123126992807,CRITICAL
3.353647473913428,45.578813362900064,56.47060425093467,0.7013205425432238,49.88935111595004,WARNING
1.138610335710313,24.237068384832902,41.70947977076943,1.3168193677076194,18.06757298903527,LOW
2.3465522003326456,78.47876442406962,46.40704391091862,0.5985979322651958,54.599404678842085,WARNING
1.1023514526770852,32.14095816649389,17.558622989263945,1.1741894721460795,24.074643516943112,LOW
3.28500323208749,90.8897642535758,39.776858759963616,0.3209222145521867,73.9887417652386,CRITICAL
2.5794229799144235,78.07896305795943,37.312234982019504,0.792087092090862,61.9673931312834,WARNING
3.989234299937955,87.11608548034975,35.029621361271666,0.3528465976748995,81.71240953346847,CRITICAL
0.4018293183717119,32.91065833711464,31.868637837788988,1.0946778942692,12.54583263606235,LOW
3.4596528239466293,65.72042979268949,39.23930238333408,0.9580419927906876,61.132962751435436,WARNING
2.2714596730488017,68.37524193738372,58.686968571788334,0.6804092922716651,43.15617868593779,WARNING
0.9008432869933971,21.411999031795276,41.767198595145246,1.308864166373498,14.411406250485108,LOW
0.7548602219078776,42.09415829443125,29.08833967813034,1.4523017417720114,11.66333468319162,LOW
3.3928582930936217,79.1304953506278,38.15578238073104,0.782578286288904,70.51514997828123,CRITICAL
3.59192014037727,130.78500947691677,12.395620679903356,0.5064750733813614,78.94143505661195,CRITICAL
1.6299413260146998,30.366101532108274,20.984573392625325,1.476379848510827,26.224880689559143,LOW
3.0313351116032043,31.91582830206654,31.668772955094965,0.9546687868954036,41.91225329762942,WARNING
1.9252229902549398,18.54012690579903,49.896958939243575,1.3487904544797662,23.33307155316254,LOW
3.545462900958622,127.66568661572445,12.844248140088581,0.45267228035715734,80.61899016793737,CRITICAL
3.178283228215988,131.6408154244392,10.762022769839636,0.5704812066250076,72.04107574483967,CRITICAL
1.0167239344646548,20.87116700551546,28.933562158115077,1.0091377573691784,15.2569366026159,LOW
0.13035407480242645,34.76527480188456,32.40371670700834,1.1165789992683022,9.247367581139384,LOW
1.6807882349700762,36.500365440087265,11.352817726919326,1.1875749479147173,36.443855114930564,LOW
3.097548784932082,44.35652791267085,59.309204194317296,0.8422698702525429,45.16820113297917,WARNING
1.0264547441047975,29.78781419833467,40.70875059285414,1.3630883127861262,11.683836857129764,LOW
1.2304175790607037,10.824872029715532,25.941895975373335,1.382052620285803,16.929274886441405,LOW
5.214425205398731,171.7506114512635,7.593544158108214,0.0028450065205125495,100.0,CRITICAL
3.2323527514606973,61.49700394615215,51.443449167337995,0.8999519636379434,51.872502080565376,WARNING
3.654093998463491,100.28078896161409,39.61884144988783,0.5800729574926675,79.02342169453627,CRITICAL
3.2648125675993453,43.07472443599359,36.641479864435595,0.5919858803719169,54.1207125595321,WARNING
1.3783232180605853,14.7116118210165,12.467658042788447,1.192452484331193,27.27637657681666,LOW
0.7075071524003237,20.317865503130015,23.551053800381215,1.0816877869760515,14.320176446783107,LOW
1.4004570982656657,15.671380415913575,24.15626496040923,1.160587390272628,19.464201252510147,LOW
3.427982055801809,128.33261606469688,28.073884269139878,0.25641203011390457,78.59460362421929,CRITICAL
0.6708430430039565,23.425349035293046,13.709813095149087,1.3099887031899713,15.10407235546431,LOW
1.2953557520288446,10.269622543562686,49.2819359596301,1.0852581792723408,22.00495712686445,LOW
0.31225333599459526,16.103087673792345,19.872730233797782,1.0841160589964545,10.541278366814609,LOW
2.6312498055891007,56.88957972576816,21.89347155236633,0.9306244815503617,55.93351626960745,WARNING
0.3599069558318263,36.631976399026456,37.70348009022756,1.3384827423126762,3.622909262405163,LOW
3.4287824960178597,55.35885803842882,37.97648117185786,0.6237727828585717,62.97205602751343,WARNING
1.0956482280619788,18.244763130419187,43.526906888316454,1.4998486048295345,9.44358398618336,LOW
1.7004224537946264,44.9194454556963,49.84295155028319,1.1713600648889897,22.142703470551126,LOW
3.0572638542092565,67.05603462675482,28.286886743378467,0.9243627852480973,65.97287565195228,CRITICAL
0.5111020836956546,31.701243534876063,44.534285184277685,1.4835439548890568,4.846266240863672,LOW
0.3160014644097891,45.28941406456996,34.61710305329441,1.3982316544782245,8.202181696310719,LOW
0.8794484309463789,22.70484842146912,27.537064483939645,1.305188631177527,13.893873905790208,LOW
3.469683853367599,96.78235862440546,38.35577258377927,0.49401545722036905,76.28370051387853,CRITICAL
3.118120600435964,33.799089119846144,22.7050531055069,0.5765603262904937,55.59562969218081,WARNING
1.7235987241065334,33.123877237121036,24.730475854010056,1.0348112691126334,27.819464273676424,LOW
2.1747992308881896,67.16101252013031,52.11032386975286,0.7719881289799206,43.68731709346166,WARNING
0.5230409712315737,28.82226564073701,46.905849655316715,1.1486866460372618,8.939285298320849,LOW
3.053653308739828,85.84665935125628,30.95683075405741,0.2762370645792702,72.07516399223856,CRITICAL
0.6328739883956803,39.453505559559346,38.080935527561756,1.4774635882141827,6.499571643971476,LOW
3.0422266295320775,64.71019445313259,55.318698225927044,0.648118366437775,55.38498627280716,WARNING
1.8328380078811428,31.391269003475443,22.00499712371327,1.388049964844991,25.541982523705926,LOW
1.9302288024365564,49.319568388999386,36.671849678647845,1.0568169448751146,34.8557989760209,LOW
3.1848864969420285,87.30824213097526,12.234324495671068,0.40278702494401875,70.30941798243592,CRITICAL
3.0423592426438923,94.86250737954742,30.797710475185053,0.5303453740574862,71.29677029818907,CRITICAL
0.8547514061475451,49.38978651326986,49.55550286352353,1.301213695977094,12.428392818081484,LOW
3.426925694427964,52.49639306206052,25.47467431535173,0.8344744377580391,64.06258686405391,WARNING
0.42087596444829334,49.30619317741908,29.727372679771502,1.006010295088625,23.235933790209153,LOW
4.995559823942106,275.44025974377564,10.96916284073787,0.030510685102428325,100.0,CRITICAL
1.8077146691113273,30.179447553273526,27.886971473377102,1.4090125544183882,20.342784765210563,LOW
0.2642669986809252,10.867554275051571,37.519316160302026,1.2628080685395906,5.7961076015252635,LOW
1.6297800088983905,21.772954169304914,47.42759128608836,1.1252119439261201,25.52611374628452,LOW
1.037315583870307,12.020604718809732,11.456469139304705,1.248007272627729,13.722175898001812,LOW
0.3573919857048039,33.1869931132791,38.41331964590548,1.3377695810816477,1.9845203490979806,LOW
0.36143268722511657,29.979470939628907,45.61727019748331,1.2343614244706165,4.887850755609994,LOW
3.1775682348096512,117.45261027595811,31.40512825537904,0.35855614078627585,72.17515737457961,CRITICAL
0.5327417460670909,46.07232549769495,30.924758673582176,1.407720623243985,15.458701951953529,LOW
3.482888042010402,102.27918178054446,28.050063620368306,0.4699550726677894,76.99902764955932,CRITICAL
1.6623381200806795,17.33314087139531,23.376473224961295,1.3431881786832265,20.172714068353706,LOW
5.251751945373148,292.35858519616886,14.448828064971517,0.21740003090015186,100.0,CRITICAL
2.21331289222209,55.98571454431439,30.10664802013884,0.9993362771756401,44.02496551010761,WARNING
2.766423219829445,31.06764566272571,25.181327159698796,0.9055214709137562,42.89442483183202,WARNING
0.3774289081637273,28.609702513429344,20.125963323296148,1.1117957305561719,12.946426165293387,LOW
1.9436206780108753,41.793582990886314,20.17653226256634,1.2044459173526958,38.13782368337408,LOW
3.3574135193232744,119.71828294046192,26.04570608993838,0.36051781945151984,75.77478819867939,CRITICAL
1.6473279045310814,14.526231310148772,28.563597235654537,1.2899503954637486,25.83615578164637,LOW
2.616194802931924,66.77742435152658,25.25400338874281,0.8267227741353895,57.031903321274605,WARNING
0.7565616304671452,31.59897492617759,17.85320895966242,1.4762574528465464,16.239861220087242,LOW
3.032957194865431,119.33732587612721,33.67926370739839,0.2981567839736028,68.16039212114318,CRITICAL
1.2680010293640631,49.74768701627324,24.611490411197792,1.2761895041322335,30.385887833936305,LOW
1.7662023719247442,44.584108016947724,17.15093551791881,1.4499744371190304,32.24926854185504,LOW
2.978856172906195,32.64186188964924,31.718126843639737,0.7304531558844336,50.24986099989764,WARNING
0.1930456301424898,13.467062929242136,42.06991475014934,1.455693379606463,1.6037070418609327,LOW
3.431407664138671,44.979485456663554,54.20854504944005,0.7530123222251882,51.100661921237624,WARNING
4.272517324856382,296.050859731198,8.81957255659016,0.2858815171278785,95.19062141910358,CRITICAL
3.722628500739394,123.37223242920999,22.50940070768668,0.5169753469598424,74.51803581750407,CRITICAL
3.009810896943027,121.14915675168628,35.97942786935045,0.4612450149382229,70.90681659240532,CRITICAL
3.0755261020471494,78.23729456819592,54.547386315662905,0.9076889347913869,57.61358304730779,WARNING
0.5541567779648939,32.27024097300358,38.382404198992546,1.1516074466502384,9.629520107535342,LOW
3.3161015440120596,75.64518241721714,35.15466716576591,0.6862692874300982,70.52842966478583,CRITICAL
0.8140379919007507,36.64786430028839,24.33293048527971,1.0101719683071229,17.876160935886524,LOW
0.9946016079146915,18.238182367931724,28.109672593589362,1.1388749933051432,14.107481602224198,LOW
3.486316080310939,57.36159603558325,45.8758366757108,0.9596378788756006,53.91689684071085,WARNING
0.8653103873576435,35.80070725023353,10.18352117718884,1.426691607383492,21.616436163957214,LOW
1.8112447829452458,47.97738084819595,49.60411176448536,1.4047550922034389,22.954655543339143,LOW
1.8045428876027676,22.66423702621379,23.071839083001645,1.4588266479574332,19.760076891602196,LOW
0.4685356878187825,26.8772906625382,38.02886269240772,1.3237830830223678,8.600386966577107,LOW
1.0921072228156636,39.01910756409954,35.444737716966586,1.2241570599696336,17.390101495843798,LOW
0.2148593047309808,14.757653074153465,23.729110113414542,1.0588267263335736,5.514335580431888,LOW
3.3072314250683235,49.48237539840879,40.453270612625545,0.9767481207804708,51.671380651261444,WARNING
3.4926098237651373,37.10654968460273,54.489056823867934,0.7486015013364826,53.04825274671725,WARNING
4.282019284477092,252.01652116810234,3.838579737756691,0.0739941709004483,95.44336427273225,CRITICAL
2.5660371268479425,30.35637514143106,36.56953696782378,0.6140346603164797,40.693872277384685,WARNING
3.2670930121081643,107.51197807981096,18.94110582391294,0.4575693391237463,75.31873724802571,CRITICAL
1.0083888081266639,23.378192608602326,45.36551853153259,1.0367060467871962,15.558649202444052,LOW
0.4844134304337152,14.106119280472416,30.839357928085022,1.4941074764578905,5.645807380265846,LOW
0.9761438637069765,25.442813164314472,23.584256569856016,1.1659318052166805,13.6742127318678,LOW
0.8982848344122976,22.189270162949736,13.742354473415915,1.0571654244147175,20.744582533598486,LOW
1.661437200485776,15.385106111496473,39.70559332583723,1.1444348647146438,23.190525680030884,LOW
1.9731044552099695,17.065380769196462,32.704792849290776,1.284643239048067,27.801019503945383,LOW
1.9078283258433488,43.75498249646927,43.19278243352968,1.487075967714739,20.729851757159633,LOW
2.5712188691779008,39.517257590175916,39.329893728810134,0.9628594700835816,38.008804311345045,LOW
1.7125277489365096,26.728197664604693,15.47207922812568,1.4241911519943282,24.396481816460827,LOW
3.0104171967394997,95.6769586216274,31.176994333189786,0.36225578019421045,68.84660266894971,CRITICAL
1.7573374889138331,46.693356805849575,47.91944876664782,1.1362752663271483,25.388197653877413,LOW
1.2595130537855996,11.053392772279649,38.335126230834604,1.3667837613254692,16.008765107560475,LOW
2.258787581183652,61.41249704737655,27.154267393106174,0.9733250416945879,49.62716993359976,WARNING
1.3605741864465208,29.066819846384348,39.45190664843514,1.1403943994628296,20.163145992757805,LOW
2.2654402520456585,57.185513168051656,58.31198366199945,0.8141111161454933,36.98703356126495,LOW
2.4415410317064556,38.86552427138545,27.108094571068627,0.9291998406040802,41.16776749992668,WARNING
3.465145521624712,87.25350240474818,36.5249531154037,0.39480659447003563,73.50451217504207,CRITICAL
1.0994102668563288,34.18164906446817,28.657288142918237,1.4483240817275223,12.070591228917252,LOW
1.1987925278948846,21.99815680775941,40.13400095170137,1.0510605496641179,19.68787835234011,LOW
1.2889180577700063,48.809738076167875,30.915624550638633,1.0936982231700347,27.125397411462394,LOW
1.6645703452630525,24.06643652479895,38.94045436119254,1.388675031442005,23.358347220842077,LOW
1.080703328761171,37.46233055888562,16.722925892175216,1.136810983691095,26.29938227804923,LOW
2.9830401797443304,54.665132322648944,51.82341427128482,0.7410274510024878,48.671465433353646,WARNING
0.8509826161206554,36.70746743079383,45.77810475293965,1.0893543663517544,15.10646972594632,LOW
2.178176631986565,43.97275776600656,47.43925437172969,0.5388673176240808,39.929451621469575,LOW
4.433264402051031,262.3346934911814,18.527408974110596,0.0274107932548308,98.86705383819195,CRITICAL
1.8468785570571153,18.111499930193204,47.35042735151367,1.2635960355438893,24.209562233910237,LOW
0.6361879050484357,31.659023025347352,29.343707630074803,1.240983579810046,9.13149884301942,LOW
1.6244045439515595,29.257572614231808,42.83623314807497,1.4122973207754752,19.84116061600207,LOW
1.4332813646058926,10.800930746755224,11.11036276882794,1.2629116197989212,19.486215204276473,LOW
1.932239392721346,45.7532490660105,35.99248124991539,1.0318544854191567,31.388983768174054,LOW
0.42091546061225915,33.100465711887836,27.43082591636893,1.4736484816964293,4.44772422723069,LOW
3.5654739553399724,125.10445351933747,14.133894033212274,0.2893292955360686,80.93407997910356,CRITICAL
1.1833995815391234,47.390450019577955,23.806844246476146,1.0929101877595426,30.85626753839627,LOW
3.4612653602920993,109.20693990639364,18.027015993782506,0.5566341179788576,74.7664875720757,CRITICAL
0.9486377179616651,17.234320663202134,15.709362805955248,1.1965468059477118,16.51077042512217,LOW
1.9191825631701633,11.901567271251272,26.054785095949086,1.0813513510158475,26.801111456560303,LOW
3.159652242802906,77.50299175244854,47.9411025187765,0.5497458788172918,66.70370372186396,CRITICAL
1.4900362922223251,18.613176200138746,27.889572345329952,1.4883105506756795,17.397960542204288,LOW
3.619545340121558,132.0753746703735,20.76882743902862,0.5993784906291403,77.5841161816399,CRITICAL
1.221014066276687,21.282467132847735,14.482842022402927,1.2837929074218384,21.28617670762363,LOW
2.8133850937153424,36.165056102326474,37.607230974014286,0.906001969699396,38.46838847279326,LOW
0.9432798600549237,29.75326361281072,44.50925250366979,1.3277998846130095,12.756849975160977,LOW
1.539336228623033,29.149682505710288,39.46494137308652,1.4400550824862681,19.33506222906465,LOW
3.4545785741874546,140.15398755464204,13.043721415231394,0.24072776699471243,83.58724291139862,CRITICAL
0.9971420851313866,13.774506712636923,34.083979422132415,1.427547018376424,12.233054273023281,LOW
2.5674373286439067,79.68968983185607,46.517399058645466,0.9076242172212395,55.5415700868916,WARNING
1.3960941753828007,33.60887235228036,35.17402364110181,1.1715058831418785,22.30790157195757,LOW
1.1603834922922347,43.57133607687372,40.51635671051613,1.0593279352513951,21.912116800996976,LOW
3.42940504887759,75.64661186487157,22.2876921352552,0.6240829216046404,70.00178930792619,CRITICAL
1.2714305998791975,38.41973265890556,22.33133649426046,1.4269259540666073,23.97560187201455,LOW
4.829052685321025,295.4908446468827,12.53761847517085,0.12475053672987942,100.0,CRITICAL
3.295328520140201,98.60573829521529,29.69643030733223,0.356194944787238,77.15713206902142,CRITICAL
1.8028325068250075,26.434270097703983,38.41181885861534,1.4545576376036464,23.448571153836518,LOW
3.511104776339579,127.6445474712713,22.409973301821072,0.45887886891764557,76.49329338796726,CRITICAL
0.17255141009114125,33.541594023014895,44.57717381403191,1.0127891373115958,5.014251370019925,LOW
0.9743516126137979,36.63587267369013,16.84916774679546,1.0283474144853122,28.598163909609692,LOW
0.7638019556821491,36.54058971173341,15.229680244098681,1.1179733884463783,23.545719231664396,LOW
3.429847544546327,44.367130912187804,39.50109684882841,0.6999654315322091,57.81633613332088,WARNING
5.397450995043615,206.99032134997867,8.236487050678878,0.10550466592282917,100.0,CRITICAL
3.1091086560773764,70.97337817944654,36.66372438732687,0.8583542511295197,65.70599377527734,CRITICAL
2.274796502273193,36.18148263027092,39.42844027157521,0.5797220781037297,42.06008583161715,WARNING
2.968554095451827,56.280779876002036,21.457068500504548,0.528863979401166,66.19445796257433,CRITICAL
2.978286177696921,38.772434478933235,56.76966163698452,0.9002467732975636,44.18048265126125,WARNING
1.023114488741421,28.335634247953998,23.94081777369283,1.4088173564128066,13.320325257864985,LOW
0.9905786487669413,44.453999643945146,18.72667480806005,1.0514615867561363,26.899825080131247,LOW
2.2607517124670706,33.746604292730986,37.06596882284214,0.6098232154290705,36.01394015261614,LOW
1.164659685555983,11.080736721579427,48.65501391977598,1.1706652608674832,15.049804385325418,LOW
3.215544308821175,43.955239776977756,49.94954836440273,0.9162104277123548,46.044024296494214,WARNING
3.2832956074743556,77.960713631713,38.96990061601078,0.9855545614910587,67.96255129372686,CRITICAL
0.5144432753813329,30.55687412338901,35.9929297724597,1.228981658024972,4.882297900951055,LOW
3.4288935079198426,54.9915576268166,30.12718531237041,0.8793733107562853,66.191763773242,CRITICAL
1.6507936245606423,12.273679559355406,23.287119084347655,1.0471799541303197,25.203530694512825,LOW
1.7558099897717139,30.656205514941167,21.81372884689131,1.3604444439810974,25.06740443814248,LOW
3.199391931243805,62.17941381709425,26.68053668395681,0.835155018833533,64.37224801808725,WARNING
3.359964046297747,122.8371400093587,20.904452002367186,0.2378909941431167,73.68970518836412,CRITICAL
1.2344168584733386,26.30013168150395,25.626647387127374,1.4101892569471985,16.516714132727103,LOW
0.520711428934328,43.84765506339214,46.13030965362473,1.1114028839813337,9.968000250486186,LOW
0.2716158604050467,20.45523341505453,40.457963085871796,1.2549959138981415,10.538736871703378,LOW
3.0904303795656576,128.63068893456068,37.80372536966215,0.28534001670336,71.65672826489917,CRITICAL
3.698024710759502,81.01279752512013,16.948350410863846,0.4423379043583523,86.83279088179764,CRITICAL
1.3825065943463906,20.656734837471078,25.577398659138154,1.184457957940038,19.88620666221949,LOW
2.135379142524826,40.27709505200926,28.019882827402714,0.5542123370578551,44.81696518532352,WARNING
2.990455170453684,53.759406899044116,22.097382843842546,0.9795035053433876,56.72215703479661,WARNING
1.3700006037707746,46.51562461928444,37.911083839239545,1.1090248200944752,27.471466102613398,LOW
2.016494433913432,70.89206444122334,49.54843829601232,0.5704433047620444,49.631777972804294,WARNING
1.3131972965180119,29.831874997613113,14.603770556050497,1.043672687568295,26.809821558963808,LOW
1.6787539381778396,34.48558538252868,34.188624326158894,1.23967288568167,23.535257258827137,LOW
2.9026545355577165,78.39131174217901,28.91893229870317,0.6072812098502296,67.60097757460939,CRITICAL
2.1668588057699596,48.22694675590937,27.146528213248153,0.6657408702004308,46.28125750050458,WARNING
5.366637677761058,151.13536511927128,5.050161475682473,0.0031084641233337096,100.0,CRITICAL
5.467166522045316,227.68694140618229,16.094108564162703,0.21144109537022282,100.0,CRITICAL
1.1074907221722814,32.23994899336283,28.049267944312138,1.089596311427681,17.532906333232127,LOW
1.8421933951220677,37.443839663339155,37.58469263137883,1.2861653069045607,22.22471036055842,LOW
3.472793824810455,49.258016881724664,48.50102347506255,0.6797645021887642,52.79716750460186,WARNING
1.0413543210906657,20.23616171318622,38.93785968180282,1.1348848585944846,14.601021507306061,LOW
3.1776593681417866,105.70647063356985,28.667132752729152,0.44213402818530134,75.13433020692449,CRITICAL
3.5459186903750313,143.75470201180065,35.452233964403675,0.5832491778247084,76.6926076038983,CRITICAL
3.8212038510011492,112.85523364738381,16.36093181133783,0.5642834932301943,78.15948911314021,CRITICAL
1.403549172528719,29.112692334146836,13.259302473854731,1.0707239728728286,30.991419506753576,LOW
2.4928542927227464,55.382471420101965,50.66485913014103,0.8755877968530262,43.62396783320259,WARNING
0.8067150459218221,44.81111983870563,47.76892566241284,1.227034880474842,12.853323047344613,LOW
0.5896232667845169,19.31879681262132,19.55854882164228,1.246940852689625,7.2879843555945545,LOW
3.6199738232811147,121.80762111876038,39.61836995152852,0.4512575909972501,79.34585636645927,CRITICAL
3.2862569723597916,96.80906432425483,25.495560604733594,0.40344357905466643,76.57010364443924,CRITICAL
1.41219789784396,28.287115444932006,37.560300433803164,1.2385403153207595,16.963027794918922,LOW
4.669369902206236,297.3859405503582,1.2994788495795073,0.20512823242726697,100.0,CRITICAL
3.200315274313906,34.73692996512599,52.89462799445179,0.6070200787218805,50.869725610535504,WARNING
0.5137035674003816,29.17140418799331,39.684454396457284,1.109316240416427,10.959683247617349,LOW
5.201740604171237,253.65860461851327,11.223348874928401,0.23470453326855117,100.0,CRITICAL
5.08825845880837,212.5185767614089,17.20686122320253,0.290918503127997,100.0,CRITICAL
2.800009107734586,50.459848409647435,46.20919284541682,0.6350640472566742,45.59350952392214,WARNING
1.9853256518745548,35.45861337497982,44.917091932442986,1.4038842565185718,26.39060266311901,LOW
1.310521252743367,33.62413958095924,34.89678403173379,1.0843159635733877,20.562943244044735,LOW
0.6446508057058242,34.07784650291053,48.901875217591446,1.477033775591074,5.282232716718186,LOW
0.8577496207328488,43.386964867214544,46.6300695594456,1.1182482397839717,11.610726669123345,LOW
0.519614651366632,24.00414270298315,42.19037594362179,1.32342873494223,8.35291613270494,LOW
0.5331889424038339,10.360028234549992,41.2392854749629,1.4235606130823588,9.116439416874675,LOW
2.111603086592736,68.1110813584933,21.830698126010773,0.5527965328531956,55.31161655708639,WARNING
3.6795268920409105,90.73241250418513,16.78440349686404,0.3142700753034747,76.20782737632348,CRITICAL
0.6465252840825383,39.143926221589325,19.65605880429132,1.4176798235301933,13.318471794286435,LOW
1.4480438071276338,30.671708129839608,10.291146559002321,1.4611619232925375,25.993843298638307,LOW
1.883380562747333,11.126112944802188,40.83917339829794,1.2673373540916442,23.290981143870518,LOW
1.5773399024238648,45.65039319689976,31.164747242119184,1.1766716981812977,29.26998610606878,LOW
1.3961391995260468,21.137864427451305,12.200548599685872,1.3329258645493112,21.359631229221204,LOW
1.428483665567294,12.546853322631542,44.63852259371961,1.1556631387099663,20.283653861861428,LOW
1.5435390185193243,30.97708937812095,22.265601295171905,1.203049170834634,28.359317965153323,LOW
2.9768812788646066,69.64463555022162,45.24632313505004,0.7093629646209463,57.33934916923325,WARNING
0.32720600285322604,41.177736526249674,40.44433767018487,1.1231491835427616,9.177190863758623,LOW
0.13324297308844216,25.30964743457265,35.62683072942652,1.0448739188441918,9.497889421943015,LOW
1.9875283075870327,38.661545488362705,31.874835500064176,1.2665164424695383,30.089181590376047,LOW
0.4948844038239325,17.35638143502341,30.783139404048754,1.1039019372509928,11.214127153732976,LOW
2.8178448289540836,30.882908852132775,49.76228948142606,0.5944143683269743,45.357479120583356,WARNING
0.12245293797860002,49.50915931692069,34.480173566874555,1.2113650830929954,14.71765326504206,LOW
1.428381321886932,21.309218799677552,49.531232735021156,1.4752736795746615,15.418094433290053,LOW
0.23682405107267473,48.889063918858234,12.398963465875754,1.4283444519971649,20.454211196736054,LOW
2.5638006312071893,30.94036813148995,20.24383619927478,0.6019969203469616,41.955257393476046,WARNING
3.157938964491143,48.867730743010284,26.414547820372697,0.900024458414212,57.0905764812082,WARNING
0.6450756058073663,40.57248153716941,47.36557752332578,1.4574806410053784,7.037291238752011,LOW
1.9258543219221596,18.609115435073576,17.897182990630988,1.4444428365032398,21.170627609803862,LOW
5.395264518590514,168.15075505488375,9.717112210813477,0.24498152821848113,100.0,CRITICAL
1.7418691840861296,31.081166547499336,38.2334709506685,1.1865312631165323,24.483867978334953,LOW
3.4656547105815374,46.4851518484069,46.99154110033098,0.5862527785976148,55.620058624209065,WARNING
3.6683116953494155,91.07370862811325,17.21763896927616,0.5644702832380446,77.28721817222181,CRITICAL
1.6558349807745234,21.437491556416063,47.578502772937384,1.4572264564185016,18.34842643240449,LOW
1.1950044845239551,23.03198875881968,33.01533462216837,1.0853291856705682,17.00784480157628,LOW
1.18532633788735,30.696610398492755,37.586158563036996,1.3249110309839123,14.612171268105449,LOW
1.2982400950340227,37.005297184128736,30.85979957583879,1.344652435120608,21.003609188139812,LOW
0.3827357760630504,36.58214655825626,19.80745716862115,1.2281579546421024,9.308693960028455,LOW
2.0441805633887884,79.4841247465044,48.65241895754285,0.7126938908993814,47.43046203014971,WARNING
0.25233691264237695,36.88761682504487,22.678224598342332,1.114739229124934,17.436756590941236,LOW
2.967755104031795,73.16327917459867,28.75029724280461,0.8183730815985677,61.867849742143996,WARNING
1.1410759108084378,33.35833609958685,18.649491957366948,1.1958465649956185,22.701982965354407,LOW
1.8721928353017585,30.16435710798404,39.00534847333148,1.4134330197777754,23.326856728294757,LOW
0.5146127475125715,40.34365824393534,40.13226952705604,1.0300916603198096,9.638477846557173,LOW
3.4218622554297373,144.81502232822706,39.8982333142192,0.5122904662777399,72.17068125348675,CRITICAL
2.5878457489806843,33.351972302601666,42.92555025584522,0.6808524527719955,44.77570375100901,WARNING
1.528978305065755,25.926928907415167,16.034535419462507,1.2306737630951232,23.454453176845828,LOW
5.603049258233117,180.862388261005,7.8260100328988536,0.2783376285661613,100.0,CRITICAL
1.1847724637577686,26.42933278845291,13.194826959851994,1.3145907272885429,20.460545279136927,LOW
1.2521883707602486,30.28033520904103,29.746746429012504,1.033748122649615,17.92972980793486,LOW
1.2332576531952197,34.249922397861894,10.601331830479541,1.0626129506016033,34.64359414900028,LOW
1.3881569333573602,33.0696450811843,40.30516529539015,1.3703039027719286,16.193314600992636,LOW
1.6789292658015802,19.50406135468738,28.44689494694428,1.0971628260111248,26.454623726349723,LOW
3.4078030130966255,94.87408287615798,30.76040171706736,0.29785787128419144,77.80762798811114,CRITICAL
2.5178673967361203,70.36227914967368,55.87690964091103,0.8939591797073931,46.62453228856903,WARNING
3.101880827937636,144.68452739231464,28.72902186625841,0.5476870128664799,68.69058903635113,CRITICAL
2.1364193595847114,64.78615151090793,36.36004564322291,0.5758665865501045,52.93400703736241,WARNING
5.8021688484213625,284.0315570104881,15.776406127045057,0.20759433754305529,100.0,CRITICAL
3.8811283963046104,132.34968385673974,37.81944877225368,0.4212333805591968,83.38821791446779,CRITICAL
1.9391000641159295,28.565247511906243,35.65297764268631,1.1865310734292196,29.455532888344116,LOW
2.7718444118242966,45.00553988126164,45.75382704544893,0.9542144476306814,42.60776210564322,WARNING
0.3544651521164117,14.790926339994229,46.92821211571416,1.3313738444813072,6.002539738759862,LOW
1.6054515324472887,16.437690699008982,25.253524652692857,1.233137120267112,22.774160946723374,LOW
0.805442663576109,13.12420747697673,17.919343577982318,1.1677483601654641,11.382366466771783,LOW
0.22334854757417685,32.28417379306424,34.45003552563711,1.4327582317310834,4.155850108335667,LOW
3.2853779546838804,89.58675824329018,14.682495466312112,0.5875855772161778,72.07699722213718,CRITICAL
1.023020123691816,18.31315217172479,42.146359400000755,1.2866085587846825,13.36138058999636,LOW
2.6942383220738177,42.80313877131577,43.576144528101864,0.8584850230803659,41.318738232142174,WARNING
3.14868176182246,118.16570934918703,20.452379854876845,0.4811179032868922,67.57816118638353,CRITICAL
1.3738992696260586,14.115909360647496,12.59071011974632,1.3623116504793065,19.16520032023248,LOW
2.7950366382907506,65.35089177882753,32.93590305413005,0.5184562277109663,63.78688592385831,WARNING
0.5522254826030966,23.426354011127756,47.738509321618515,1.402421399331574,3.8707323631157036,LOW
3.321701620922178,53.28659305072891,40.21597210289014,0.5672195529639134,59.20624458785824,WARNING
0.8352901386362984,24.067540114617984,45.491946796967994,1.0296507166061666,14.764507395408422,LOW
2.280699274542685,62.71057695083035,55.278306741109304,0.5697400699168258,44.50374311961256,WARNING
0.6775580273839982,16.469035699015926,14.425833923733883,1.3391595179926459,11.234468100105195,LOW
3.6520247914130004,88.35569489407807,27.207327221423352,0.3574514736846203,78.37067281593853,CRITICAL
0.7052097903966811,47.17728895278582,39.70029826710911,1.0669243947901474,12.59156820087229,LOW
5.956057945906339,197.93017114995524,7.042262322909094,0.17982426214096367,100.0,CRITICAL
0.5048916571010387,36.416486679544455,23.365145755009536,1.3268582491660839,16.917174528405386,LOW
2.763219133881501,65.23699953554154,38.43862704928061,0.5580691498250614,57.70078091309845,WARNING
0.5673869549146644,12.529157129027864,38.4552488252268,1.1836951134158091,8.898999872647785,LOW
0.38831719820640886,28.33496767020248,45.40982972042249,1.094197661635985,13.102831272808569,LOW
3.4425289928333838,61.85582873823064,37.598589206234735,0.8581864864694542,63.92290340236719,WARNING
3.5145917593757376,138.10203015443795,38.560577212170855,0.40049738680940683,80.6013200493435,CRITICAL
2.9142013144247523,69.07174317991453,52.918633607096915,0.5136146581030303,58.461267691530466,WARNING
3.070543488984644,32.07014295921347,37.681546477956246,0.9090898248608703,46.89220248526318,WARNING
3.2294679205719348,120.54364582469566,34.129907186517514,0.5009630571436743,72.68325362161684,CRITICAL
3.1598637549182227,66.14247533128176,50.632366459598266,0.7154574463394301,57.09735151649578,WARNING
5.541573831745318,236.80200079199784,18.683825394932477,0.27245950183740547,100.0,CRITICAL
2.4930618979617813,42.54389895519742,40.49438067900346,0.7888908808559869,43.01667593811468,WARNING
1.8529423629416095,32.29095986937274,31.06021301528586,1.21781919418307,27.900154250526075,LOW
2.87673023807679,56.285610100579206,27.257593337253123,0.6403028705239828,58.229066220095795,WARNING
3.184013677395389,51.59944853252093,28.156902121845235,0.543972212402713,61.863077102581556,WARNING
1.3814870719752692,18.303149234174928,30.360641932147082,1.1530939875384303,23.366804071601873,LOW
3.2282880662711655,109.39429650794199,38.78480790484018,0.32749007197532615,72.59696233596291,CRITICAL
1.2923397421001563,46.641261411413616,28.102586689363672,1.3130882713462335,27.820014414414665,LOW
2.622634553941814,60.74483193823653,30.372723376758888,0.689018952301526,59.8131083566336,WARNING
1.30676039142007,18.536153496755947,20.10278916215707,1.3242144377299887,16.086582517250207,LOW
2.693175764789422,46.754984838888326,56.4108622372909,0.5679039075245214,46.91873767675964,WARNING
3.4031306666352865,66.40951504903961,32.062607576383364,0.6767046121161546,72.41376723315305,CRITICAL
0.1585364807864015,46.54041261633028,12.942104154592155,1.3498971410487357,21.83247766990017,LOW
3.0878966357848054,45.13614622329755,49.8233604365116,0.671707868630943,49.84680567496745,WARNING
3.163381807766383,102.10301174717675,24.96308354665392,0.5103402228592391,70.45821306042403,CRITICAL
0.6775422481587866,29.3501660670361,31.560201793030025,1.2145687954776396,11.93638045259623,LOW
2.6413384153958566,77.31645049693972,30.438753919261437,0.8136860603350473,58.02447470921344,WARNING
0.7943998769359445,16.89996240081957,29.09180850526176,1.1933311265109208,13.565780735373272,LOW
0.9547720862937468,26.873758730349564,15.25462710637839,1.0655937709590053,23.82818845231873,LOW
3.0870046904610997,88.25030446647774,11.55454385403733,0.412891372302772,74.22975367293245,CRITICAL
2.6052851778982364,69.89511104805663,47.467977440152005,0.99292021047343,49.002155038447654,WARNING
2.4771044493181127,42.29043109944117,26.0945889589952,0.6601829601645678,49.808296701580595,WARNING
3.4574317995312915,57.90460201835747,41.30836264396021,0.5176315090525734,64.32652225244153,WARNING
0.9582440448122714,49.79937922732793,22.203314081763722,1.1347298842742894,30.044394521416685,LOW
1.2345704627025937,13.569079960558517,40.640322552163084,1.4596117571652791,11.870165125912791,LOW
3.222470877814372,56.88950811516423,54.88215304426725,0.9008371774246888,48.880637600428145,WARNING
1.297194337476639,10.296485059045256,25.841676636994574,1.1189800838921475,18.758021376101397,LOW
3.097972413910411,68.66062693407537,49.43100768070116,0.6445825304938674,60.294032096036645,WARNING
2.823514223393425,59.86863323987594,20.032584692350195,0.6291288004764283,65.47721700535965,CRITICAL
0.454680566171908,15.54410207614759,18.346758745548204,1.2768236644334865,8.264360051956166,LOW
3.3261991798961903,102.63855665455797,26.92421760660605,0.3426970870772541,75.99085322140326,CRITICAL
1.1134396395437807,41.28271180521885,32.55623757659535,1.119577550073662,22.455777046562705,LOW
1.8817716387090315,42.0625197855643,10.91860841155663,1.410764492161774,39.57612671335256,LOW
1.5836417071303888,17.922600569650005,39.11924852776316,1.0079341236829087,29.42497497884218,LOW
2.0345592025325607,41.794645203625954,30.73112850050854,0.5787543190534632,37.963473169419665,LOW
5.159937586730878,234.9716737581361,4.417392602129104,0.1226068316144734,100.0,CRITICAL
1.5488055792757338,23.246369846139075,40.07863333572841,1.1858479999647378,21.77584258345859,LOW
1.1269127266858283,46.379477445509096,10.260242715200508,1.0834561064188994,36.14360722963002,LOW
3.893907106577483,129.50124346077897,39.74680490919462,0.23608637183462775,89.24295722081203,CRITICAL
3.190226923016274,75.88130225496916,34.465657824684584,0.5214816964038179,73.18612872747636,CRITICAL
1.3760680504357463,18.53824349334574,42.398918062348415,1.1098822288614154,20.22263149632923,LOW
2.524483010805251,67.44478997683933,37.53617336484033,0.5858573086533677,56.897814161989764,WARNING
1.45011561332396,25.42859150411511,46.51095071695081,1.270127529286975,16.463146502898983,LOW
1.2281993918193976,33.28668541641289,41.99974767745974,1.100598481233538,15.755205302708145,LOW
0.2847521412816052,21.81368809075627,27.12408463017603,1.4820142029769918,5.424024555007191,LOW
0.3745743443353833,20.268797676533193,20.258707639972844,1.2915576641467137,7.793765675965518,LOW
1.72905784223323,49.54178076945992,23.73193621053794,1.3525301368435054,32.412540385233804,LOW
3.1994425871884014,131.58699921687892,20.428289268229374,0.3468326268035885,75.817146303417,CRITICAL
1.7425651583047652,15.610077660448486,12.182783113390157,1.2010204094568908,25.89201134372334,LOW
3.2820685921298884,67.19211227417985,56.65405574770717,0.8741505613616111,53.338751400118255,WARNING
3.193110794209363,114.99041930074111,39.81791799114726,0.47263127301708624,73.71254948053651,CRITICAL
0.1487938172048335,20.397063125026115,46.63093435971081,1.3340664693501432,5.163744690591011,LOW
3.4461507824942594,145.56389666646686,23.88879446335017,0.2817018897673338,76.95477129236312,CRITICAL
0.6425821764062825,45.56464574410156,31.360372827092068,1.3162175257624775,15.050522924202166,LOW
3.512839918107029,138.67958920968303,19.71499834229061,0.5908407451364879,76.02501597967317,CRITICAL
2.2875072587762255,49.442199942326795,32.51316467108026,0.5472464341662477,47.56892103744511,WARNING
3.490504768347748,57.979407052669465,41.81039627517448,0.5201568536772742,64.43282582855691,WARNING
5.753215470923718,201.03136820597513,10.860085084562549,0.165810666676241,100.0,CRITICAL
3.031673061858708,69.48962441929868,20.998840993587294,0.971840095318723,64.04196552800087,WARNING
3.4876688292310796,84.45457839631818,16.877200594358175,0.43146670214736904,75.86528742658795,CRITICAL
0.9049880689328632,23.163730647656195,42.60830511296958,1.0550659691677247,13.263516733425533,LOW
2.308297657880817,60.485184238081274,46.95910909664451,0.5351157823305389,50.42525187954008,WARNING
3.8612541128882416,84.44878389779564,28.095624642918573,0.4376045987888908,82.41961105650583,CRITICAL
3.6756446358773838,81.98733627562935,12.331395941451762,0.4888715821469692,80.09989596306605,CRITICAL
2.1907274968998136,60.703133917680816,52.41149442272785,0.876491215066306,36.685681172993945,LOW
5.774809604305433,197.7505971646308,16.481089793380168,0.048521558919763626,100.0,CRITICAL
0.4442725023061561,13.508831000540606,44.187124646454215,1.2894034491022877,8.587248716903247,LOW
3.1009515181277556,125.08975616144804,31.65500804577312,0.48633093479438555,70.5983648097102,CRITICAL
2.2541866784735562,45.75432271343847,53.7671403401785,0.9491958751137748,33.38368149251933,LOW
0.7592993914083888,26.62785695870566,25.130664866196845,1.2832154495667802,13.212537277340864,LOW
1.9459263691861788,47.45804137888645,47.37626586461997,1.4396388120409567,21.151751536875878,LOW
0.28871002308535654,22.959700018624222,30.15532101983142,1.4966265355923971,4.2559648567330735,LOW
1.0968275719336158,37.80628988752322,17.22935881791185,1.4664135007811279,18.4883449386708,LOW
3.62545061855895,113.85828118744473,27.404677298823223,0.49932088756209064,78.80049605275329,CRITICAL
1.7431778183361282,48.380272411928516,32.67998607000298,1.341135423398799,29.189084891645212,LOW
5.361002738613795,213.5998047536973,13.546759500032543,0.15650400975403092,100.0,CRITICAL
1.6121440790617052,32.57502321011728,41.83382231495555,1.077455970183733,26.906190111316537,LOW
5.768794552770517,279.6524440590959,4.9492027629279605,0.2513953805127142,100.0,CRITICAL
0.4764045626420237,14.404669749738881,44.30386122855148,1.0541272482256594,9.901832442901842,LOW
3.3202702779506046,50.91140776277841,41.85143796767141,0.5832446999786265,56.5371224786371,WARNING
0.35445894872297234,26.39675379468359,33.6134263471277,1.1420097650167271,7.130189067717964,LOW
0.8490393147240395,46.663975556037784,36.35352863064648,1.0203047451514453,21.151272140781362,LOW
0.47917938530753224,22.726877634908455,29.38095336346396,1.4189197061544276,3.8763421398519675,LOW
0.11703413846252067,48.208061564724794,15.559835365458952,1.1438337391016236,19.247965544770025,LOW
1.032031996697773,47.28664459769996,14.028028705019452,1.220448461794248,33.54428803999828,LOW
1.824502756157171,26.38229803490438,30.56340299148308,1.3476446111353146,24.974492098698956,LOW
2.2840034718744917,45.8535309022456,23.69177872555221,0.716306748608649,46.79501048564011,WARNING
3.339308209628164,46.886186649275984,28.881323848752793,0.9465030319209515,58.09854072516338,WARNING
2.158092302084831,50.40559760308662,46.963583990181945,0.7871919374877274,38.907722188141925,LOW
2.480640435195468,65.42311739496816,59.64317769977137,0.6949794288905902,47.32666129811719,WARNING
2.3691638557042567,44.094835614202466,57.394554967341726,0.5129691781243444,41.22606026636615,WARNING
1.2954224893465596,17.708882014415277,12.821880174741253,1.1846666989023786,17.573487862120455,LOW
2.843002755627367,60.07467617712334,41.946479830462195,0.6228759854855939,54.845279818413246,WARNING
1.504818217136317,21.189045364210067,29.73893766437621,1.1635988704277795,21.52349762590531,LOW
2.5199836999210476,79.71039949530251,34.29910357432587,0.8135247086988227,60.005736851062984,WARNING
2.8538441821343126,54.82303554616928,52.3032160561782,0.5252120391806909,50.62783345284104,WARNING
3.586292220245643,139.42112548790237,10.311781076326255,0.547710561584647,77.89667741521626,CRITICAL
1.3940375430860563,35.12758950709457,16.535861882689673,1.2573068822237758,26.543048591093235,LOW
1.1648300014112236,39.52013132211376,13.250336583273516,1.2578812117655127,25.55497841126624,LOW
5.040605651013659,177.37756347688992,2.1557652359856805,0.16249786474960964,100.0,CRITICAL
0.46583948575993084,11.227939471430982,32.6640032015152,1.299300118416831,7.927042932135057,LOW
5.956591219979479,283.27394048355075,16.141571616714813,0.06281035101399937,100.0,CRITICAL
0.9454004443421734,34.78527005274209,44.02714736033512,1.1159815205684007,18.9347884129819,LOW
0.9629679864506401,19.004686441131163,49.46643619644304,1.2375966417037216,12.52542763971008,LOW
2.3278389369302435,55.70683591659093,30.21398234137227,0.6011681256917332,48.517378132595866,WARNING
3.040707173612521,83.02402105990251,36.5762055193775,0.2506578568817365,76.29942073568488,CRITICAL
0.4399363410547261,42.95504700390416,42.108563310404094,1.1700661054217254,9.400596951479548,LOW
3.0564234754174224,136.92253901156423,15.117960082823801,0.35664835897270375,76.82934420825687,CRITICAL
1.434967378228864,37.13304719013031,31.915904067961076,1.3490815184018277,22.889951836457126,LOW
0.914933968387369,16.06506117416915,27.18374256880776,1.3508458757101707,12.38533882316826,LOW
3.064140354942414,45.43837643221782,46.48855895163695,0.6837331597944691,48.077501042284446,WARNING
3.125218571288264,75.32037145131706,37.51714413815644,0.6802425541041339,69.08067500798462,CRITICAL
0.7150230679445835,36.15697960269256,47.30867056034336,1.0630355032446834,14.818668162051864,LOW
1.0383442804559337,44.60918383441785,46.01808846848329,1.2571760805764582,14.030437629335141,LOW
0.30071443901286116,33.46866980964935,14.954344258653798,1.0747088884556355,19.420681846060294,LOW
3.1057351365061057,93.87014167677724,34.98884289575952,0.4884350434791168,73.17295960467496,CRITICAL
3.989745674907922,140.51021243089914,25.61389752549281,0.32430727391890296,89.39660687319778,CRITICAL
1.564780371220889,13.71015170631547,41.1757140272684,1.0159992593409743,25.924102408686387,LOW
1.736729280618206,13.459810960855902,30.70955745976679,1.0796957194806582,23.861982125088993,LOW
1.044024800785214,33.555871260588944,41.2873358125284,1.1134798140935305,16.911212160710413,LOW
1.0169593241279085,16.313656434916822,37.74947209318289,1.2878154450458585,12.877140340838025,LOW
4.000011073351476,198.81636225203022,13.592695867324796,0.013542622158635664,89.91264486005095,CRITICAL
0.24569473073361855,33.260389068839174,45.837012601541524,1.277718488856131,2.115625544037795,LOW
0.14106796372731112,45.53239865923645,14.102897548785869,1.4998946859062976,19.349158977840695,LOW
1.38180544351486,47.95821888723623,24.49157110568105,1.3672165943739947,25.913178348504637,LOW
1.6597763231078426,20.295482544365914,21.326326516234303,1.4994848710993887,16.752833800213136,LOW
0.9032715287808929,49.60221831099339,24.77201381669705,1.1830760036179335,24.61865929481101,LOW
0.9040994848331123,38.025632023047706,11.729720999170613,1.1869580136092834,28.19798587729337,LOW
0.5651548597978618,36.1714934361738,21.599603216547095,1.3033657795040015,12.539804672650149,LOW
0.4241401012824715,12.265168594038315,34.76753852419647,1.3363943469571673,6.468557467824121,LOW
1.2692455309035393,49.283389602303124,12.976083797512885,1.245185436249432,33.11852519128713,LOW
0.23588559798430983,30.884056326687368,10.774271520161985,1.3643057208363651,13.53309117511434,LOW
0.971985355776843,17.847659749683345,24.45052623179063,1.0909347162108332,13.5386817757502,LOW
2.419411251601628,62.84910979616636,41.618198356853696,0.7117193158263599,51.3219380070959,WARNING
2.623583107412344,71.06853012875163,49.18393832941064,0.7703194972565406,50.7998683469302,WARNING
2.5328854843404285,57.00564714018671,45.88521841990374,0.8224192874253198,45.14260920101405,WARNING
3.018902937567522,35.46407093567521,27.668493218291744,0.8152705022711755,52.83153302446778,WARNING
0.46389368939902476,32.33858569745892,30.029920770715947,1.133198576988345,9.67334277966262,LOW
0.16646442830764085,11.481524319774966,13.797080112994866,1.2883962266002802,3.668082771059629,LOW
1.4463914938993938,44.21408956020266,15.526911410524068,1.1928738479702001,35.62764737283163,LOW
0.30207911815779387,35.92674153897498,48.701459047125255,1.339082812810381,5.086677609127966,LOW
3.2050842246663045,88.25330569075552,31.075601527373088,0.3485633323450543,75.33226058951249,CRITICAL
1.3754330981955503,23.339361670779525,32.90232688994085,1.1497275531306521,18.304533095761652,LOW
2.0347641255455176,69.58653916791964,44.813510992879046,0.5961185334964478,50.299419752574714,WARNING
0.5987365451591619,33.061204183822475,31.93265332372092,1.1369318598209448,12.729774164096254,LOW
0.8926736118630947,33.740804741792395,33.45740814147997,1.0097676734947554,16.27087213992862,LOW
0.2174783704930309,32.758602901997364,35.815595506778685,1.0798710817117387,5.318127310410663,LOW
3.1946594045291334,118.3819884927961,33.48806537502653,0.5318312771588192,69.75482615120666,CRITICAL
2.4492916283928245,71.15232874144282,49.68664108400506,0.8522345669146346,49.30805630489161,WARNING
3.247213349740533,57.24911404248952,32.183445763522954,0.8388684483834421,61.579024890397314,WARNING
3.0130369575410105,77.33545283596602,34.687161330582256,0.5198287694778918,71.35916936604474,CRITICAL
1.6777889576243603,23.282325050857764,41.77031712944999,1.0349149314868629,26.003632971246336,LOW
3.015707120868194,54.57129150404782,47.48363455450843,0.9615918352769205,50.419109243600694,WARNING
1.9726431688216501,12.205469406450895,24.34481670467241,1.1488485823843064,22.51676622691001,LOW
1.8436639349877446,24.721514962740592,46.67906610800002,1.2116694308316014,25.232477425316443,LOW
0.9537646180389858,26.975243159128137,20.396562483422038,1.1448193649959535,19.89388459251115,LOW
0.7384010586944558,34.976232129966846,25.462326748385248,1.356161605463146,11.570309046239394,LOW
1.4809816565022909,18.696191989698512,17.28216194620917,1.188187436824596,20.9982212896452,LOW
3.6236571897114835,147.03055643106245,37.13621304782876,0.26045487872929696,81.28149258770722,CRITICAL
2.7733559228280718,36.70536338855277,24.992697286184416,0.5234303778896019,51.52051159848938,WARNING
3.947744138068179,88.09795141525802,16.393671056473348,0.23594515389396414,84.38135706887714,CRITICAL
1.0546811428233895,37.298439145797076,30.175623330184965,1.4755007908381206,12.474048239846635,LOW
1.6173504733226198,23.379323632538842,25.101907523461904,1.3544147218551128,20.526504417649086,LOW
3.126168863238198,46.04893029918624,50.27721732728992,0.8922603801099008,47.15615368766294,WARNING
2.8051343580002244,67.9860401531242,52.6812344889763,0.6685977210153352,53.87487405344889,WARNING
1.4622064161017605,17.461356873446334,13.72196451952517,1.2872715060251139,21.89585117641566,LOW
3.035459023525763,137.8551146316445,25.194136321105198,0.544358179488492,71.04320622022419,CRITICAL
0.6773209828623891,19.699446832291855,39.69713214912242,1.076821559683568,13.328865666478846,LOW
1.7700329693716907,38.235287716513525,45.01519911676347,1.0696776291303451,22.887546374795093,LOW
0.640593624833543,25.18333007911518,13.688785489708476,1.28324377891341,13.592281109158343,LOW
0.18827715832733635,38.15915459471907,39.17119335364414,1.4172357214847175,3.9994988012971895,LOW
3.5513516251001316,111.1466351748592,10.091032837087685,0.4843978126956935,77.52122572043947,CRITICAL
3.406316218229121,59.711606262062205,59.7142437557092,0.9269096359316452,49.47451282694985,WARNING
1.6140570162107382,41.4478841187653,18.457957576222526,1.3823723270674564,31.895740481152238,LOW
2.1642877173525097,55.089179878510436,57.24552003354714,0.7532287727226143,31.23138107333686,LOW
3.3743918226398293,38.83848252666715,36.14776840090839,0.5781451404909206,55.27697938736437,WARNING
1.1268018247580622,47.768144588866406,26.500606150705096,1.2834783067698492,24.530334704145325,LOW
3.1357427732331447,46.526411734350475,26.57364742122578,0.7514547709511367,59.89569159970808,WARNING
0.6062786204052065,48.9368524277642,30.086120748061326,1.4282388469217118,17.598104258000202,LOW
1.022710286847604,33.73417303594721,41.59062144820259,1.4245283760302188,12.408858139829876,LOW
1.8177185363130315,47.499866100170436,33.71549617427142,1.093375306627453,33.61280388079078,LOW
3.8148081265893166,86.07105209800547,28.21064285111992,0.39325771970748846,84.90144361203942,CRITICAL
3.2966412919253965,94.42000743336474,36.91260568057464,0.2594862275600419,74.88296298949679,CRITICAL
2.924329149261892,50.86846409789834,58.99859920948383,0.5659165840424896,50.22700336198366,WARNING
0.9177511210611999,35.24187795984726,26.290390327780763,1.0485180056860817,19.445670466500435,LOW
0.9487720359306089,18.6638272851569,14.008867386746036,1.0742892395544312,18.694003405142816,LOW
0.4755795326102007,26.79840848904769,34.955970761766146,1.3144439190133663,10.020108898053964,LOW
1.6523627517186383,16.454708918174752,23.039428032309985,1.2454174279734915,19.71847093124637,LOW
2.8394495364300973,35.104800585499866,36.867040114554044,0.9614546321029113,42.19218740963225,WARNING
2.1675127739739954,40.01297261551517,30.10558970416384,0.7440978642619028,42.596564970683964,WARNING
2.6910880334063876,36.30305209186989,37.57395508045522,0.5813166268744442,43.43628520711507,WARNING
1.4174858450560768,19.127922557808343,13.041204305493057,1.2816497380373744,22.5409426151679,LOW
1.2167604216395191,40.13994150344806,23.17263966689226,1.2441747045403462,24.67856663171248,LOW
4.314004822715345,256.3400853724934,13.05237196394508,0.2616914440578981,94.33984659887247,CRITICAL
0.6323925238534517,15.28716903041341,47.32380489087686,1.2133176623226285,9.619135386418462,LOW
0.6634208186734311,33.88697437312196,43.80930367138363,1.1926953466124983,11.780242705818404,LOW
3.2442320596779286,128.54784811126368,32.071400514468166,0.3095851677322464,75.64836296767977,CRITICAL
1.8114321732641376,48.14101051736232,39.41519663784002,1.363342292656917,26.50784613839486,LOW
0.2404585954603608,42.08418543443666,32.3664772621347,1.3408137653935874,8.487126919526935,LOW
1.6105699187895013,28.150625569136295,43.0769692342373,1.2188495733800064,24.660219485961587,LOW
0.42490953164218637,39.75687026236671,32.99556491175987,1.2023014502323432,17.585879795997478,LOW
0.8185146014256094,21.696458604389402,25.53695386982509,1.2502811067589525,10.562958219120887,LOW
0.8476786190328872,25.41977773227694,21.44015267369051,1.499248162401226,10.890661733595405,LOW
1.6950955796418465,46.567861440372035,26.059119304358354,1.4117392247103548,29.4615739332487,LOW
0.36613016392559694,22.635130656104437,23.66696055564189,1.1986787723927894,5.1970685683315825,LOW
2.368370199298603,30.928779788256083,39.58722205525086,0.724145622102432,35.035529906347726,LOW
0.3542226628526861,30.396835787395755,19.39003040078317,1.4387991470707235,10.455065145210538,LOW
2.5310445818928864,30.843400573392916,39.39793758968907,0.6032330010692151,42.30370122218684,WARNING
2.874512740596952,43.26068876935925,22.755309368746865,0.8775095990201673,55.83587525013081,WARNING
1.340437923082783,14.747220021147399,21.672396316673748,1.3282695559386848,17.400035542952505,LOW
3.3209255017433468,135.9197489589551,30.332573808198475,0.33946990860303994,76.46502376247066,CRITICAL
2.74344701285522,52.6359980245384,53.91910868955426,0.6473522075193129,46.74070571761192,WARNING
1.7715870227354262,43.00095812204732,24.66241898278451,1.0927255693526057,33.7675389643848,LOW
0.26313841092605916,33.91638701315051,11.088335352385199,1.3146191878171558,16.981562878812696,LOW
2.7307167119377267,38.75036646488059,24.05575754508829,0.6566461740685017,55.97070750762866,WARNING
1.45102144654719,38.50847728501106,27.781512259699994,1.1717032228739759,24.698258822851315,LOW
3.784587482031228,148.8293261962407,21.157924160168562,0.5627330419428394,79.27168692911154,CRITICAL
0.9376612007865704,35.00392753724495,16.80831355352676,1.433226085863126,17.753749574574574,LOW
3.3563143220198963,30.131582201074238,45.19952454371986,0.7062289234274164,55.38434615032896,WARNING
0.4893089269073372,38.120312709485724,30.854630357767206,1.1168195490308452,13.704599156447282,LOW
0.9731609709766031,37.65777709661246,10.106444144771176,1.2933801328857415,29.169111118464244,LOW
3.440189797111689,103.9764157016219,13.069611325338588,0.33473433795729324,79.31727430018933,CRITICAL
1.6253583901487643,42.28024591383346,26.689506291791126,1.1298206169382454,30.34010593048064,LOW
2.387980497185583,41.25633135717894,20.84832202525661,0.7885797087930313,49.36132035588522,WARNING
0.12350524744717072,14.194046573472692,22.550767663512552,1.3345815950558557,3.923579163471473,LOW
0.7293299499049348,18.71908719807909,20.152213482873535,1.0370675572765709,13.093226469089572,LOW
1.7332731732411837,37.53698165582453,45.01072815462466,1.0524295071896783,22.68263479527228,LOW
3.455356737088836,70.76797395251438,21.411126670040254,0.6583298473221171,73.45306729171666,CRITICAL
0.17631723716887254,13.180612166576555,21.053077158822475,1.1521013838190655,3.2630576552112878,LOW
2.2121048653683495,37.88703079021288,45.06356206688936,0.7858710760962484,32.39131744660639,LOW
1.7193024110224464,23.162376564048298,24.67869394177945,1.2102300404172943,24.675903120762307,LOW
0.5929259792960464,46.17899470843098,22.33402960560619,1.349244462734411,16.08123512891312,LOW
0.9269179750671965,19.437740936053267,40.093184775490165,1.3686016257131266,5.110668182362127,LOW
3.138450146884879,125.75893849421713,24.279489834617785,0.49733241172624915,77.2919876932316,CRITICAL
1.2261785444754834,32.2691286086223,43.633933183567414,1.338418148777514,13.079608488473522,LOW
3.3106191476127655,33.74766720973804,42.316930923386565,0.5574997633299119,52.839888661056094,WARNING
1.3913071724875836,37.273984474886554,34.02632179985448,1.4296114019508985,17.798445060881907,LOW
1.502498258172046,45.77614890417608,37.584131448118484,1.3959662983392245,24.42934452506448,LOW
0.6486731828800306,44.5649552141853,34.594513946208615,1.1170813758368683,20.505482222666267,LOW
1.3443221755946984,11.68579399271071,22.14766492016645,1.3369859058630573,17.27359069163263,LOW
0.5221781582207479,45.163731614335575,36.97284397726434,1.2494593551283368,11.415714512618331,LOW
2.232968890857003,54.087203994909444,36.358975765520896,0.7383436707138091,43.18975654389923,WARNING
0.30234446538555426,48.56443810985285,49.174709348990746,1.2130823289559092,8.07909525572419,LOW
0.6636894489359257,22.54605634578082,33.83097739436896,1.289988356157235,11.719943901012151,LOW
3.790036313976274,139.97933652220814,36.73685840833028,0.5205106690219921,78.03160002259838,CRITICAL
3.034352474679978,49.32839844815829,53.93354599858041,0.9802832964089917,42.7482257769526,WARNING
2.6848880933243273,72.1443558471259,20.970781879575465,0.564506307917124,65.88882388689682,CRITICAL
1.7888185296763695,24.058331505815485,35.3538143146767,1.317167235162958,24.373505423841376,LOW
0.6412182987117102,46.64027690784343,17.336594151736684,1.0867873109238122,24.774052162873595,LOW
3.100149138312471,123.15902337885561,20.193455693359542,0.5217091541884136,70.95072483616745,CRITICAL
2.5824592116191574,79.19364922724054,22.649239538621227,0.7888931516153384,58.09133397600195,WARNING
0.7253665684130409,24.805997221890813,39.93131267036134,1.4331467764598673,6.175803776468983,LOW
2.9697126516433587,68.2950039044399,49.53989916607221,0.7378748468651974,53.30992713852975,WARNING
3.4389561866678378,59.0527359467815,56.50106009889064,0.5071146854864738,55.14713201082107,WARNING
3.2804039869401196,61.549691897184786,57.36243997446918,0.7949564964406498,50.383359203562044,WARNING
3.359725895744316,33.61839728775385,44.17562048843644,0.8849017364910123,48.28006863939265,WARNING
0.32186241235282453,24.645119866783524,20.955246941988676,1.0991570794468448,9.728909482779844,LOW
3.0321884053761305,65.14681134395224,41.29415904554425,0.9764531348327834,55.44624657916156,WARNING
3.95763114266628,107.21568346890245,36.33349479865074,0.5051498797627535,81.19473129581006,CRITICAL
2.2046784861828206,44.688790350055605,40.014583057751494,0.8399412675742366,36.58517561669393,LOW
3.5932400448489967,126.99891697704663,19.30041550452934,0.47491704657141554,80.47369420620232,CRITICAL
0.9897168411474581,27.303510276410314,42.4449133722954,1.4768495985059527,9.81597047837326,LOW
1.002553011447946,38.23705066772943,45.81526488138924,1.2468503484230102,12.850287435862514,LOW
2.626286908949049,39.3277863394035,21.479579813728698,0.8437043330399474,47.69348089077783,WARNING
5.838413267793234,252.49063662912204,16.830596170328583,0.07671828554015794,100.0,CRITICAL
3.454808508536403,73.03986536089295,41.377634990865495,0.8943701096563883,66.9571002553729,CRITICAL
3.2160175779392155,135.52809590841645,18.0954087390656,0.5507789687758666,70.5731736665645,CRITICAL
1.1553870670578568,43.399489508362834,20.738697010985163,1.4205690913527425,25.562479173445038,LOW
3.5791054009593353,125.2593927581089,11.213235598357246,0.3468542233214853,78.39564816813296,CRITICAL
0.7743179730601224,39.15566712518908,33.92385361907013,1.4565500344010096,10.018708901566063,LOW
0.2135223501146994,31.384311499645147,10.041085544431404,1.3938594715674828,7.412716750895615,LOW
0.8124502886826488,27.245347130026232,10.641293777041207,1.0417728936081023,25.942422125473566,LOW
2.225183397829706,68.93813041734991,30.97940696018103,0.548949818674662,56.634726618418235,WARNING
0.36918349633402514,22.953870179100786,22.419218952390562,1.4001933482799196,2.781004046302621,LOW
3.19341859914355,88.67579187389931,29.02487452964255,0.5218494222781725,75.41178788798078,CRITICAL
3.0622859486830976,127.64301636248891,18.6681615219691,0.22983878373325017,73.2718977873719,CRITICAL
0.40049135208787734,39.48030072246739,39.650471987978136,1.4210338824937547,4.605604951838453,LOW
2.573060878530112,56.8024198033569,40.97054349822868,0.5824911746791583,47.74690116749166,WARNING
2.6588775923080967,70.39593508262465,47.624448325155996,0.5557345930987774,59.884497648133134,WARNING
1.6057443618576,18.880180585775975,30.12339181894759,1.470280643736318,18.26011316388839,LOW
2.636081677555921,30.339746369957133,25.336544910963124,0.7893319425489937,39.23333188526842,LOW
3.332482537425941,117.60055295108745,27.0614022857239,0.410987356025569,75.40695440120464,CRITICAL
0.7404210984226253,46.35054532158478,28.03213047036579,1.264224433673038,18.617245562295622,LOW
2.7687609651290535,62.85884679224834,50.88048261654765,0.9370496953821073,47.47005654754143,WARNING
1.6417167960962846,20.35347582263607,36.41342603829465,1.0513536503398198,21.622904162632494,LOW
2.0688727044044084,40.83507832737491,36.320137013187946,0.6913257811470231,39.3562087510364,LOW
1.9888599458051484,21.377583233353437,38.84128338605852,1.1100133486058592,27.824554362933537,LOW
3.341834919633971,80.60506750478395,25.510612932353844,0.40991517446043857,77.62243091921339,CRITICAL
0.5464307894966556,41.33982363925398,11.47023298514637,1.2447633433433403,27.67384242366551,LOW
1.2127280214718814,10.123921463127328,20.607134691567627,1.2498421276582405,16.794253821917625,LOW
3.126589816005535,91.85023903022926,30.077501931514828,0.3499446775289595,75.52189445915106,CRITICAL
0.9593774172900094,25.103093932658357,21.79531090643989,1.497102105961174,11.3041343572414,LOW
2.5831204885893833,71.45109458327096,39.586644028482276,0.9364122061839293,52.81601974266854,WARNING
1.1231130946375996,21.652535646205386,15.884787365855363,1.4973139592528661,13.092766081375709,LOW
3.6350124374930797,142.4080011746762,38.063882125234564,0.4704433167463342,80.92193984136614,CRITICAL
2.190200814280811,48.34280002287529,37.83683806941508,0.9676845080677978,38.31525936496615,LOW
3.312916344193836,67.87958504199682,32.39443546090732,0.8593544965320916,66.34254657461958,CRITICAL
3.6119291619152283,137.77887541668304,17.641107470501538,0.499899532970918,75.57916929222914,CRITICAL
1.1360779275562138,27.341383778177253,32.25903431083228,1.0677667120141363,20.385197607046937,LOW
2.8234546383677293,55.54150560656272,57.75539640155514,0.9672848489698671,39.07669490901002,LOW
0.7686005220099891,32.195938262922446,13.824251365568312,1.151503350383758,20.05844680136182,LOW
2.5765255015162243,38.55821873791531,55.50287379951038,0.9370743439688971,37.104460676768404,LOW
3.390744942257793,83.98877174573167,13.202260536833082,0.31041923190851967,78.56468684491612,CRITICAL
5.633347324663605,259.47733541237824,11.772482798546285,0.23097248975396184,100.0,CRITICAL
3.601344669907081,90.82292708138837,14.915749518061592,0.43354512125143446,80.1890977273561,CRITICAL
3.0147389201350405,30.29103550504513,39.95394208250492,0.7155823606944558,46.79316233346018,WARNING
2.5739579905000483,78.82875159435812,46.80812726225607,0.8299591665712946,57.0126092583011,WARNING
0.9683825608029988,14.007416173298806,34.93483913868659,1.2342590817025374,12.170541920106693,LOW
3.0169411289231194,60.9716125015619,31.761164904294926,0.9184795786218344,58.091534390998326,WARNING
4.5670158134129535,229.20454573427597,13.646491572159828,0.03756777987997007,100.0,CRITICAL
1.6232085603949198,19.470329383993203,29.73161459614427,1.3153153029914855,23.166170193386574,LOW
3.392859443033638,129.46423481746993,31.965239433107545,0.3201096520507961,79.42672959118987,CRITICAL
5.7304383470441245,193.4791993049346,13.501373533739752,0.2153401903377882,100.0,CRITICAL
2.9872320277290774,41.042018614235914,36.3136924539833,0.7169612445661749,48.89082766374073,WARNING
2.927591817886329,34.29302953131335,32.3079180754896,0.7365237522307728,48.65312939924138,WARNING
0.32217152629528745,21.71613613491356,20.187695289882768,1.3905132051541207,7.1789702119379895,LOW
0.9833503225508651,36.8287521405756,48.59144611800148,1.49962029011222,11.516482500621485,LOW
3.951785462852208,111.19943011642293,22.49532634126381,0.3841857849514523,85.82136349749524,CRITICAL
3.1631680944166467,73.52721954506646,38.24843017130422,0.6816863130900648,68.84086983620266,CRITICAL
0.8588770995176326,21.695472892570077,16.748418270277945,1.2898536195489467,11.987956309024074,LOW
0.9782449284120474,17.83452019302064,40.71467210687026,1.157356041725373,11.885129240955871,LOW
0.9807955917534767,31.186676653180605,48.702731279277586,1.4523459040228517,8.879058454430826,LOW
2.0583552016446465,60.61301704383673,23.58674427056465,0.8551721192593736,53.44126902967817,WARNING
3.4171103414656088,112.23887068316223,27.704427430385508,0.27885308874322023,77.77881449367162,CRITICAL
3.4329999265013726,91.6774235141205,32.881955002566514,0.2876605489775941,78.99225785485969,CRITICAL
2.854344110997374,62.82553244736816,24.620960492309777,0.7380090189420536,61.74412831744008,WARNING
1.9494003708562315,11.984957367178698,21.93176812239692,1.470931097045861,23.26816993970636,LOW
1.6322598786212632,12.200969422853332,17.885150065788086,1.2445975331113148,20.27644180057315,LOW
1.4161587711191668,42.83068884559193,38.18079574510574,1.220141856819991,21.453377086138413,LOW
0.28180298497643985,25.897734868894883,47.75545186938216,1.4542068466385,0.0037589042056129784,LOW
0.3701012345703871,17.124306238337425,25.10184218436509,1.1050370975433907,9.45582163874054,LOW
2.4369451369671276,68.9474191276152,51.03795550823338,0.745500985106381,46.99091038714084,WARNING
1.8450918601925794,36.74642094163885,19.882032766078037,1.3052272735171133,35.737875479876756,LOW
1.0223970854554936,39.435283676294375,34.54902984255903,1.039976345622113,16.456846388343394,LOW
0.679517551243778,27.209839861549852,21.008902367171444,1.3257299290349591,13.45664496409863,LOW
2.186478961393476,62.5403121681494,58.457439036004565,0.5964119086316734,38.05306174877125,LOW
3.6060479492740165,121.36614071321983,11.557680469626014,0.4993201113545593,81.66732658266933,CRITICAL
3.523796373372279,98.455101929482,14.2471747417844,0.2642012511729657,79.76826735530192,CRITICAL
3.1235780956303887,106.9285851132598,20.028239388670926,0.546182266695588,71.33939744633473,CRITICAL
3.2763853631064284,34.93361330133374,30.12409021059584,0.5677230977859141,55.16717870296584,WARNING
1.4647462275076286,16.762542728120007,15.206741782789553,1.3073043743902202,19.30193676835335,LOW
1.3931643429281833,31.652655265682146,35.89691595834531,1.137703190029873,16.944084721137497,LOW
1.6225850128724406,38.742492519393046,33.18914604794458,1.3140717378910403,24.508443868009035,LOW
3.1686379076993996,128.0660170223917,38.88945332956483,0.32400358582796834,77.435310570902,CRITICAL
1.496248187241353,10.279212978245083,44.90134596728668,1.028150626051785,20.479419994545776,LOW
1.8066909597222751,39.84983407707449,23.617622645730407,1.1420765464286124,36.65715524469546,LOW
3.2548561439094956,65.79252321479046,45.59956900142966,0.6139623625943245,62.85157658788795,WARNING
2.767381643400171,58.45865139036732,53.131055767146506,0.8711297744187787,45.85719219799427,WARNING
3.5072827716587223,123.725434131278,35.63715420687939,0.29292802407068613,83.6927897487031,CRITICAL
3.015836011046125,94.88012107212593,17.03351523283871,0.3306450721047177,70.52630544334467,CRITICAL
1.2212636925682534,45.42481057018981,35.47911364289558,1.1207632794771796,23.66842799252625,LOW
0.787166420616356,41.5985922695913,39.55724725948457,1.2882911847528213,13.617695343111047,LOW
1.626249664897558,22.301701142109923,40.863917559966495,1.3237831828811295,19.014420126955994,LOW
0.55969784951742,16.3131608979656,34.68204991151005,1.2993915594886267,6.891634325824188,LOW
2.9628347138372577,70.73922669822832,56.542108461992136,0.6151877689508811,53.55011002491396,WARNING
1.3432446946266419,29.46322246761803,40.33328347337735,1.2128387404952856,18.718174054944058,LOW
1.7569019422785683,13.315538845812892,17.558585701415282,1.1384884329809255,28.051100839844338,LOW
3.262131037912,54.32167292939469,58.88710749972888,0.898406180793154,48.1983610434806,WARNING
0.8244164635959711,47.179647681768714,37.37662543258869,1.3107168172628194,16.40091602614966,LOW
0.706509377949019,32.31779454835879,10.726712837086678,1.2186753524816138,24.713515726387527,LOW
2.2463510067744084,33.227947507845286,53.44116562910794,0.808636934231681,36.76461744690958,LOW
2.501178904472657,48.80981359808696,26.235526527481934,0.9176277971043701,48.07875018763921,WARNING
2.835528614965491,74.17459575988738,20.63322465812376,0.533461531261646,69.78211286618135,CRITICAL
0.38387224528471997,15.827388055464269,48.12965653274569,1.3467522643123708,8.7469058368074,LOW
2.4837303077076416,51.65215989543948,23.576235247968306,0.9990759440275008,51.79259949059027,WARNING
2.7564715580497587,42.87137138373479,29.055616138389347,0.7747662285946122,52.72268003979817,WARNING
0.2414945178502178,32.432544126414,46.79248192840957,1.4571359255649272,5.232990862943331,LOW
5.721164452091559,251.64197029446836,4.010501551784715,0.021786442193688704,100.0,CRITICAL
1.2629458907882816,11.44754416061431,39.56959825862202,1.3562353686754847,17.254581705312553,LOW
3.197034063887118,106.64043395553993,14.038790005114487,0.5099912040545282,72.58767650757378,CRITICAL
3.393211363092473,40.41076074381387,47.534706460769044,0.9946184138863544,47.59109866631691,WARNING
2.269764124521855,31.52513887096577,33.39842789220857,0.6330520415270329,38.88588460484196,LOW
2.5605208116171507,66.64793901925982,20.649559677973258,0.5074060667166955,66.7701267473992,CRITICAL
4.708819134028666,158.34883601357492,3.8980032333169734,0.2693555501444586,97.38854795505415,CRITICAL
3.18530123605784,36.20841028363963,25.399479548300317,0.556123003772448,56.394222534181175,WARNING
2.774249549274889,57.219495593692685,27.81741433565073,0.8176230467269947,58.34839039933898,WARNING
1.9875973248894945,11.070356259709161,12.006261628634487,1.1623237099458406,26.619784809355927,LOW
0.13415692923476658,13.15517265934577,34.318641941628286,1.0971792347247142,8.139926308041396,LOW
3.1780867625257656,72.51670997361416,25.351973519972905,0.7277542745159624,69.34640915578487,CRITICAL
3.440038805523186,138.6192326188678,24.875311635656715,0.2427246708983015,77.2254959134152,CRITICAL
0.18868393033554143,17.812589623022582,45.74456399481737,1.3250990229716284,5.651692530215389,LOW
0.5120361523124031,47.02458336039323,30.59319126232086,1.2405499406039697,19.608754781257257,LOW
4.767859976776953,278.11879723383583,17.24688120633712,0.06980106310733866,100.0,CRITICAL
3.414413177335458,75.75853144727316,57.60543280219474,0.5160625741297364,64.34214428647566,WARNING
2.33878694420853,39.3776343602827,52.012742743970016,0.7085648445864399,37.6637591757659,LOW
1.0069682594965481,25.82359763491198,29.44689224514684,1.4700132610155277,11.101773053991575,LOW
2.435464072763001,38.645435615892254,36.801851005237346,0.7258205136338688,37.363988242613516,LOW
2.1476903682190724,58.022668180032724,44.94126612976445,0.6034157905325727,45.09488975763119,WARNING
3.6154321252076773,125.2005550253581,24.932305172903156,0.5638376868705354,75.49868420224365,CRITICAL
0.23501718216462575,16.61443348721438,49.707318083346394,1.20338344799582,9.338702724662422,LOW
3.1705693568852644,109.77526099385948,38.81555401100346,0.23645290056771998,77.30248946923003,CRITICAL
3.8460074771117756,139.91541026521045,29.565488623523965,0.28816924323799703,84.43694999592994,CRITICAL
3.4675766966880848,56.29667573364054,30.427894363076046,0.7867355338824988,63.32793905941399,WARNING
2.881149288326588,60.61749545740261,32.239517189593364,0.5776334050556006,62.87954358849476,WARNING
2.879349483728858,46.900609385690245,31.83574670183549,0.673622230831142,54.51183768959901,WARNING
3.2776096087482327,55.28247844517655,41.044944471151084,0.6021623307185138,59.43315304795939,WARNING
2.632376008685954,67.12234294088556,36.36221525250502,0.5542585936069541,60.631582869429835,WARNING
0.6022734028774317,47.17472360009325,36.30542491467398,1.0571537769421782,16.436870379025272,LOW
0.6174981221685308,33.75982751306531,40.11301879622691,1.1372482217265985,10.162036506998707,LOW
1.086060770975132,47.2855852566335,26.84418372308675,1.223381807732138,25.460501980999098,LOW
1.3144278705315589,18.435879035563865,13.101330328948272,1.498459500035397,15.536958335215527,LOW
3.2325232338828527,33.20387465631733,24.21573229879148,0.5450869117910229,56.12619620563439,WARNING
1.3529673094051393,33.53252758957456,36.51226626239732,1.2528335816370906,18.387123734909913,LOW
3.485648532503993,135.34610628481192,22.220810610509023,0.37408955791057713,80.78235568458662,CRITICAL
3.1076598353576634,119.54424284882457,31.790094033363566,0.5001682461668214,68.96260748971027,CRITICAL
1.8279098471728323,24.791517900853016,41.95968354133383,1.0158328064813182,31.832967044947736,LOW
0.7566111064798329,36.86296253240817,22.77323228647564,1.0206819004096537,19.912197576110984,LOW
0.48707666426815344,40.758277626934174,26.481345758018406,1.2025896223339627,14.500249136940484,LOW
4.8934036758884005,289.14871987985924,5.981261964333607,0.12018787797125192,100.0,CRITICAL
2.3721875435634034,69.67921252085594,39.8610381870717,0.5035217767594038,52.0320048906495,WARNING
3.1970891622937048,42.52333689077289,21.51484037447704,0.9035893278253613,57.39371378816262,WARNING
3.648839324002447,142.31710187138893,33.5749907515424,0.21119909712825075,83.59217708493297,CRITICAL
1.0989147497252336,15.184760793796507,28.44136956628606,1.4773151492822338,11.417487830234435,LOW
1.296671232071672,17.753797226062353,20.397571605371333,1.4293839256820051,11.130048084786182,LOW
3.7891896888706404,133.96437265225273,23.78312480384737,0.4915563090128833,78.96494410897373,CRITICAL
0.4014597840330687,25.634067225300385,21.897008614515464,1.2995803335339624,8.085080710800261,LOW
1.440620360420439,30.485867241905975,46.779691140615995,1.0455127176751935,24.152909428456656,LOW
4.743103734087305,195.81569545682436,3.447868884273131,0.07958655460658809,100.0,CRITICAL
3.2565694429399654,44.214330174032064,26.309684666295624,0.6360642355370844,59.78475365295619,WARNING
1.8202548967233396,10.07087805283824,34.023101119653866,1.4580018804728352,22.989914317158973,LOW
2.004450439399451,40.94357146925778,56.897663755677364,0.5085112120899147,39.22064754104457,LOW
3.47760793262867,96.27386262129968,27.99114153058477,0.3055112126229206,78.00449786198172,CRITICAL
1.634439550454325,16.17063341186452,10.220859136079632,1.1683876085029246,29.62280737770095,LOW
2.995278816700445,61.32544401584633,46.629948892777406,0.6357632587905495,55.30414413717015,WARNING
1.2712293518991726,12.622826414158915,21.813014002714226,1.2032094723788265,15.140975437943172,LOW
2.7101400131246915,75.20649919124943,35.2127336860967,0.7626858530880782,68.63960706735787,CRITICAL
0.6899081172477597,44.66291909255969,23.343055783851664,1.126593166666231,20.915326776130264,LOW
2.4554986973632826,49.155144493719376,51.65460017348579,0.8309820093070592,38.48735344965625,LOW
1.197280994861385,40.674350212809166,39.83134980784753,1.0926608552755892,16.46405916055098,LOW
0.12310676261197798,16.95869075155249,42.32977308325949,1.2729602256962356,1.6115979330280061,LOW
1.2558544466959831,39.59336501387167,24.177111320834506,1.2330374207674872,24.969982295564584,LOW
0.9236949304414965,26.90402471787699,35.29637154970171,1.2862326744772403,10.772675960639418,LOW
0.13221454083238451,34.838504585255166,45.183098961373084,1.3847757857969487,3.2845402296594868,LOW
0.16564458443521068,26.091531046557847,21.5057893661593,1.1318804228294415,5.842838050313661,LOW
4.476908232530899,169.41488567810967,2.506385158157023,0.24189722204655875,94.94728257952802,CRITICAL
1.5199517160427076,20.984655913384564,49.261683006294085,1.2702850333104543,20.782480832428874,LOW
1.731736063574193,22.779021835889406,21.552294202575112,1.1637206167257492,23.583341982465537,LOW
0.15858226829037983,43.06506469398431,23.62875065228021,1.1240864599041873,17.354473486231313,LOW
3.057487825627063,70.64480185914715,33.911397819962716,0.9061504250745348,61.83601779547895,WARNING
3.5476347821046144,122.172870036317,38.12473809084206,0.4236605939757021,78.14721898615099,CRITICAL
1.754170097905895,21.390043212938398,30.07067683136015,1.1024433012807102,27.44079821283279,LOW
1.2915481981046355,42.94302765251804,23.63288088745381,1.2841700191630205,24.147019348548028,LOW
3.072684789154062,56.992171799092546,35.3353404290942,0.7037509906165087,55.227591360708374,WARNING
2.1881228784077447,78.37270603586384,51.15942007886161,0.6490815260833869,49.08454557796914,WARNING
1.4514760275199596,39.37436179879333,48.54490442110306,1.1268527787875824,22.75098452028795,LOW
1.5451111294547173,15.081035885485615,37.82345392166414,1.2661715239267024,18.46715952205974,LOW
4.0738352861546865,193.80731187000873,1.390178346684876,0.26375929057191566,89.72567134215763,CRITICAL
1.0291612888947967,25.948146207032615,22.63007472556093,1.3860944777492972,18.318627939824935,LOW
1.3287028819881834,42.91972124808847,46.29229131441298,1.372958297377705,17.513813786998092,LOW
0.3224151851150744,35.54496568554058,44.044306183368114,1.0336240628498095,6.326852029609073,LOW
1.1746538841157783,18.72847444077361,34.472724911105914,1.10727191262767,17.80305312302295,LOW
3.68512197215053,137.31075962751754,17.990055231701447,0.5543914605188103,76.38426387670668,CRITICAL
1.7196505689282877,28.847023605949044,20.714305894419848,1.1301294155133965,27.013680010265176,LOW
3.271463495698536,103.49373724920987,16.99904661223698,0.20120318422428857,77.84988801506579,CRITICAL
2.8858293515513354,70.48222700985579,21.64043093803922,0.9643278223666601,63.53079479241619,WARNING
1.5134491047923182,33.17432925729307,24.32764861010336,1.0395711979665097,26.89453075353043,LOW
2.0396598246108697,55.06410495730037,44.1683430317462,0.8662618736437611,35.458598764833916,LOW
3.397728902384171,78.71618747907794,57.83245466232516,0.9396915038576217,57.310783885395736,WARNING
4.751891453668994,292.24819799980594,15.220399247918232,0.050537957858393476,100.0,CRITICAL
1.5096507634955827,15.65288957752812,42.87365575434778,1.397080487985366,20.680510743539585,LOW
4.3005591292586365,285.99194916219005,6.822053274436771,0.12481795943859349,98.83784500088915,CRITICAL
5.199917606110466,289.0073797560611,5.10056404169446,0.11952349854454489,100.0,CRITICAL
2.4843529846800063,78.8433551482165,49.02734215588909,0.7394406760912801,54.40901635696769,WARNING
1.1320674748396387,35.007408750448064,49.24829674874247,1.020396424130309,21.42380668131392,LOW
2.1472321350625427,37.44979507854802,44.41853355873904,0.6157838561332487,37.268894676908566,LOW
1.0382041874420236,10.035269076324829,44.509601746313635,1.0063391885278814,20.418631546542226,LOW
1.2618574920413295,48.940837031603316,44.23733937415915,1.1260094562947258,21.822847380329016,LOW
3.3620786709000297,110.26482132569531,13.464685410332535,0.26113056850214367,75.61181227946787,CRITICAL
2.1539842186226554,40.10230623979505,29.387080960475362,0.7219622666068152,41.11084169851507,WARNING
3.0244636611190727,124.16894056452257,35.07527095454627,0.3249843370196709,71.41692457443257,CRITICAL
0.1823455964575998,35.7561223774321,32.08937520916273,1.1146474941959987,9.845915614489277,LOW
1.5313897434428043,19.799768540030904,37.01069847465443,1.0592725205369398,24.44012217468767,LOW
2.3581616284733906,58.623467712085706,26.8985546740753,0.8629834737839761,53.42386778358457,WARNING
0.3239529311717272,32.360813571794495,49.1147553917667,1.3303564655241018,6.246360566551268,LOW
0.3776836804147725,16.11342777530603,24.51012809267135,1.3569050986720037,5.589325509613011,LOW
3.1868088706996143,111.25680198635658,11.324931658719299,0.21603039873713092,76.60999516083434,CRITICAL
3.810606612529039,117.08782310896552,25.763745206936136,0.4995018473904745,83.20550163251555,CRITICAL
1.3120430655317834,48.59317800412591,28.852622300810463,1.209202329873225,26.455980512441123,LOW
3.902580494916344,149.4693091318223,26.525889979249275,0.3377046164106411,82.36960738228495,CRITICAL
3.3748885480465933,77.51068036972634,20.176405359212414,0.6585375156881782,74.42737144106083,CRITICAL
3.5364452053515354,136.5256113437507,35.59969848513814,0.37705048797652907,77.45436071616376,CRITICAL
2.5507387293302273,68.74941443488763,56.1597117474009,0.6411556010793633,44.21006472692069,WARNING
5.245450493450621,281.72531568296114,2.0783287054421096,0.07544974111687161,100.0,CRITICAL
1.7495818002971815,26.744485651582004,48.525208498671525,1.2917361833950736,20.634183365070204,LOW
1.1372189486845186,49.741805908969695,32.60686748397099,1.0009346725647812,27.363604144553435,LOW
0.6370150949851384,47.15039450028419,46.47703583679349,1.2565674200268897,13.883171165746871,LOW
0.2944498611267958,16.263055314363424,30.89006902962418,1.1539149802895046,7.445447309255534,LOW
3.337542673939981,59.264202284154464,48.93168495369784,0.6820352354324661,56.08645174436401,WARNING
1.4862910273690555,39.10632909489178,26.981050582780167,1.2718336707791613,25.996523324134255,LOW
3.17693043857804,35.761144815798644,40.9153716659491,0.9797158681354909,47.275952356414095,WARNING
0.6603596782019729,34.0483186241903,18.84477698261214,1.2779725782618245,17.6967509455549,LOW
2.6276007185183943,49.137321271934425,29.818331136017974,0.6654611539167972,50.19001923244082,WARNING
0.570551911955292,41.3133785348745,38.36140965303087,1.1346529335729978,9.379836666855496,LOW
0.782262014124843,48.479938492697336,37.597712305192694,1.4288818514612291,15.107010116198248,LOW
0.23924749377692914,10.461190540388898,48.22649160077948,1.1501013676767742,2.502417666312989,LOW
2.4649473229291146,56.772644130702574,59.823290598218705,0.7220317756721182,38.149588970261156,LOW
2.7537920934662568,70.15930790680162,30.673586161343,0.5852190080713985,64.32361833549116,WARNING
3.6441592857933975,119.50401781982198,12.113711644776314,0.49216476205511916,81.68624228563803,CRITICAL
2.960107886730732,43.39547617853452,57.869572866977784,0.66082756351641,46.26339675374624,WARNING
3.0911173743661973,86.13628514985905,30.473530558857565,0.2711888193515374,77.31127312936526,CRITICAL
3.8403591742988707,101.44570568708305,36.66518746808111,0.21715507480293136,86.41036350853884,CRITICAL
3.356073323800995,92.80093046642443,16.316217652112336,0.4058031512313621,76.15824233535388,CRITICAL
2.0492214749354547,50.677577961744404,53.21548462575618,0.7221644751178986,36.011827482074615,LOW
0.9040281855210207,29.616901590992477,30.02541183792978,1.2582369340503523,10.965122941616356,LOW
1.0802394917255869,29.26851015511017,18.34877988505053,1.4940957797518555,14.834831192608679,LOW
3.232159447441079,31.936824434433127,39.83372413150479,0.6980614399974591,51.41711176048747,WARNING
0.8186750071541036,49.339900434778116,38.9297330544711,1.1497685400074706,15.199299066284944,LOW
3.3442500342273975,57.84383999712762,49.33359901810731,0.7266694993581484,57.007288935345834,WARNING
3.042612618132318,70.62025025256986,46.378055461017986,0.9887459969450465,57.238849621482224,WARNING
3.2812109354243493,110.24330077638665,26.93388755183772,0.38495452737707425,76.51146514647724,CRITICAL
3.027068517679232,94.64227920629746,36.45119623005564,0.22364005507078688,72.72056232880881,CRITICAL
2.8402710442502723,77.73023513901654,29.11500060291894,0.9360602024943647,59.63201322799522,WARNING
0.5664466923404644,29.935007923974027,12.848180210259748,1.1921535064966415,16.284521911926465,LOW
3.3858896437093833,148.73441256595777,36.99123847113323,0.2779242798279702,77.23851541593868,CRITICAL
2.902706207549829,70.94802514718106,55.42570998605579,0.8120090105777449,52.256941421413686,WARNING
3.71408960254426,140.90993589866204,30.22239369168122,0.21761400392598906,82.20521274753553,CRITICAL
5.836037081139358,168.9869309868935,2.253823336874976,0.16172355014310602,100.0,CRITICAL
1.0700565876845736,23.502645448758898,24.070878222052986,1.322492768420191,16.045240317603977,LOW
3.5585917308556443,128.13217575807448,29.798409745637244,0.42045847702277195,76.56373240518147,CRITICAL
1.843246383315904,43.064746820417724,33.17389491404883,1.4561217354871003,23.77035138367927,LOW
3.927694399751835,95.52417003588731,31.52509113291684,0.4436897999694007,81.29562153826122,CRITICAL
2.6147427728815806,71.70458981531502,51.81462900647092,0.6056788054294586,55.190548494256774,WARNING
1.4636902704412456,32.01899578912642,32.28823642728196,1.3762576617296773,16.987872321355052,LOW
3.2434320642381156,73.63970855975012,31.496375533540665,0.5520769282987563,73.69158224545818,CRITICAL
1.8964490766276019,28.499188497408568,26.742951622240994,1.006542174367105,29.692493166881814,LOW
2.8632924477431057,35.51614380122358,34.08244678261414,0.906179069320074,42.71154177694562,WARNING
1.7771057768666292,14.859132013956128,16.765973204959526,1.2388749805768642,23.52798723531282,LOW
2.8830068839836143,37.48113182502787,29.92667605576653,0.965076386321911,46.82736050322651,WARNING
1.4205187905347152,48.58777930401218,14.780239688091124,1.1995909950936572,35.113243608347275,LOW
1.3341472495837852,39.85374039642847,37.07175640092225,1.4623282288095765,14.95876964434237,LOW
0.7077062094315117,23.78291238809824,19.283284153876185,1.0711024720784832,17.576205342458433,LOW
4.258681264436995,273.4735842109104,16.491622459305496,0.11669343646577007,93.51243051052828,CRITICAL
1.9810152128381062,36.22372122115274,49.28782780166322,1.2418277578423291,23.64985731515216,LOW
4.506514538924547,153.56441343270754,10.249368271769557,0.11311514791527462,97.42829335208495,CRITICAL
1.3057554213142295,24.570744595912892,26.090035532674914,1.0115228019470222,18.62930192285276,LOW
1.4625238591640126,22.52970904735644,16.52840789753524,1.2887120735312405,22.443983691948745,LOW
0.6148586065215395,34.85357239911495,39.594471254556595,1.3698298425977886,2.202069189662141,LOW
2.289552087668776,37.610122376422964,46.58780264118039,0.7047534671946276,35.58291434313828,LOW
2.384900335194854,46.24359405333834,55.867105967415625,0.7108282634107941,37.177790932040935,LOW
0.16818668476302406,26.974832470466662,49.55680017980096,1.4369365763257331,2.939345339252633,LOW
3.291644737936199,59.708467817621155,34.75075521336551,0.5867732005505577,63.00711429239061,WARNING
1.6690235000949998,15.16917210246914,15.160856762271804,1.1122012077957986,25.187391290053657,LOW
2.3775852173898695,55.15989686275003,32.07930444238748,0.7531211024542028,53.248360429829084,WARNING
2.735839062221542,41.94310308339626,40.4287311165146,0.8404858118602172,42.5909544799797,WARNING
0.25565770398920906,10.719329182323358,23.11507233871354,1.075111963046656,11.313750472969206,LOW
3.477713153178131,92.67945067258745,18.126856707275593,0.3675873790564589,76.58595766171454,CRITICAL
0.7624782386223473,15.27415207026657,46.53241008683799,1.0148783032088575,14.806025764567448,LOW
2.533115995599625,37.30487922265849,58.55490422583044,0.5069931809365749,43.588958675358825,WARNING
3.320206207167991,31.25802449431211,49.00699456362005,0.9994188806273674,45.40204169926659,WARNING
3.5541792464226285,132.4608592752958,27.633369754555147,0.21531643699517972,84.7843508733749,CRITICAL
0.24965079057482426,14.267510495328919,10.61621974352288,1.2105824895070765,8.789518200022496,LOW
2.859765492223244,54.451067267519775,30.234745623039032,0.7374757329374928,56.5177039144328,WARNING
3.1733432902891634,34.08410331297967,48.338587549822,0.8713649383806427,44.479695274622465,WARNING
2.7540573227229657,53.785504819339806,38.425596618687365,0.5554127831457598,54.25150270816146,WARNING
0.28493096805755047,19.699113106719377,20.53907130922692,1.1225379307465226,9.24942701262737,LOW
3.3271092165725697,101.35902241791142,35.32097049257524,0.44956956066631637,73.347185664234,CRITICAL
1.4558633559145062,23.783712409326693,33.462224573686925,1.4963170149939007,16.9645163435862,LOW
1.1265447383121645,28.399351583961597,41.32638249375745,1.0305463497409975,17.55811875289699,LOW
3.1410004165232346,53.60724256910596,24.211704261512214,0.6224025067424066,66.30705594409406,CRITICAL
1.1647828666486926,19.13540146907448,26.48853256147486,1.1683949038852457,17.23768341407253,LOW
3.4770484275126665,70.66517259928432,27.686583397047407,0.7888392966533835,71.50510243086629,CRITICAL
2.7490899753752402,76.64546299146087,28.509953593940345,0.6821045731269701,62.23230664587077,WARNING
0.5483308893238669,49.72683076504978,25.489021817722175,1.4702544902497992,15.453479849906984,LOW
1.7255700670334597,11.283905619403129,48.575783533571254,1.2090956058927742,22.607517431739684,LOW
1.2731476512091888,15.316519673447452,12.88582294265423,1.4138916759547835,17.29049836489079,LOW
0.21670606460119035,24.71104530607387,30.245850095203576,1.382715310939014,0.0,LOW
3.1737605265288544,35.77163898371569,22.558510881758064,0.5794304820717258,59.333758562214236,WARNING
0.15887845067629153,37.41127744848661,44.2112713297191,1.377053847755091,4.774551916952698,LOW
1.2091590047281378,40.29462882502165,20.23314818188158,1.2638604006847265,23.840370406860707,LOW
5.825163920773853,216.85015964272304,2.7355612212795277,0.2183721909961946,100.0,CRITICAL
0.42018383109237956,25.261160709527385,31.193992366669562,1.0487201649102074,9.653094542600142,LOW
3.9207416892788665,131.3149541458296,23.996482257225328,0.3019585082253245,84.99191778716556,CRITICAL
3.3976958029280953,37.926685244871976,38.63287957190792,0.6576308180179641,50.92090034821028,WARNING
4.517274335736188,223.901375864026,19.029749433235807,0.14281706706549518,94.97976080041717,CRITICAL
3.058764774325281,146.71212929242654,15.625934410781527,0.5919740138925136,69.11518283990544,CRITICAL
0.9231397000805837,20.02098959702102,48.612696497105674,1.1528624920365458,11.309623504347343,LOW
2.206171234398183,71.21937424249418,41.700317740380534,0.9897230622656579,44.9942517215845,WARNING
1.500234651577639,36.36426083983504,41.133896304709005,1.0367351461021046,22.17807204870077,LOW
3.398253015554457,35.39509597407887,23.773410356519157,0.858302182259757,58.54762054747864,WARNING
3.4790999875098585,74.45282084774371,47.12291126246846,0.6308373130515752,65.72752593886439,CRITICAL
1.7762632210809972,33.41364261101572,41.57127128208409,1.224932103268415,23.414339540142727,LOW
1.5854823512084544,38.02047958628361,13.536516895521626,1.3106926993809385,31.146744236326015,LOW
3.6973642953999666,115.7778339089095,19.355898548166618,0.5548386998343582,80.7652755018195,CRITICAL
3.2243404479212896,79.48987600808232,49.950340634918575,0.5170204678593242,67.04930557807488,CRITICAL
0.1668707856178126,17.596542797667624,12.457580427444533,1.2508085205931265,7.504802841272341,LOW
3.7485760125748095,146.07691465562294,16.799403212695612,0.4124343265621175,80.19259029983965,CRITICAL
1.0382576118148648,32.28303318337154,11.447445219034606,1.1166280676074916,28.015959835988543,LOW
2.406243541923015,50.254205836137004,23.841472475255383,0.9765898083962958,50.41259023791873,WARNING
3.0656023469074634,91.65434659608313,27.432833235662606,0.29297202965168634,72.94709599798158,CRITICAL
2.430462238131946,37.14366296790855,47.01246367142983,0.7251622940733295,42.08723107902573,WARNING
0.36149319917578604,33.219183777665336,39.021997608302975,1.1419434810615576,6.824854966836531,LOW
1.5152763449199154,36.40574078588317,20.8209450761565,1.0610675007734667,31.671820536531435,LOW
1.6920388418466428,13.005677982714401,14.593806088255512,1.1188553151376668,27.16281630228839,LOW
1.1326656718835286,13.614900882001724,28.58044020546099,1.0888194966886542,16.713776683787074,LOW
0.7969740248069658,40.4539079480343,39.759457196009386,1.20748648824266,11.502509657513217,LOW
3.304117668042685,78.41273074066652,45.49883740095654,0.6753432452487007,66.92761069888799,CRITICAL
2.5043452037308978,61.27367267083032,29.750662867827064,0.6334943506156889,57.08785803407409,WARNING
3.183192415715932,70.51742724188469,59.69777798028655,0.543877862918481,55.76143924774113,WARNING
1.0906116932645855,42.18133705511569,20.654340623553882,1.0346861599697335,27.7302018215738,LOW
3.0327544841166585,101.99428542249404,31.804355439626335,0.28858090040673556,74.94205698424773,CRITICAL
1.7374343373323093,34.638158443069756,49.56090873248143,1.0673348381395742,22.851348659519807,LOW
3.255296520043011,104.74226983719191,14.285016270262824,0.5101603930596748,71.16991800870021,CRITICAL
0.229808517241217,27.40434930763587,25.658324958461385,1.0888046021526878,8.124421101179447,LOW
1.3870176836890753,38.10538402440891,41.19908651296622,1.4152833906644628,17.982844977441296,LOW
1.4052270435846332,15.396228971387021,30.429253261766146,1.3064434582562972,17.29821891588963,LOW
3.531914424534727,132.39450242137934,15.224335848743397,0.2423912792220902,77.89174178486911,CRITICAL
0.6963727843016821,31.924080752887978,45.24973281457763,1.2130463083886827,10.419211901190069,LOW
0.25916147986234045,37.95976341916115,29.447654750876694,1.096480599265929,12.240608103246345,LOW
2.816918227728554,34.43996509049978,45.616510908685854,0.8835774363152551,44.426181032192176,WARNING
1.5377847460523153,46.47096676490881,27.67468495206588,1.1223110391058089,29.3418804101964,LOW
0.5751471980458621,10.049575030655017,36.018264472177805,1.0212633209810984,13.49886020092843,LOW
2.1099933680692486,63.00273705395385,57.222995583031306,0.5372512345090916,38.741338124778025,LOW
1.4859243912168687,36.708920127116535,19.060421698779933,1.0815336387483532,32.247113667030725,LOW
3.36332712530163,38.07944839847954,52.622608629757956,0.5983729004767262,53.86141072182497,WARNING
1.0834136546816295,22.730071222473775,11.741254471520715,1.4901521893640797,18.117432720085095,LOW
4.783933473342184,188.2105543101173,3.6776878537365754,0.15455613233740276,100.0,CRITICAL
2.7086341040487873,49.362600742284116,26.730902538365132,0.720929811905312,54.222259463652996,WARNING
1.5724629489874486,22.509479153117073,14.524224506102193,1.265745649432257,23.760329003799164,LOW
3.9086448711192032,97.4755728792953,31.589790278807005,0.2121136771363965,85.94158896324402,CRITICAL
1.6166975225242624,47.24288688210645,10.173332659311288,1.1164579148004898,39.654843490502735,LOW
1.1698506478695383,46.636111103684044,45.67533962061174,1.3185850497339828,16.807522832304866,LOW
1.933827415783952,10.23359662935992,32.79082015631606,1.0441986234608138,27.115148629608292,LOW
1.3063737265897926,37.58393982367665,41.42277878695741,1.2966638513823852,17.74330300089299,LOW
3.16005231770685,137.85578289454944,39.17933547731445,0.45488764672316706,72.12364408312379,CRITICAL
1.2525282794194872,23.70140276593196,37.037858825692254,1.2723999797279366,16.760271317646808,LOW
1.477708759349581,22.035132714435278,20.895638117952174,1.1958883127872517,22.303327302527038,LOW
1.9413672543064326,31.29324445434793,40.93975575491841,1.1289261111889393,28.355896176677927,LOW
1.9442715297732778,29.753748565856235,36.29834327558707,1.0076710957449397,32.311270858244555,LOW
1.7885139757041262,40.358362444640754,31.47016144702599,1.4500798535566428,31.154492089873667,LOW
1.27807606977348,22.76006123683495,25.419687101694286,1.4831631316036344,12.784595897680251,LOW
0.2999851559674778,11.73264077820063,22.801780790410703,1.199114621233962,7.227029415721845,LOW
3.126540040419992,78.79840583079007,44.77408989169598,0.5558254033404727,66.16400742799858,CRITICAL
1.5773390409357053,36.01336514143707,16.476575788262473,1.1266799863417671,33.27024045200089,LOW
2.3150130069318644,61.45289908288558,50.82514381629021,0.9426261127319235,43.410684843349415,WARNING
2.864563476513524,63.662965362338845,39.40445850055511,0.6134491215588113,58.9817297290911,WARNING
3.485163370629774,79.25078391363202,43.45243939999749,0.5169786310087331,76.1868046504361,CRITICAL
1.8808572320966894,21.532263695040367,49.97074740785264,1.0421587634282763,29.086187418132603,LOW
1.90235354822569,34.76684839989241,19.209131337787046,1.1920240989191682,39.38543962257746,LOW
2.4465450690444706,73.98031010305905,26.626955918304965,0.6322525449324243,60.66812790716795,WARNING
1.2763464004971874,39.813827856314106,40.07734699416183,1.0043179909694155,20.034742414790628,LOW
2.9461053190506545,55.882734094493856,35.16834245615037,0.8987220987306149,51.93981409415172,WARNING
0.9353310425340151,18.562295520109583,34.30284984821946,1.4421046012559477,8.74940987637072,LOW
2.6700024612160718,69.8434383112452,49.92154491498115,0.6835290607653481,56.12349031865776,WARNING
0.7959203702599607,14.23104282199882,49.50721113227333,1.0429388252115679,15.417105926714193,LOW
1.0116807043618656,44.61087334178157,24.235280917918377,1.384298073765673,24.103209454355135,LOW
3.0141702896286255,145.0407126992274,34.87678541008879,0.5751468878607309,71.99717520798079,CRITICAL
3.3178871111814088,40.15390240997396,32.76916267508202,0.6576105067353655,56.45844474089231,WARNING
0.1997674155502152,41.017874802202556,46.186526789277174,1.3820616739825666,2.489476706856789,LOW
3.5956216778307715,142.1422436540327,24.901104470735653,0.5953290473949859,78.7633694760875,CRITICAL
3.260437296198273,73.14420334202549,27.0152385177594,0.5985179648764847,75.83419221656494,CRITICAL
0.35050066980531824,20.555299713996984,38.84143290201131,1.237883754501255,6.829512149632841,LOW
2.1665998798903736,68.82791423380162,50.325061287982194,0.6537807958403098,49.32912696825525,WARNING
0.5173947560889574,42.55358704144611,39.880272078471215,1.3045738690921262,7.803439812915807,LOW
0.18666181537918702,17.48544559233308,14.021301292928886,1.2780538364612215,5.5128323715871135,LOW
0.9453969861194779,33.76268734348759,36.36406981414055,1.324100859941289,13.366672945044037,LOW
3.315938347223195,81.19457915962475,36.97462559945515,0.5694194931813904,72.07006147815078,CRITICAL
0.10941752453250331,42.65619131970969,22.058534179324262,1.4572910836479942,12.883124112075679,LOW
0.5952100098965499,48.92515516582564,19.247866173251293,1.0665064920375205,25.847014131796108,LOW
3.117800791761479,86.82192760056525,19.702754025686072,0.45413140263878377,73.47650656705684,CRITICAL
2.590126680141463,47.94168809172326,53.87610913909896,0.8619076547413327,40.42567724529683,WARNING
3.964035455731614,101.00355852586652,25.890223561025184,0.4527283229459332,83.68725292727405,CRITICAL
2.832371518141932,67.74803524163451,25.82007778728173,0.8070242203857663,65.8577721770645,CRITICAL
1.804220503064676,30.784837515853013,47.71739896296663,1.1766264970899534,21.419134322755774,LOW
1.568228964270754,33.225254046761776,26.06350341877284,1.318027480706082,25.661401922764608,LOW
2.0343507688376987,34.49314005587551,23.77941761628317,0.6159669026316674,43.59698352165227,WARNING
0.13320779792314905,29.33447411806916,49.865143816984876,1.1745104978274594,5.029343591387353,LOW
4.202690262272846,175.96494868579572,14.482441402914166,0.15036373469121186,93.0939526949501,CRITICAL
1.3973754238355096,34.304049465350246,44.461401167685246,1.2150519503049413,19.860707878586833,LOW
1.1909536418177726,48.355132764738315,10.585247180208937,1.1201289942112274,38.666364670238046,LOW
0.5542593400729964,35.942320578681645,11.856211558439984,1.0852984299793735,21.610599205516156,LOW
0.775639928446059,23.88663276733453,14.34220052478647,1.1804200097248982,16.02099575207613,LOW
2.2453691139759764,33.4855681734288,55.19824167726242,0.6656862980729794,40.377193324693366,WARNING
1.7676069140098312,38.31085395634976,40.250508439504515,1.3410017420838314,21.997089989197978,LOW
3.4093964314973197,127.8636877505138,14.96808999439702,0.4154217002625683,77.12961942068165,CRITICAL
1.1187176141804203,19.74375824228851,28.098661150752587,1.3339846835872153,13.310810634289249,LOW
3.512547918417763,140.3546000234058,29.88472202560599,0.4034864562467073,79.84719538820241,CRITICAL
1.9409272664754451,42.03590630665671,25.247487406890453,1.083361796529523,37.35470408520383,LOW
1.9091918830785228,39.81355649772254,23.86384917054814,1.152315911148117,34.26972911595601,LOW
2.89026071038805,75.94683507468432,50.649725368368564,0.7701824362869634,57.8889890197904,WARNING
3.8409426520978562,144.34364012646753,12.028060938373137,0.43352786717871106,83.51923389372497,CRITICAL
1.0320305285828777,28.396424144808115,43.49866757689364,1.1592164487084693,12.147665414155528,LOW
1.3547981583533626,14.677437530026477,17.512872439787092,1.264017279785657,17.52392863791839,LOW
0.3411612988987439,44.534117558669955,43.845870631799826,1.1738880525234912,9.161558968117676,LOW
1.2025614748620146,33.89562316162909,41.51548268726645,1.4758752579113004,12.65303646370208,LOW
0.9318835995664022,36.8519392208071,48.69086489376706,1.4453961768683539,11.81581496813629,LOW
0.81654119141852,10.523699827953887,17.098889530438015,1.315246285601201,11.456649944392327,LOW
3.6327803099917952,126.48966749059966,13.114648157686055,0.46594419636535195,82.99253962664656,CRITICAL
1.2048232891600232,26.962771873239575,32.345482217402434,1.0735447591648999,17.176356962780254,LOW
0.8111294487880226,39.45578082611233,38.25638055872262,1.4544293423656665,6.428368746681579,LOW
2.7454964653004397,39.674660531453924,49.896458733085055,0.5662656978596146,47.777089949923855,WARNING
1.5416362640267798,40.80578776285152,41.63125075216861,1.1466625622085578,22.743187271114536,LOW
3.70860548474689,120.57175211224384,13.281843147220581,0.48437448478077966,80.98778286900321,CRITICAL
2.4687366999302904,66.7909884523213,42.018182137253106,0.7797031192717074,49.83518865322724,WARNING
1.5607801413385105,20.857662019875754,10.090122173424461,1.498508710565775,22.280801097785613,LOW
1.3452279828537483,47.07688018299975,33.98850938535748,1.3995153075422286,18.42446587390134,LOW
1.6994697195620343,44.13418440602561,43.834196894334546,1.2986122013750054,23.88371855719161,LOW
0.6915423065817573,10.134434207277172,40.579410834438235,1.1384991400070272,13.580924413056307,LOW
1.8624786297691334,10.054476897540257,47.566764593016245,1.2273792455417083,24.215153825388906,LOW
1.380906597758256,45.834257028848874,27.5229126739048,1.3456789520153332,25.163491520372645,LOW
0.6353551501447955,27.840469937364894,10.203561297131301,1.1517194236651358,21.577948822114447,LOW
1.3012563490415825,35.494455647036354,33.351424738819716,1.1465159147961486,19.529029360515906,LOW
1.153574585369176,39.95714679523654,10.489342912890649,1.1381720036977736,32.72314594872542,LOW
3.5070210933855983,108.59418132059398,37.92703838746935,0.2358140388491355,77.14881134539473,CRITICAL
0.5061145663605583,35.11732852069137,11.131077354182297,1.2961244076946754,22.061479016578673,LOW
5.590192124740539,201.83956190007683,2.7641529272321663,0.13951933017389356,100.0,CRITICAL
4.821169312647582,172.3175975294905,18.212190992858105,0.23806268270009798,100.0,CRITICAL
2.548031964522712,52.40829137998637,56.075247012204414,0.5923217238817693,42.74079348233895,WARNING
0.10542735535264659,32.381858749790965,19.779514822393523,1.3156321680054217,11.476761424878795,LOW
0.2672456554614311,30.202065193742374,32.579429451525776,1.2262950127697754,10.931432781297524,LOW
2.198851308293987,39.85428232425161,25.671641657162002,0.8466477911098729,39.6230635075388,LOW
2.6447826852963923,69.91694976364246,33.0317863904322,0.7840533315454805,60.18790374583259,WARNING
3.203569443945323,74.22379790082769,50.32113069181675,0.922244945063647,58.55809136465649,WARNING
0.7523409878283853,47.77203279599265,46.58298145304819,1.2742486705526113,13.004586775029868,LOW
0.3919066574994443,35.5797070002192,11.704872389318677,1.189550953083244,19.310289835899948,LOW
3.2952161956928347,145.19208353514733,38.67473999849912,0.5263265203060475,73.61752548544601,CRITICAL
3.2542502229057177,54.64026278940452,36.26880027332278,0.8073767955872695,59.07847787802117,WARNING
3.1263437325442496,63.41003486300427,49.828871810533144,0.8372798354443762,51.7387973939596,WARNING
2.0461687270815245,79.62500458806699,53.13833959758719,0.8354553039906525,45.92742413601422,WARNING
5.224940562912419,158.46493211165222,11.1876434802904,0.08316125569708284,100.0,CRITICAL
2.7543938215564343,53.73401454125394,32.07888550967384,0.7699361209263516,49.59830423692241,WARNING
0.5958882492756331,40.29035100578082,23.7018905803636,1.025699836469556,23.05435102989627,LOW
3.9619366813923613,132.23542950324833,22.865548282505106,0.319647711681983,82.42536896373558,CRITICAL
1.2926042254476173,30.395332564360253,37.10806065776565,1.1185665782275347,16.609336095749537,LOW
2.2568447222950203,60.42360585122478,22.05420063036427,0.7747637879508598,53.59074272313505,WARNING
0.434165522497176,14.521012082142487,23.869014155337062,1.1718657088538644,7.688614715185924,LOW
1.2466724025468465,37.498027984000274,21.792944640858153,1.3014070581806885,25.01009536716105,LOW
2.5213294086141684,56.267691996655586,25.8653309468928,0.5118234005350901,59.84517454132677,WARNING
3.064889850043104,68.16679401464913,22.6875692567968,0.706415709891444,71.2852898691331,CRITICAL
0.23408231318231043,26.50395987385715,34.64693941652587,1.0892488399872093,9.809619098088032,LOW
3.3031781947598358,69.56154848251917,58.62444209144118,0.7985966550566885,52.73182798887252,WARNING
3.2907593882216046,71.99962224126341,48.748865681049374,0.7501281046869875,63.38610216594772,WARNING
3.2568604279377187,37.03946590736021,32.592515127570984,0.7124425189498256,52.07459616234787,WARNING
3.8928866727146554,99.94248999787004,30.592875017972943,0.23112568246102538,84.72078847087514,CRITICAL
3.3379583552556804,46.86416179122281,41.10955559767605,0.8237241111837621,47.903484774675455,WARNING
1.9725226050306846,45.03097518280099,21.856113154664666,1.2539731154995242,37.99987584209476,LOW
2.1282816391894817,73.50586024036359,43.74983473786334,0.9948014492885009,43.51270940894069,WARNING
1.679846867086641,41.6785219301819,15.314100481601294,1.1676528175417034,36.77260186845236,LOW
1.8204432212765993,13.733780979082457,28.924911316090256,1.3261870489876761,25.293619892543926,LOW
2.3964146816133374,58.16564522671682,48.342470571439264,0.7924427036633492,40.72054400155618,WARNING
3.4496895369849696,149.10566908731982,10.698559620008126,0.3521261484990573,79.65221390087741,CRITICAL
1.1556581012887015,19.728203774944507,39.49911786269927,1.4409329311687593,11.830845000574993,LOW
3.3612719150885058,110.4208544471321,16.62908507330607,0.3701259472204589,75.66314813213802,CRITICAL
1.3652621372049438,29.955056499203486,41.52241783851636,1.1563640580336472,16.028924861834938,LOW
3.5219356677911033,92.14237474225601,18.182969776300872,0.23316078564962406,80.58895608222693,CRITICAL
1.0992514695342748,23.48491690102421,48.550938210412255,1.0856656981807422,15.561980008074523,LOW
1.9423099561024841,42.10306394983063,35.224835657813266,1.348560518611876,30.06966401030767,LOW
5.186414817649774,165.28506762104402,1.2973225340276273,0.19998203324216202,100.0,CRITICAL
1.8953143220348263,32.04633655642579,35.98222084084861,1.017426191689065,29.929922024912194,LOW
5.1251836974878975,234.5044669491943,18.871106324607595,0.2788050534551002,100.0,CRITICAL
3.051994595733033,40.51051969784497,53.46802057094756,0.9228576619445774,42.11230495756223,WARNING
3.3816408657735475,70.6491213448594,28.864946371741635,0.8993384331551803,72.84378933352812,CRITICAL
3.102008853719402,56.4675686376581,46.038572882815814,0.8499660928265569,52.153884566692405,WARNING
1.2318014527558114,43.854722138302925,22.515160845833087,1.2616031634843161,26.76258449616786,LOW
0.14471405769913537,29.32882206792066,26.99334426442828,1.2125747567621903,3.6413851222990967,LOW
1.8996887205215405,10.14028607242778,45.66181799989354,1.368450961569741,23.527822557822233,LOW
5.287396473968615,169.10650857280012,9.152844777128637,0.1404609289718437,100.0,CRITICAL
3.9161629328261554,85.75690803021142,19.42111860858497,0.319375250754046,84.62906692152868,CRITICAL
3.426032849444824,130.59062052862555,18.59756926912438,0.5647144093956933,74.92768436095427,CRITICAL
1.6270784449005657,20.23267533370259,37.744173676875164,1.202579202200018,22.16360859722097,LOW
2.227642420869763,39.195655259630755,38.59451193292628,0.6713648562167034,36.849130713031585,LOW
0.9755712797131733,15.603041748110225,17.24778301080459,1.424082696739747,11.710822704099316,LOW
1.9396497033423177,12.644174475529502,43.215554641230476,1.2457246155513109,23.997761607997166,LOW
0.600954415985152,26.30787410197078,22.567790137957005,1.1812247320069666,11.67314688476329,LOW
1.5461499517984143,41.753342629935005,13.363586071467783,1.352035017283502,34.812847434503134,LOW
0.35432239715154523,20.588422557875372,11.801419892260746,1.1801185944059176,10.843635947892643,LOW
3.09850932805493,60.267599327976484,47.13509209039783,0.9328195603093967,49.289380304771754,WARNING
3.860719348359174,90.72182408356686,17.53207400780936,0.40093012197102884,80.97075675039837,CRITICAL
1.9533146471647143,23.877070219861448,26.756562731838457,1.0032007109286485,28.632697759474798,LOW
2.6203250983180695,35.15700314475805,58.742269532186874,0.8887166062925433,42.93218044393766,WARNING
1.424529040159028,10.563163687504113,15.052215217624564,1.2126294593014242,18.14338203088277,LOW
0.9777351253557965,30.911669962600158,34.86426390348328,1.050193338496808,16.609316024726564,LOW
2.0388503423154143,57.01836810575191,51.3992692799533,0.534550438892697,37.172704922106014,LOW
0.7203714187571935,46.54662501408067,17.43209572825821,1.15918020657224,25.71035279011156,LOW
2.049553005846319,79.2451218087518,52.99786831484758,0.8172004723733381,47.61289065103878,WARNING
0.2422529266082833,31.798945231627588,21.40257744813737,1.3113947237515866,12.40528508470037,LOW
1.1979406965328858,41.09453275355044,29.63091945289305,1.4153218324694723,20.15744043950861,LOW
1.4944057537795723,47.71928366083914,23.275332839742646,1.1831682212059824,33.496540892245086,LOW
2.060518638098552,67.61060134856558,53.171379829801,0.953559802070377,37.284207642874144,LOW
2.678870052352636,73.80685772660388,35.94787276272556,0.8277215626172809,57.209275627470525,WARNING
0.1406895234743028,27.129509621415487,29.248062992934273,1.411339134094946,5.355537022484363,LOW
0.6342037619935915,28.48385872300613,19.519619216960848,1.0456803055574784,16.20808097318383,LOW
0.5183862446943525,41.50092563729416,19.384687697212435,1.0553647555197578,20.730746353232863,LOW
3.6224701163516193,84.20181646049662,11.867318994847086,0.44484885027966786,77.52290519866011,CRITICAL
1.8651815375226177,32.88043241924069,27.61301592591321,1.125077705960183,29.304194409685998,LOW
0.865000199810294,46.89466237325202,11.948455827101668,1.4954894079714334,25.34809934489069,LOW
1.2110861859052595,29.342210616039665,36.6682813893912,1.2713390636457362,13.1871834985782,LOW
1.5017377258421745,11.00084511147831,31.641160834983808,1.0569381019145045,25.403939148312105,LOW
1.878039662667722,45.54018769565618,26.596202834667938,1.0029874203629683,37.18383112385915,LOW
3.3213437051184242,38.73690461777163,56.647688352662286,0.957048638647348,51.03720105239191,WARNING
1.171687905245374,22.793560392390532,16.37877381283298,1.3732682919070158,16.910680874031886,LOW
1.201150110332685,44.58744105513855,18.85109147105802,1.1664497283990012,27.00863244708917,LOW
3.366603167112555,120.71296038739203,16.783634427976263,0.2165545347963943,79.69253916985761,CRITICAL
0.18777798145672614,28.74415598452877,33.46549563672198,1.0223376038427263,8.181987101404777,LOW
2.942013768373579,35.23551100519347,55.50169095365979,0.9587251173948734,41.32395907724114,WARNING
1.2704338045745882,29.693086007388473,47.68095074519289,1.2543742664743678,19.21360203604652,LOW
3.0982749109350576,72.9805732332652,48.10184691775248,0.8180425722361169,58.223165099838276,WARNING
0.987466712325721,26.24645972816967,34.80847198815282,1.2033319646164968,13.567328069005859,LOW
0.8711129107640773,14.697895263755335,15.236277473894958,1.4003289543625577,8.150406132756357,LOW
2.1563792985869217,63.389520744951,44.37245293421933,0.8566813613401149,40.00921127529588,WARNING
2.557036139784233,40.947645050608024,36.345160548771325,0.881634917800477,40.91673083238477,WARNING
0.6697421005235019,43.27474459295313,45.26575020723739,1.2166252118863374,13.26411330477972,LOW
1.4135140050784345,41.29150421508987,25.897677090286866,1.087307925003698,25.608760855378183,LOW
1.31076663902549,20.75973626539639,28.55558348485137,1.1931777608287655,18.299962053278417,LOW
1.2858804834526814,20.07539978119147,18.58556319413623,1.407172529878236,13.17069171605137,LOW
3.158309677537345,36.1644905877514,28.961585733080707,0.7877657581018199,51.63261036376343,WARNING
2.3491255593252496,55.83428280185553,55.438231518442585,0.9334712531728823,34.47258701032822,LOW
3.484109798394542,108.7396861705744,29.973634570970603,0.3667042310404136,77.54672294096875,CRITICAL
4.93503395756145,161.7913985289467,11.038720944933186,0.026459596036219557,100.0,CRITICAL
1.7178064402246735,21.57686173458358,37.14680800449745,1.2544621676643308,23.03750598617624,LOW
0.7597034642204478,30.913449000819668,19.13577352342608,1.3300940650906803,12.69469863028954,LOW
1.021138805954191,38.59983125157534,27.197842358270915,1.437293207659469,17.649554321408708,LOW
1.8836997286240196,34.27290359542787,39.807155968535945,1.4510805585217235,22.67137825098946,LOW
3.293271187924498,57.08484697940277,43.9679571046895,0.7225492864486928,57.84078304547658,WARNING
5.574371991464568,262.12477271301543,12.866176054592591,0.10437260204617335,100.0,CRITICAL
0.5266480431211107,10.252883581706005,36.93921683593419,1.405938779278217,5.640121069107334,LOW
0.654897335892258,28.035054431109273,20.56408217284044,1.1698663526725146,14.186786547139802,LOW
3.3348353528896064,134.98626327109278,28.77501100673378,0.33501517825254956,77.39204917758985,CRITICAL
0.2305835829875596,40.105582378092755,27.861111583407773,1.2027538958717703,14.845221403168864,LOW
0.39890532852641347,41.910098003836026,43.16068535845821,1.2800012703193646,7.675025209475504,LOW
3.194963179177682,30.164146014410772,38.01278403501442,0.9354745431599779,46.432274172137255,WARNING
1.480447236057334,36.30699300514582,16.088734654171976,1.3874519136272025,28.67526550349374,LOW
5.915962863623525,270.0362614585507,10.690348484594043,0.202447372746222,100.0,CRITICAL
2.012602286417358,35.11831104764782,43.8823652831545,0.5032672700714546,36.739136507476026,LOW
0.8482602222354385,44.03105642560011,47.08771495056463,1.05811749023866,16.16477086655535,LOW
2.8673406773247954,59.27513788322433,51.17808487583305,0.6114223433929787,46.84079972915874,WARNING
0.2996509465575473,15.458858825006029,34.59599395619352,1.0529150991886551,9.634822779442326,LOW
2.88244558696589,75.19482550609456,45.05506385302057,0.9927939204407507,59.914448248581145,WARNING
0.40229957439003317,38.9405007235713,46.18481521080347,1.0917912218500174,6.402678891039962,LOW
3.140182109204544,131.49633177846718,38.783354745370175,0.25894835270249505,71.27093030802494,CRITICAL
1.5309655043503756,36.44755730222237,48.74747857851277,1.0927397516782111,20.986689670219093,LOW
2.67368921812854,75.94280544628748,20.4247692990784,0.9945852003835471,63.673022145633425,WARNING
1.7198006724214479,32.47951780473531,36.51243744999059,1.3244523540303383,21.18910179233374,LOW
0.24438289203257008,42.308249043762004,21.588636767372698,1.4244651142388522,10.58417567075789,LOW
2.9682390385421566,65.33417038793363,52.89352538028285,0.5798774711089923,57.12314053576954,WARNING
3.410840614427511,140.2315208863464,16.614387861033556,0.21161158888188591,75.68642812949243,CRITICAL
4.208906909430766,157.09542990052827,0.900356371062665,0.06506210856713836,94.82403461395052,CRITICAL
2.758345060467038,47.503790241678075,23.55172429667637,0.6168685473971594,58.351043480650766,WARNING
3.1655210195927297,78.45202722070744,55.36951785336128,0.7489023735892524,58.934493936282735,WARNING
1.8399601836479773,34.44901008192587,21.77594668102381,1.2822320138575836,30.627374329143542,LOW
1.381763990334564,46.54234776760974,29.95116991958074,1.2072064153943263,26.76850932004745,LOW
3.9741149177385324,84.35654294556619,37.685442074446215,0.23310741340875554,88.89715679631306,CRITICAL
3.0887328360187496,31.95562440305342,25.31864192096373,0.9681082491098743,46.794248775525084,WARNING
0.2492372422489216,43.42583751031481,35.650630128915445,1.1758280279225897,7.404068733858878,LOW
3.3460730917748056,130.0240502430438,26.18570264578831,0.4166093526379881,76.46722119176523,CRITICAL
3.4704044259245643,139.19196739011363,20.902804841127264,0.26991317698572204,79.10300502661708,CRITICAL
1.6358277825706362,32.58715765840388,45.53776287035212,1.2570927474579712,15.497898271395883,LOW
0.34604209649923,44.734512837784834,12.246911956088468,1.0588048059598811,25.34565397582688,LOW
2.029812096533901,55.779308344580215,35.750378851625044,0.886822591227949,40.54411675819646,WARNING
3.6849674363862053,113.14468747216367,16.484457851259645,0.538845946921024,76.13006288942317,CRITICAL
3.975597255597913,142.8691669469153,39.94704170683244,0.547563537560591,79.63583549950144,CRITICAL
2.4407290993572093,77.64785244499382,55.06507326455014,0.6203733962078266,50.669756368361476,WARNING
5.145536655442912,186.78008188922482,5.847986272477515,0.29419691178895785,100.0,CRITICAL
2.6310246861596056,54.99227308927691,23.942002895093736,0.537511380036438,60.766798180052696,WARNING
1.1756165097715927,12.90703797748689,47.759646857261856,1.1468558438921108,22.185215743552764,LOW
0.4220581178907977,13.818956579300675,17.144180174387248,1.2083770274133059,6.321849357641255,LOW
1.864638846987649,21.83286957303902,41.788790130588396,1.0789084362411832,29.006440811705108,LOW
0.9666904596049046,19.364090018655453,46.12112295177041,1.025376145561739,19.269401875809784,LOW
1.4918720082546935,28.75590178048784,38.92293493979234,1.413462492967535,20.767318226461718,LOW
1.0205231775774266,20.430431190720455,18.0605385408934,1.0002973790213288,17.98824176523212,LOW
0.11698329737929153,21.534102742047804,10.557507148404737,1.1872573088292742,11.857631465152995,LOW
0.17457802318558852,36.775255762982,46.273651577715384,1.2046932916511397,6.844203898338446,LOW
2.397327413873978,62.16155013304834,37.581665963054455,0.502668280459523,55.24675268504798,WARNING
1.3372570566460364,10.55534638765283,34.854413444326305,1.3262659531084282,16.337084888150123,LOW
5.768378455599565,211.62321342873793,6.996925360483111,0.03722420429305679,100.0,CRITICAL
0.6651792771399495,47.61133388328953,48.34453805334669,1.4062596702881383,6.027534491125427,LOW
2.969757510809272,51.2286784622802,47.66587182234561,0.8733409428258676,45.61227109027368,WARNING
2.753447167036261,69.58203887798666,21.019057050778272,0.8402021833694349,60.60803709704003,WARNING
0.4655453008270406,49.68032932008012,26.61560522253901,1.4638826993443428,14.865744353759169,LOW
0.48771179998718717,32.31253415260285,23.981301635163298,1.3219576042873982,13.997441944515337,LOW
1.1874634466327014,22.84292800094915,38.16163949754616,1.327367104482857,14.154285292390835,LOW
0.6244609953021334,34.56417499281196,47.72606596844031,1.0663215120133007,12.429362785312732,LOW
3.442526221363969,60.29373987842784,53.22071310994072,0.7572386244378483,58.81097763860432,WARNING
1.4195315157704083,46.927076177760156,43.649203824403024,1.0991818031200422,22.94144615017716,LOW
2.2907211716877924,41.500617000758226,50.353242761417455,0.8651587083574712,31.68407017466038,LOW
3.9329298072802312,101.57827832318841,35.78784869711738,0.46640471651047455,84.7270792222845,CRITICAL
3.824555824786435,130.89276904553492,21.619275941721646,0.48710693388078957,79.07434760372028,CRITICAL
3.7532856797906042,127.37675588002861,11.413937550721089,0.46388597324592346,81.63982083919186,CRITICAL
2.912340884352949,79.70275936848749,23.743511591236217,0.6381581425501764,66.93208800547323,CRITICAL
2.472854384051562,47.307507396456096,55.70579759188434,0.7896769525198983,38.48612542096058,LOW
1.156646873549576,16.930727855039585,44.28460600100425,1.28865701322825,13.612658644895843,LOW
0.6716637608862059,34.653506689445074,23.419932727753128,1.256588334296978,15.06874495499121,LOW
1.6575379984941276,22.750260916670797,13.118333765615692,1.0904724771187475,30.43035778096537,LOW
3.9332927925777215,95.73684635447034,26.605056192960575,0.2549472401692011,83.69718068240415,CRITICAL
1.6673039336967188,23.01601530894503,14.340896142403881,1.4169519754311126,25.45276043631834,LOW
3.0256376756479524,75.56243549222646,39.569043474825406,0.5640282487933989,67.1316673222752,CRITICAL
1.1174679366594622,10.579960712926315,27.750532060375036,1.0892301449267927,16.199946015211243,LOW
1.3825647420643092,24.038550842028062,23.65359548800861,1.495375366419751,15.58332396082059,LOW
2.9302739472782164,31.228769947042096,23.210583621009903,0.8245946756783259,52.37234770645815,WARNING
0.20534367644065762,21.900529842065044,15.211336816855606,1.4581569211131606,5.1148531455468325,LOW
2.782867895415249,58.7966227017896,37.43792592161261,0.7335846554660648,53.96514821411511,WARNING
2.329883277238501,49.826465141561705,58.313015397117965,0.5949928505930226,37.97486545670247,LOW
0.6126768575791737,11.858697838489567,16.187405056265334,1.1813410350338074,9.160117852879772,LOW
1.5306174752683614,41.82356055078188,26.456552096734516,1.4923329896871347,27.145100633847004,LOW
1.6911314833612554,47.80185592086025,19.45240666295167,1.34323214719319,37.15629896159579,LOW
2.4577537577143236,53.750450128614816,23.901563743228962,0.586547401979754,56.72263544651123,WARNING
3.3741793751505993,57.10924053118008,30.424454832323995,0.5297367732955593,66.54418749821222,CRITICAL
3.478858078528053,131.61253926096248,10.439480457867669,0.39525556906576703,77.91857953131698,CRITICAL
1.6310171194240586,27.87693807400666,10.139918254732052,1.4722238160191627,30.730485983745364,LOW
1.6780934919203487,42.65661536325092,16.494957254429252,1.2370013406073883,35.39627664728437,LOW
2.3556042051655366,35.8563965371155,40.284942037400356,0.7684931921868161,37.0962771493007,LOW
3.138706620203886,64.79047656323276,53.81648833179403,0.61145323214102,51.985600911139045,WARNING
4.880559046829648,293.9570899700335,15.38131308118212,0.2155391586206097,100.0,CRITICAL
0.942418455085644,31.061927500736278,21.74532251707813,1.4522549699192333,15.903472026831665,LOW
0.23506900166401246,37.32309271705114,24.97654335885647,1.4352151562254127,10.544322803903492,LOW
2.217992212984634,60.085786526925716,47.68855703708738,0.7840687899121808,38.86561482060707,LOW
1.5592154634208537,10.747591422542285,41.15640250822305,1.2633993682695697,20.768817004893865,LOW
3.997321547722923,126.4439195576273,22.36771583260411,0.3900343634242778,84.55645228406337,CRITICAL
3.208242646949901,43.08832588646066,36.786112409813995,0.7773868308884904,52.077774915891446,WARNING
3.138631227662056,96.58182181107638,37.555913553573546,0.21581423726187673,78.11804061933378,CRITICAL
0.9895128901135244,44.19671805922245,16.599282533871165,1.1157837391394636,31.598032993874824,LOW
2.614618134500045,58.71862487725918,56.83356744375183,0.9585510088689183,38.19004443821175,LOW
1.86280170578146,25.914565207927808,27.98820579534709,1.40132039038873,20.77265679586187,LOW
2.179633223332268,51.892435472134835,45.220961731145266,0.8596045438785183,35.90766041250824,LOW
1.493772825430109,45.20760777344299,11.887456602490388,1.0211145540349886,40.2702936139856,WARNING
2.8220692312449214,37.7669525258857,41.93166326787841,0.9872436717504254,39.4957845232762,LOW
3.2128224856521514,109.00285015788393,25.83303675432542,0.40181595682030213,78.3422828411983,CRITICAL
3.292668107246676,83.95526045107337,37.49131613541226,0.28682706285533704,77.90362058069196,CRITICAL
5.070536883257196,217.16149598227184,11.672769590352933,0.2912424479751413,100.0,CRITICAL
3.168968136311922,136.22820104329463,35.23297179411665,0.47627764158338654,71.09322600820573,CRITICAL
3.1063624582283866,36.14101240371495,30.293198407337428,0.5970409394831471,56.95342413311292,WARNING
3.6800025915317676,111.55449777026236,34.78167251465405,0.48671253599700426,82.98974337385599,CRITICAL
0.7215398407455916,26.759050052793064,41.773024730823565,1.2467881005285975,10.756951060066099,LOW
0.918686475249076,19.143563571852617,46.922861424510586,1.1589005603283378,11.459855621370124,LOW
1.8172266807215136,49.81860954042369,24.470074269338685,1.0769952731571677,39.64333740856102,LOW
0.7217593599353369,35.78035177129271,29.846268979782412,1.3842298641328152,9.650494573210192,LOW
3.2711928003722237,59.91950948770008,57.10670836994304,0.8914740613672751,51.4795685284888,WARNING
3.3592489959699954,60.01792401202695,40.84764509349361,0.6781291702055514,67.0401631959728,CRITICAL
2.977834745727865,55.289781212690784,30.27272590559708,0.9284721980697499,52.923011180104126,WARNING
3.287281720565459,43.80217454901884,45.482275796112866,0.8570868725381975,51.45088577315679,WARNING
1.230347525407021,34.54273881408522,31.353723721545418,1.3150242434597248,16.239667391765327,LOW
1.401084815424514,23.431558513466612,28.082149703036713,1.1665546819981343,24.405174929364303,LOW
3.483435057640221,102.62566793225223,24.638256367761528,0.4755214656282062,75.77629504526949,CRITICAL
0.8871359419744717,32.51359268034946,21.760370553094003,1.104542329772221,18.757974209287124,LOW
1.2086168007480529,17.03637463990098,25.09579169320171,1.1346114076991862,15.793684766515522,LOW
3.2755184922002996,61.66505214941725,41.70019714693575,0.8345418696610211,59.64305356367997,WARNING
1.8767208582598396,44.17027210617662,48.86577415331928,1.0212500225442454,24.68772839255886,LOW
3.8037340754414894,143.14741052217224,25.838325029794262,0.5151556283102694,81.12545303917786,CRITICAL
0.141510054090297,31.375535340543728,49.88701615067069,1.4394150800494931,3.013545049041835,LOW
0.8339875448192664,25.51623984952404,39.367152636200586,1.1705663763311918,13.621760548606604,LOW
0.24587957500428728,41.60209073968243,33.41245055800917,1.2446846626343921,8.68768719951008,LOW
2.7580515242305497,62.42100739942496,54.699541814612864,0.8067571840555627,48.789211649659705,WARNING
2.2579586164632075,46.78388217794327,47.72435869432489,0.7127380533508886,40.41359338958406,WARNING
1.54261163984806,10.22275442494645,37.159779209813536,1.2446132552450075,17.620353254869386,LOW
0.7350789572223458,25.656738884414914,27.497956776993394,1.3361503193387638,7.203317299404348,LOW
1.6129401780243662,35.58951989513498,17.583883179763575,1.1385865863852567,33.03379510925259,LOW
2.7377182909560087,42.05514944533174,31.161483003251824,0.8681189773356803,47.206379598080396,WARNING
2.793039986527149,36.04743507583524,57.35473494506378,0.9223813672833674,38.0188612618077,LOW
0.2657210262257823,48.1354334108555,43.206658386393784,1.0569172959379585,11.623922780803518,LOW
3.682956055963137,102.7808792280026,36.13751663245395,0.43920887511278334,79.69942223613262,CRITICAL
2.436515044116434,49.38463459723541,42.71008276512886,0.9735296118543086,41.883330906276655,WARNING
2.22106728767059,30.349809273824338,54.0395142203472,0.6821627116830765,39.18793496410671,LOW
3.7480450883519563,92.16931190380026,21.741348807731267,0.5037594209738963,78.68002166082458,CRITICAL
3.9986000639496604,115.80926349967301,34.67574455025849,0.21865265711095364,85.34230892333248,CRITICAL
4.006787296429721,196.20311066438896,18.608245192258078,0.09200347051320337,86.0466103864125,CRITICAL
1.4871681717283687,39.81355571999461,28.887115305900338,1.4734587349327117,20.946892745125886,LOW
3.1332021764137536,89.16877452352591,37.898116097422175,0.2379122031381647,77.90878322643452,CRITICAL
0.8391579340113138,14.154038977285111,44.521459729770044,1.4613467567214664,3.573850589465315,LOW
2.3392919372674794,44.898293071016795,24.039086819360193,0.7232250455556817,47.37927159386591,WARNING
3.395335601587403,66.95365853133791,48.92254934212747,0.6539994810470511,65.52022273153314,CRITICAL
1.9855831480000665,21.647498352742357,18.66446632724223,1.2420728252215958,30.4664659712354,LOW
1.855655973752894,27.60306925259091,26.405982186903337,1.31293106505425,24.77498064302467,LOW
2.7110387520915014,77.78489705002141,43.17356443182991,0.8476182271224955,58.36324905738149,WARNING
3.6663453434247923,110.2278205407883,10.74313526899445,0.49131972625272374,78.92507642529985,CRITICAL
1.086592910186179,39.13748822738637,10.027618979281971,1.4436058613659268,27.52320688133619,LOW
3.5412979336087087,88.56651363229255,30.154173838408635,0.25513826518532534,78.65417834791361,CRITICAL
2.477103987676981,71.54957073687514,51.997845048336586,0.9992369377372206,46.17463800107955,WARNING
0.21742207628120266,27.72013060595379,13.336133398662833,1.0892498575328815,17.997430015655823,LOW
0.9415190276947294,31.208747714689665,20.720969512799464,1.436021590937747,18.84489510747551,LOW
0.5824134295118073,16.27977660131012,14.661865354822323,1.439489592003563,9.367718359716907,LOW
1.308159613394442,47.127047846888374,43.784314681729974,1.034493196210119,20.059635263620912,LOW
3.4518235152806973,104.51020088159197,30.171637763848853,0.5800831492396992,75.31630369446047,CRITICAL
0.8222586333712977,44.95292065053,31.831967360493575,1.033728323975213,20.444339059743754,LOW
3.1844628524621363,56.44402938827967,26.675569559162092,0.722520537528766,64.81155160250184,WARNING
3.1789047611741754,34.53467120966674,43.261462370798554,0.6879575965926541,51.05353250723657,WARNING
0.4851481607776452,41.24641894898937,16.459564211590912,1.1562093036108596,24.949228715117297,LOW
0.3138477559118026,38.807467183902716,33.74323962691655,1.357623807024341,7.124266887561235,LOW
1.6271606882650693,29.19484240441107,34.41207896715429,1.0460767086004181,25.679633407149986,LOW
0.2758066722907715,33.88813129008401,31.917460646469312,1.3039469644916464,4.987700277143989,LOW
2.750296018796756,54.68869602843279,56.9666226115785,0.7669408624398701,40.22643032595662,WARNING
3.024368092659163,119.00587336084422,21.51550885594326,0.4415616782241908,72.54936263796728,CRITICAL
1.463607032263529,10.813257718937233,26.23557755076572,1.415631799871207,18.181240122447438,LOW
0.23310733622460728,33.80466259786713,20.002708515125164,1.2051156168186128,13.156464194531207,LOW
3.1988486841825163,130.3509955887003,25.134565398026687,0.5619830769657086,71.78958073258622,CRITICAL
3.11876381110633,45.933707093600255,29.069614020929873,0.9823425862215026,54.51889839813051,WARNING
0.10302257037997002,43.50873194100334,33.98656645164343,1.084279281360152,13.111157465581917,LOW
1.3432550233595295,23.377755034843602,30.6389038508394,1.1468897232751631,18.282073266525128,LOW
0.3648185537639238,21.62697977892949,49.050151359045195,1.4828360751249958,2.842410465907396,LOW
0.9355873931323382,25.478929792727353,11.795212203589823,1.267263687112159,20.56739149649731,LOW
1.6236454933640934,37.65228571379126,24.10948026574139,1.3235681911062316,25.893772004906808,LOW
1.6143220398771265,18.42765387384338,32.51124909944154,1.1002335572107425,21.763449933500574,LOW
0.5474144566743335,35.80018684293144,31.069157778231215,1.3606495729527768,8.240750963118735,LOW
0.680803689676323,39.87208369163472,35.03567242629708,1.0921327182629144,15.345719496325207,LOW
3.0622219926659175,49.44486013950858,29.83811656111408,0.8394913864573946,54.67554161335264,WARNING
2.732776899252948,67.66844784888637,27.62870167519307,0.6291082089506882,65.08676115242997,CRITICAL
2.7226002918382988,49.31826855282483,49.84133257719155,0.7823757818141412,40.96793432291728,WARNING
2.692292162150438,31.68839678422935,29.379662159859965,0.512878195870289,47.82515373767475,WARNING
0.7191715450546622,49.497982396530055,44.740164678274525,1.4128354301715746,13.52526810810927,LOW
1.1652339889083974,25.7167224527764,16.85367646090919,1.036306715684202,22.825277758914115,LOW
2.1464587023203094,65.90015483429912,56.85873914904623,0.5810530548557804,45.44916191544712,WARNING
1.8494525873025809,45.53862235479643,14.150174229187119,1.01369988576592,43.08640542064367,WARNING
5.912950049542262,213.34284066989449,1.0112664821194484,0.18566266582380836,100.0,CRITICAL
2.9743906762001653,44.22519237567643,48.0507431776687,0.6445841333796021,47.40935510386112,WARNING
1.0660257164785207,29.547381791547636,40.52023892104934,1.4328369411772224,10.351904609868749,LOW
0.7160257603075207,39.73547694500761,30.884047408251977,1.45697788719432,8.059383807471974,LOW
2.3178448383409584,38.24043243735182,34.89537351665169,0.6734632701284866,37.78088048683041,LOW
4.291419545737458,247.89731613364813,0.2613847012917958,0.12208831149570393,93.46915593888257,CRITICAL
0.8258468117048952,29.923093790924543,34.01500006097271,1.29175567239715,13.100276435363854,LOW
3.7372503005607975,85.52595700470827,38.83877174529803,0.5789592345388185,79.55378041409911,CRITICAL
2.776158607102886,42.53091791679461,50.25404557995504,0.9389300893581446,43.456412153910144,WARNING
0.7798133934989602,38.92544888130048,10.675949554048936,1.320632138594443,27.252485578464697,LOW
2.5020567294061724,33.80838846003945,52.76477515535994,0.5709184147425114,45.285379686589295,WARNING
3.862381918488516,117.12920341277808,24.27615089367597,0.5393269108072118,79.17515028091644,CRITICAL
2.867976092622847,51.698668399690035,34.91255887684159,0.7402704286449145,50.580796126310865,WARNING
4.672426988143696,188.45756212990005,7.0784817968525315,0.17723440219083184,98.62371700306204,CRITICAL
3.787864250197761,138.95687973529908,35.77025832051573,0.5682113585787469,79.09784763257794,CRITICAL
0.8255662897656508,36.09134606808739,26.072122412709735,1.3081651529586018,12.70362605700223,LOW
0.6911435471764037,24.123087137727232,42.15028224055039,1.3005255181144455,6.321854037954111,LOW
3.0899690409679037,53.20879898959795,29.196885296427627,0.7786191589316326,59.306947454066155,WARNING
1.8859968034978314,35.15536992134878,21.677238466768593,1.1078653441672623,35.753550020123505,LOW
2.921451537768832,60.193450141281154,34.40413787242069,0.9687072050037366,57.656692085789295,WARNING
0.13862301027662066,23.934453695533016,15.21130314590398,1.1816918955239417,9.421428338135266,LOW
3.6103091184681757,100.67603133812963,19.336155217728447,0.38626727060646027,79.77562653724796,CRITICAL
0.10824966274579782,11.062297927170528,24.309626878880795,1.062110838304304,6.96884899724981,LOW
0.18877744726314832,39.79465197954326,14.998274185871336,1.0128584512018293,17.214320328481616,LOW
2.0202013586321743,51.81429724051608,31.55344193911265,0.6597089924688764,50.30541572097928,WARNING
3.1962826865746505,60.39545581545879,50.487924219732356,0.7243676471814378,55.83170440100247,WARNING
1.6639544242161517,44.61242096693852,15.512266791477352,1.2713300934800307,35.32609826319707,LOW
3.520109772717131,125.18201921217266,15.347282442710611,0.30577387598217093,80.01221661317163,CRITICAL
0.6015975715223888,29.69587061167195,43.34518397829185,1.2668617075101818,6.691568516946794,LOW
5.559519770823385,271.2544228910054,0.2447004576079359,0.23333859987121713,100.0,CRITICAL
1.2130121573477812,27.896862892628747,32.8641540231072,1.0667217647114982,17.54304800669235,LOW
1.3497024484707327,48.0679349388872,41.09571674819132,1.2345778902854885,21.58592091718718,LOW
0.18553828396849797,16.315690444322325,49.03242015736106,1.1993305332205817,6.832242529583961,LOW
3.4217391674806126,41.5205785309511,38.19558649876615,0.9323614828372977,53.137893474288035,WARNING
2.3696677094391667,40.44582084211384,50.11524004169204,0.5063944471260444,44.113337739269355,WARNING
2.711514576300133,72.62151663443055,46.373314811619366,0.8909311407496967,57.32745790004029,WARNING
0.19480741116914052,11.141140357191146,15.88823941894371,1.333503945127208,7.474462346247044,LOW
0.797229779743877,45.539901941981796,47.42858184114133,1.4608645774945859,8.41559893793391,LOW
3.688235878597892,143.95745258192247,31.42544775497917,0.5815744994901975,76.13050255601321,CRITICAL
1.7191026394383357,30.24467819386064,49.31270893980946,1.0587655547524855,25.7474724297147,LOW
0.7305614418534441,30.64541744259687,35.33751275478874,1.3308147346908272,7.511836334018447,LOW
1.713678354781794,10.566650438485397,14.744730975194017,1.3425815610704501,18.733900358674898,LOW
5.285572842594015,189.16852027012848,10.397288575732347,0.2924941426744303,100.0,CRITICAL
1.9373636663242881,38.75666106926823,37.486914224881886,1.1160271608453733,29.255508917562956,LOW
2.53511779778347,42.01007629269749,55.82209144056418,0.6915779043813067,41.90328078696713,WARNING
1.516459090961393,36.10988577857051,46.81937713489142,1.416023568783639,17.67229410135981,LOW
2.4718574910456432,54.77845056352746,57.77983045388719,0.5116013152907468,41.47699453649785,WARNING
0.5412267674024072,12.390039659873885,49.67919297144671,1.4349345716125725,7.842887021789804,LOW
3.0726547678356377,57.82976814617538,52.46315777803329,0.9223825957785057,47.549033435463365,WARNING
3.4676612459124128,64.13446895480823,55.90540042976629,0.9230560254935438,51.60134461262843,WARNING
3.3404830400928334,48.87108639126172,35.17134121793246,0.8904828216213345,55.36215902387737,WARNING
2.630098398300423,77.03618549441143,58.340242784765465,0.7512906544068946,49.5262776535842,WARNING
3.0869406377356565,52.863246261708674,27.603938717619073,0.8734845843114654,57.04857980201242,WARNING
3.6136491964201607,96.54111272207558,29.561174325061128,0.2934438105162243,82.56608858422172,CRITICAL
1.7112176829259966,47.17966276959275,20.275306334328445,1.4640255185425928,32.50091015896017,LOW
0.5600151575820033,25.409861627089413,47.10193520437219,1.1210789998530144,10.029212249274872,LOW
1.494896162012787,22.082963519491262,37.37472606718322,1.2160389096242512,21.64130043927886,LOW
0.6554361676386599,24.247261566735148,28.32873019950544,1.3399346159880696,7.055041480096329,LOW
1.229215813343811,33.83116313671269,24.930865995840307,1.4669856328773492,18.14128977775609,LOW
1.0331423720862778,17.376773071760287,29.32858087491615,1.0942415772492708,16.93997859639634,LOW
2.120643680099514,77.6652038197962,27.815035577334108,0.8303281680246227,53.53235734958203,WARNING
3.3886746656602726,147.23715720768132,39.140915744035766,0.2752319620276959,78.72218190349304,CRITICAL
3.19342101283355,95.85084342317572,12.523795120701948,0.2626147785992712,74.12785019873678,CRITICAL
2.497995222239933,78.43122836505295,21.994901632774987,0.5314679772012207,67.0730374600181,CRITICAL
3.33130832745929,69.77500958170748,39.59268351467655,0.6348206806525101,67.71812829691213,CRITICAL
0.7540672089934557,33.1229115188994,39.15258789525093,1.3504441181141211,8.876100466225074,LOW
1.212077008367727,15.950979143359936,14.864073755534184,1.3929279181295589,16.88220276098648,LOW
1.8377753198038738,15.32446452889435,44.80147872790915,1.1761896456529657,26.99128438304864,LOW
0.6448610250744992,17.25792056855532,29.626788747668567,1.4748726740198843,8.84242049417566,LOW
3.630073929696232,105.3539398608835,39.72517381527638,0.27496544057621347,78.232196505471,CRITICAL
3.195058248105196,30.032443478861214,48.08173008569748,0.6332494483529694,49.75299009722531,WARNING
5.783870518479371,182.06316846955536,2.340535462368891,0.10924578135434028,100.0,CRITICAL
3.3007169428716807,78.30450625200389,50.04613472692395,0.7995036063508278,66.03101232168501,CRITICAL
3.322605850855104,82.77836001448671,22.711248072730996,0.5876729215750958,77.77423411658631,CRITICAL
2.05065826046341,73.73394519490877,38.86757958485269,0.6823840159089779,54.46744967796947,WARNING
2.9849408662523946,58.68207325200233,25.75778299366874,0.6286180043791592,61.11060218415115,WARNING
3.66325851469563,111.38804377903188,15.47804295501596,0.20307641439092478,82.11445932401101,CRITICAL
1.6614227602405962,21.41594645529189,43.910166462201985,1.3522821980432946,20.498587570739264,LOW
1.3246675934122083,16.067192292221726,36.19163681099675,1.0713572423640532,22.51170203197265,LOW
0.39128585522360204,22.81635300208986,28.492803430874453,1.4292436469607173,0.8691362751077287,LOW
0.7601948059547986,29.031049451207224,21.83114223957475,1.3128738893604355,15.367538409293921,LOW
2.129457325191665,61.34994476159788,42.769740151950295,0.6692986771033363,43.925437121833355,WARNING
0.48133293013130773,26.2283811552941,17.9965613517319,1.288745560469839,13.232753369745053,LOW
3.0335138318822192,60.42209326152622,59.419442304508145,0.6305002845399541,50.09061971893148,WARNING
0.3400339187015333,29.427373034781294,13.846468145236877,1.135073298449052,17.24037737326899,LOW
5.4874804682731115,208.38752423635273,17.303225467530922,0.2626367405722921,100.0,CRITICAL
3.6400250482152128,94.12549569255162,12.732423183120451,0.565910201616052,77.39989777473617,CRITICAL
0.14175571645960405,46.27649034712975,21.4848397948894,1.0142523994602877,19.74825680007588,LOW
4.622786361635031,281.5147361228059,9.069489078417618,0.1989377703164997,99.83492028102505,CRITICAL
1.9070593744036968,12.437816496649852,20.986957100193898,1.4465544382749393,19.558878948760007,LOW
1.240159812617923,36.067734859825705,12.837100470942534,1.0088693704542926,31.15801452867298,LOW
1.3959770243747442,19.452155082908853,39.32285480670073,1.229121091081635,19.282780562456967,LOW
3.2785406357654825,94.2675736324309,34.950650616246165,0.33053042599713345,78.64587363271977,CRITICAL
2.6625888356484033,42.4945254452279,50.56803875407057,0.5902155172450285,43.49089373687037,WARNING
3.150316069122997,136.34535843631073,22.727466001844014,0.2744024931734048,72.26459172879596,CRITICAL
0.5543952579680611,44.695938901530106,14.237695499192968,1.4862697938839453,19.995013712953604,LOW
1.350652493343362,44.26047939352344,47.358305925070574,1.0719927967283773,19.10103685228081,LOW
1.490660079263288,23.838929046522676,22.534989131242714,1.058027309401204,23.72934474450994,LOW
0.31902818343533845,45.01899099780898,10.44794101523701,1.3464329347676445,23.27589176138856,LOW
2.9784045035376505,52.77792445473463,35.30841711505069,0.9706659942025868,55.147562689624415,WARNING
5.3025428072500596,179.59482598477075,8.957983248755749,0.1489612470247821,100.0,CRITICAL
3.0205468366807358,31.202842336688697,51.06541287537455,0.6058161170034722,51.19452245788083,WARNING
2.1709598782055135,35.72304179623507,21.42630575346808,0.9551164050767559,36.73721882034631,LOW
2.9391233009369984,61.00402589564702,39.48171177452027,0.5039633893341043,62.3788500484057,WARNING
0.3072457197401576,36.49639409411104,19.94483287147991,1.2250833320256036,13.128197181225515,LOW
5.866838623254432,162.69122790549608,16.547307070559928,0.14651210481491195,100.0,CRITICAL
2.2267356963706506,36.61370688887719,55.63030003580816,0.9489097459205305,35.86715529450242,LOW
2.277514613916488,46.44771323410744,25.442426020346794,0.8869743344654666,45.50382665809318,WARNING
5.092756653132023,248.37966211723392,14.921851362672733,0.06727773072914713,100.0,CRITICAL
3.2757388672231635,42.71017722949531,38.835552029111554,0.8757669556023558,47.09080023151686,WARNING
1.074497570819739,15.775188134629001,31.565955869093973,1.3839113806577183,13.709190470530574,LOW
0.4624912407597632,28.612935802834084,45.04300328420821,1.0344665305870515,9.95081016620768,LOW
1.3410100210413152,24.303234747823417,12.832959789304624,1.1659994843902368,24.892471754699276,LOW
1.3927534053964112,10.315689040322038,10.589665028294931,1.388439913215287,15.663386258818877,LOW
0.6798451811454219,48.32161696415324,49.40988469789885,1.0807014309430334,16.098642171842116,LOW
1.8569303007015918,40.161356364966416,40.581077427277755,1.1347847158846716,30.112128440552052,LOW
1.026105027103361,21.95648164817666,13.792711006482321,1.063179612486108,19.24275220061216,LOW
0.5853740550306393,28.22865381950144,30.38292763304165,1.154439604063178,9.371809965252844,LOW
3.553139723338955,135.12338496233846,37.7271349726253,0.2652540458303221,77.03132837522304,CRITICAL
0.1169211464481159,42.6388843111238,14.462372862156112,1.4977402989608795,11.544482528416761,LOW
2.8700150264097717,37.73032088707987,40.61571885572988,0.6305543704289045,47.92683679822471,WARNING
0.9563752264425277,43.71858951120473,13.511625028753702,1.2973089265455249,26.31322506968202,LOW
2.6378218539000127,71.48873207120465,57.71560245342771,0.7326679309568054,49.24554111856975,WARNING
3.0020904360484435,41.141747460344355,22.55581394397373,0.9746270649083947,46.757155678081816,WARNING
1.3133337009121242,43.13752010974889,22.011070021887452,1.3177167068284643,26.982676302691424,LOW
3.185722667995046,36.056425853621064,37.632318954207065,0.6498557847717261,49.13580780532986,WARNING
1.5796970405239767,10.218437801273325,39.96334565343865,1.405199215061553,19.491264734106984,LOW
0.9117459918428542,48.78944329149717,45.24747305743409,1.231762954549721,16.04634341119302,LOW
3.822954875406459,143.07629031618563,30.48931703727763,0.543061617384798,80.24391949370295,CRITICAL
1.6046171424663491,36.59585222289991,45.72239649744229,1.200286875388386,22.46589490328649,LOW
0.16020881412850738,28.509015066786322,38.962830813164345,1.150589358813108,3.2689194882322843,LOW
2.0907673420117208,65.26915275002492,35.15760046979934,0.5207980346935603,52.25118574406006,WARNING
3.4877218631811653,121.95232787312904,31.960920745733706,0.4620297732004755,78.79992604567987,CRITICAL
2.548456746361635,42.157107485817136,56.11612946611149,0.9849624223191101,39.09347149115504,LOW
0.3133903852373704,18.90149308465725,36.82669383948758,1.0864666849791653,8.32315670720363,LOW
3.435028238991574,38.20706968056963,25.10933127707816,0.7361735266309393,57.608791468231786,WARNING
5.942758430516021,184.1872111579364,6.386942959429147,0.27240959569339634,100.0,CRITICAL
2.072847847340175,70.89163893707371,44.062270497784326,0.9780504813182309,45.228454799709,WARNING
4.101630218048711,174.07822283336517,9.684140946373832,0.26384805748384477,85.6902223364622,CRITICAL
0.523560332369043,37.010927918144986,47.05099293372052,1.1604518336541325,11.129821642541874,LOW
3.3948982483411565,101.57898745579853,25.265327284174543,0.37690939696384607,76.76774050043679,CRITICAL
1.700874597253617,49.94998046638267,35.92685676725296,1.1252306844681792,33.07129991779692,LOW
0.20964272280899365,13.091721540563395,46.5993238073105,1.0482435535247752,11.948511407856238,LOW
3.171270950253727,110.64450753877497,17.544405850413327,0.30232923598664063,74.6103219644712,CRITICAL
1.2155208073950878,10.663098867423528,26.350651452621115,1.0934150676163963,18.452628015063812,LOW
3.195689986769612,136.70109895266515,22.443473839157,0.271077875539761,76.55826253318516,CRITICAL
3.1430166464229217,79.79439534320305,51.23749047192656,0.5726336239635639,64.16159300900378,WARNING
1.5972740514508466,31.06794151650346,47.77798276383014,1.29465407226291,16.83881086289462,LOW
2.1071377293992963,37.46729524722889,53.981043070566045,0.9953379889129041,34.049450021571026,LOW
3.4385889105075704,41.906861772204664,41.79342972031772,0.7043979091712977,52.472082577684276,WARNING
2.4032871251282826,54.8873081357872,44.992165868990604,0.540607941999746,48.17933352462864,WARNING
3.4258565518099253,84.31683928303025,23.843833870650606,0.2550436688247846,80.98091829677836,CRITICAL
2.0706972861969586,48.699820311384755,23.313715939499815,0.5016832170358017,47.1729263206691,WARNING
3.9230365970761065,139.81562238194942,26.331099537021462,0.22988086435841099,86.55890261510689,CRITICAL
1.8035775966540448,45.033073898289175,27.375889967248707,1.1640773097382127,36.27412877063728,LOW
2.9234044070760596,41.57555222224157,30.500194768828607,0.8620337406988509,50.74488989608767,WARNING
3.11613518809959,93.11079333979143,30.414107865321142,0.3555946349885605,77.52091783514918,CRITICAL
3.2085754260753614,44.00481226307282,41.65186915688685,0.5617619693109401,55.362702514816974,WARNING
3.8454479383331956,100.96540032996195,14.818606222661277,0.22803671128010664,83.19614745554678,CRITICAL
3.0171896015512196,60.69937035658123,55.06242007452378,0.6891403463645659,50.832224977703795,WARNING
3.0369253688461306,87.89298915449852,22.366166875553297,0.4375972074754294,71.4549325816565,CRITICAL
1.7855789348424755,31.331383666749236,33.51575632869735,1.4728109055574417,19.89188112989785,LOW
2.6574098992201485,53.84398074780097,45.91695474237596,0.6000996083252566,47.530913289790455,WARNING
2.3859856981549266,36.537960016795985,28.760903938490408,0.8394864560028532,40.02092591761612,WARNING
3.0324724959446545,46.0979061340191,56.034245077330866,0.7258851786640728,48.72796780505201,WARNING
5.323085451833103,291.7219788863687,10.830147726808866,0.09218488367003151,100.0,CRITICAL
1.1619871207764565,34.20144482620793,27.584682796789956,1.4418857417559219,12.96460295336904,LOW
1.94408162849951,42.972531325717775,34.62238338741316,1.4152711269517306,26.82867944544685,LOW
3.931850780225825,107.02473783522625,26.645567262578222,0.2394512094880984,85.43090203360227,CRITICAL
0.9271971726769282,21.732425460889218,31.111656221950664,1.0267225347502835,18.471565489497728,LOW
4.848100270328281,289.10498760556595,14.48542921320007,0.0869828750591802,100.0,CRITICAL
1.4241414360726194,22.120658272443055,18.853232505108693,1.367468707574668,20.671266512117626,LOW
2.7221190121402867,77.13279663851866,47.18553464229964,0.9467097803099547,54.105958182713664,WARNING
0.6787019959568672,48.87113316825521,48.51424984369203,1.3801931772754954,6.730527021989103,LOW
3.1711696981883675,57.674347560686,20.140340186857735,0.7507735369718078,64.67082545252156,WARNING
0.6202372801307374,34.945109980714626,15.8425645974221,1.3601641506647497,18.8972380794783,LOW
0.7713609324901184,42.28925166721412,30.242529977461064,1.189200280595464,17.259834114303253,LOW
3.504198698462558,94.5604968218505,28.384545643332515,0.3141294105079845,80.9734737089368,CRITICAL
0.26440580565578103,19.66789343189768,39.46218568008765,1.4189996111878713,2.8815148117663494,LOW
2.3455310898723942,61.13810569841202,55.48843972166787,0.5204468413010407,45.14371125218699,WARNING
5.65417575491689,264.2493174440548,13.827257874235821,0.2310821666741635,100.0,CRITICAL
1.9431243421876745,46.00558931302801,32.70480909851314,1.3906368772467246,27.53416933058522,LOW
3.2436002636565595,120.56372998501632,24.45148957757645,0.5086365419371766,76.08109707333097,CRITICAL
0.31104224282455806,14.28485726433269,14.762252982127496,1.0162599379660808,7.849449033917725,LOW
3.0078540229756023,36.33642009128448,44.47432000886448,0.798870039128956,45.52902996291418,WARNING
2.025134038328017,37.34739419491941,59.83313497298978,0.8667724485745298,29.947235018599862,LOW
1.296622682974088,43.848838823938976,43.69218342214547,1.1623507177306036,23.058438614535476,LOW
1.8970135388424292,27.30967302649492,24.834493090317075,1.453550180724913,23.528500745460352,LOW
0.1745955150355062,37.40009649201096,25.400118724204166,1.382237904415053,8.96683693449492,LOW
1.505252412598535,19.086804417094857,28.317813390974194,1.409438775568356,16.647283018566334,LOW
3.7226057936657777,110.04598880730676,27.159576242281993,0.47587597886099753,80.8312777882969,CRITICAL
3.877871427676384,144.7371826232478,25.274794405553422,0.46203707804972416,80.94457056663913,CRITICAL
1.1882887786156247,28.927935242957584,48.492241787791976,1.4508546493013634,16.41456563284362,LOW
0.5480462043303221,45.50028760472515,15.191230691976969,1.025686752169322,25.33362976902779,LOW
3.4196969231416703,71.73123699543193,58.990900188838225,0.8767615768481247,58.20985519874426,WARNING
0.7651797710540642,27.927836710697353,42.55895817529858,1.458846774924444,8.02194392415852,LOW
0.9782701674112987,45.93309293217532,11.881746581146757,1.3919343470569256,23.91689686883527,LOW
0.8955122834530015,40.26474472751224,47.117900889766226,1.2457279127232894,10.738433472109268,LOW
3.7319445357122385,103.14765498895338,27.61941443579643,0.4667262700062778,80.06084280313864,CRITICAL
5.274512854140188,200.1366103937664,5.000480788014556,0.06284448063022688,100.0,CRITICAL
0.4672048121544582,15.407447282141128,24.562531377078358,1.3034998463228966,7.636225947312443,LOW
0.7170565672441354,43.341713366038434,30.197879719861056,1.0457649960420496,17.075464842079985,LOW
1.9493446057735238,49.079092830320576,20.186865421884768,1.083618064397457,35.60763165396809,LOW
1.1057787322385106,19.287815140728032,14.597173661747487,1.2852307292382175,14.979654707388137,LOW
3.1377492766202977,129.33703069620236,23.13690062141155,0.3175906358915216,73.97736322501831,CRITICAL
2.664584430409894,34.06247908347764,43.79618747600744,0.7094204875190606,45.04822030269756,WARNING
1.2320422953960524,10.3948372815691,18.34081553018369,1.3905347684526062,14.764973747924802,LOW
3.1711924581730067,109.19783021467022,27.264930921129945,0.38016633549353773,73.2044064625946,CRITICAL
2.606146287750497,37.425206451096024,23.56177439297823,0.8722215780885723,47.9099050070162,WARNING
2.0741797765135424,40.060555853186756,31.67970626238153,0.7972411244130201,36.978076354485154,LOW
3.0603332551584232,97.47262663158676,21.286292871391627,0.2733508618352665,71.17277765366268,CRITICAL
1.0820850851486778,24.232862574044557,23.72776269869163,1.1326977626784962,21.69439641694214,LOW
2.6661730916784903,39.81623920636119,20.518650435927967,0.5754647703064597,54.022108000142,WARNING
0.8988651317969766,23.177994934800353,31.52059242746267,1.3619334143943005,9.720750362596139,LOW
0.21773931578434866,10.70041925659632,18.529246651101566,1.2124837556104269,5.776658033794434,LOW
3.0900190218521693,146.39615568387015,35.700153265273585,0.5327124624054155,70.14249116791541,CRITICAL
3.080050265252983,90.58176657850878,14.031172796832465,0.2444967243005504,76.39237457145568,CRITICAL
0.5640211900852939,37.03555029682453,13.877004085468684,1.180139996180962,20.47915017036109,LOW
1.7098716418459006,30.5800511050184,35.85894256487764,1.0645171691031177,24.850661689894654,LOW
3.4319392698733155,55.43244308080013,40.30141034935422,0.558624711779226,63.54397460696502,WARNING
1.7196833838749175,15.404260283957933,46.70016522242629,1.3336547071933285,24.45216116139884,LOW
0.5132182569616888,21.456337082666913,25.39384472697658,1.4577609974964925,1.2052563094590187,LOW
1.09528695673382,16.48104645671369,39.43892804208282,1.2801404245333508,15.471259189303247,LOW
3.6595112723444974,144.52686843095688,26.943453847992178,0.5307748606861067,78.20534700546897,CRITICAL
0.26481396356110054,49.76594358116438,16.6252608330629,1.1257550196294948,23.270886026983455,LOW
1.2420942722435464,49.85840057677138,12.10036221942274,1.389221556646661,31.64195095046698,LOW
0.13768654680120973,35.5430728046278,44.932609154774696,1.0881492533241977,4.861531892318116,LOW
3.270360432418123,111.12990239842718,36.842238288492354,0.4211476815050687,73.69117514222249,CRITICAL
3.926450414647039,112.31207139256045,27.471478382001116,0.29212570948517474,83.7442338358429,CRITICAL
0.29733956073179757,32.39583243186319,19.79329352512837,1.0741973788788095,17.027826339264934,LOW
0.5770769984216568,30.16333824477944,25.43692146222249,1.03774514051098,17.225241652192235,LOW
3.461810378377656,34.957510407223566,52.84609347032438,0.7528463349486665,53.14727881923198,WARNING
2.7786499019743225,46.26594139538192,32.9822005696101,0.8159222533212379,49.684906688491495,WARNING
2.534489440213127,40.86784697298167,28.535476508916176,0.540919826672283,48.33436202041929,WARNING
0.4167069495697261,10.766916202123484,20.64941630096737,1.1532009146239801,7.696949275098766,LOW
0.38269023410164926,30.16157632632767,25.97558819220297,1.1623114455249361,9.229372200334842,LOW
3.8281176999930575,149.15226268886084,16.692643422447468,0.5553109988574985,85.00037001212934,CRITICAL
3.94263079637832,130.8767880390446,20.435272958053716,0.39586719586740216,85.89481556521626,CRITICAL
3.242960058479145,62.89738526887777,34.617904667504924,0.7089402256801471,64.90736110752837,WARNING
3.420865249515007,136.008784125796,34.11448238908885,0.22393841543449877,77.64053413895991,CRITICAL
1.4129484247053827,26.894140362755316,31.806689927174247,1.29722895230332,17.64584872496687,LOW
0.3842895580711544,30.490162535059945,32.94343991755241,1.0731172032958312,7.307563888221306,LOW
2.559481831806489,76.0324964413836,35.50650893221626,0.5749054882163023,63.93038703431479,WARNING
0.7763186105212969,16.03075894229084,23.63338509864046,1.0146720704891674,17.29924020888519,LOW
3.345085612720604,69.76653981076635,21.140847888168572,0.9406301631341163,66.01359621964261,CRITICAL
2.4843103252655694,42.66592115684264,26.452736271261905,0.7433109534501114,47.561478928427086,WARNING
1.5926649453161945,28.82698306665644,27.879056672756807,1.0009269782407606,24.966195753077542,LOW
1.546631282040342,12.515941964030436,24.66721824380815,1.2878669787768782,22.805056822811668,LOW
0.44511389076815133,21.971060307212472,22.00802230590532,1.4959854013826135,2.3830157817878637,LOW
3.4211712550036086,111.07045861409355,26.46667190487212,0.43827567890500463,75.18123712687314,CRITICAL
2.051749583616566,70.94212164489764,27.79411276299352,0.6461710638919305,56.445141778389996,WARNING
3.1329442291280767,62.66992027146502,24.166345376776075,0.6507498879255027,67.73314612690532,CRITICAL
2.4574175471470454,40.36519522030582,54.79247876266399,0.873891837607688,40.18648965318654,WARNING
2.0056786004485954,49.01310130058175,31.61949996777322,0.6089543108529485,42.570773930808336,WARNING
1.890493208493493,29.452682719661492,43.90834872896478,1.1071085760764912,29.047621924369825,LOW
1.8412274921349847,26.617812653688922,16.21481949687391,1.341691344717597,28.504224432466103,LOW
2.0710620913721005,79.35979872093431,47.88107549264721,0.6607009958289222,50.543264369867146,WARNING
1.038891124836382,41.275708339613104,36.405215558022135,1.2179674523908646,14.567711001980525,LOW
1.9185981524992133,20.814821018019465,21.113381835000695,1.3227511109192662,22.164871648401967,LOW
2.025884758320152,39.81244194976968,20.101175871790584,0.5902679562857693,45.18335863586691,WARNING
0.8473161910774902,24.771862597065567,43.2381145573545,1.3374981523228389,10.461336341345081,LOW
0.33310062226337556,36.881095827405844,43.66964353886628,1.0918696821308782,10.192451412508053,LOW
3.526276201695333,90.08564424986663,29.285899747052646,0.4080210966148854,78.07845667280455,CRITICAL
2.8331356301331607,44.102056313126525,57.14567053530199,0.6188895190219299,45.44657374014848,WARNING
0.7738147579324998,45.78151445024514,30.305015817020653,1.3410895296129144,18.570819613820255,LOW
2.348925491715838,46.267491544380796,48.405129594523075,0.6191965470339293,38.61396091530734,LOW
1.4365982670476292,45.223819712790544,13.0006673048848,1.2229538676290563,38.84028291412837,LOW
5.365383920633441,243.0231169495731,19.794683046180037,0.01820044211345514,100.0,CRITICAL
1.16529680020576,24.346584573983634,13.867900549882236,1.1532244480463953,23.59771465541249,LOW
1.126275618719798,21.844622591856876,36.69304653175225,1.2747257472287534,15.388153255381022,LOW
3.037683886949888,112.9026092458099,15.78278666052127,0.41471268346569823,74.10349176694002,CRITICAL
0.11197939800644326,44.209562300918755,14.776489696264585,1.0088055616814742,21.577952179514597,LOW
0.820821980287419,13.0888068308909,42.56730585937884,1.2027963651041667,8.703217529864247,LOW
3.1500970859260002,75.30913577502585,58.82118402940597,0.7133619623006819,57.24724458867412,WARNING
4.589911423445363,151.046390292759,15.352340877952695,0.05353069456235959,100.0,CRITICAL
3.2659995461404945,75.26508325912855,41.7477626986544,0.851706035264048,65.89274823932516,CRITICAL
3.0329584027341605,62.34168101527968,41.902370111115346,0.7395977270977847,57.77312533597429,WARNING
1.1121173832755409,13.832060664022826,34.77135443267163,1.472003701951611,11.381517613371585,LOW
2.32180216733992,78.55690226444304,32.283477240981924,0.7183074932456772,58.58700444551215,WARNING
1.4237837594275828,24.477235027709433,13.133012764097574,1.4675158288164283,21.75206209220774,LOW
3.1302770113831637,42.01927177856398,50.461636905176945,0.9142377200116083,49.870314131859296,WARNING
5.6934592834155175,216.72750916022466,13.291477175116917,0.2352694430407539,100.0,CRITICAL
1.217895374588014,49.38114453650834,47.88722599305325,1.416220197381222,12.09188642362428,LOW
3.284785343119522,35.61638804238179,56.65752573157698,0.9601021407094976,48.71604572894508,WARNING
1.810606331160449,47.87271672960625,11.507671879213808,1.1470831617540254,40.73858959426937,WARNING
2.5371566888358004,77.82894049473711,59.79970501218952,0.6584094353531234,48.247985716402845,WARNING
2.836558760450011,58.97014149835309,34.96835976781199,0.5829967509794148,58.138229302443726,WARNING
1.2847064291342705,13.012286050451412,12.802117586760971,1.3107852529356108,17.468767386120362,LOW
2.0622159304249403,53.023891721847434,37.43073231624138,0.7733445648512776,39.85352031379627,LOW
1.6062111002858335,46.90225561842275,45.65291892199512,1.238815476047021,24.145783240122814,LOW
2.793658163228239,73.43577848537424,53.59758027752003,0.6557662642726725,54.3067815861876,WARNING
1.906483377148328,20.636627177546064,17.248267269077424,1.4497395312796078,22.27350624057993,LOW
0.5945054977102744,27.564447760023537,33.80429512638728,1.1638364481866532,7.578576596083337,LOW
2.611725212419489,72.46298436342252,36.6293653355461,0.7219077089410251,59.742469433822635,WARNING
2.184755006115412,37.83975883531405,51.609509889089615,0.6367093895697735,36.03464740468802,LOW
3.988228110918957,106.1583661645449,25.1659030574469,0.3770847919359209,85.387278538777,CRITICAL
3.0099340376968797,125.74215248146854,29.571048184105983,0.35295400331918125,70.68178074860926,CRITICAL
3.066103096374959,119.46769023920513,19.205218089347966,0.30609912498732816,71.94520114034124,CRITICAL
3.3467922594196504,60.90459595186654,51.54442511021294,0.8003418896314405,54.08562053051007,WARNING
3.5019390204391607,118.62422684587341,25.74896509764549,0.32647560806596737,82.53436940182024,CRITICAL
0.24028643181955453,38.72699928010194,21.57101052681483,1.1945989815978035,15.303600930180624,LOW
1.6192626343653145,20.24522396437822,32.1082337058473,1.2549907374319953,23.111710968819313,LOW
0.31996496610970404,18.45046425979872,13.893511982558625,1.1378140094760507,10.603715061985639,LOW
2.2345219546258344,43.74029337109877,40.41773692115702,0.9405717171134202,37.77708437807439,LOW
1.0631479231748697,12.040488500337197,28.272907057971302,1.3144340796663183,12.094849213685118,LOW
0.9931233512144021,49.92145831916296,24.241873426270537,1.2137637136814552,27.412870034927003,LOW
0.25333156057848133,40.96688581159981,20.124060977044298,1.35183352844146,19.66959695368965,LOW
1.7909348003914758,19.754270776788534,36.80381550003348,1.3990095560330809,20.83309664102122,LOW
2.5060010331179363,78.89516872405383,31.137588530827824,0.9743311685616352,56.38751908106363,WARNING
0.10425689884002243,20.410341615858997,13.488416036758188,1.4931727615451735,2.423352294717578,LOW
2.0055571944830133,41.1823292411796,46.80496965134868,0.6992760565823772,34.11523302023682,LOW
2.895556096391721,61.908445031181714,29.203954153087203,0.6866447196030958,65.02750987655351,CRITICAL
1.2165093779075966,28.370338483031023,40.42864596076289,1.103191232310821,15.604245959126656,LOW
3.272045384767178,68.27216242244924,57.76791890523549,0.9858628909317955,51.888017474280694,WARNING
2.430209128070388,40.963068860765915,37.90196138195775,0.9969418472885603,34.674992465883086,LOW
3.385917977596023,128.36292210593416,33.6445893584376,0.5372623608238136,73.88049583141833,CRITICAL
3.83624686299998,126.73573993045166,22.114932078173798,0.46691474162553487,80.68676449851431,CRITICAL
0.7530437124998106,32.05133584117473,12.097754992557782,1.38948540950842,21.001441154572454,LOW
0.35239344788978766,17.9063655742442,33.07709739889994,1.142784187901978,9.5094657003286,LOW
3.8521905331047823,120.43492833281914,35.99398441871442,0.5114263301362214,80.82838647630732,CRITICAL
4.128736810043831,154.30907004808992,3.500598814477822,0.27872544615239264,86.18346480847129,CRITICAL
3.2444068823415053,76.4554997901962,49.1879533724364,0.8799239164686481,65.63826499723871,CRITICAL
0.9873668710216243,45.408407738846634,41.4373644029031,1.3421354592306738,14.417545771564564,LOW
3.4140362398205806,64.73798200216982,31.75890469381704,0.5807481469078486,68.86560348224855,CRITICAL
3.4596241036890243,125.74286481861941,26.954308197724085,0.242982538454654,79.23761175883007,CRITICAL
1.3802164146409222,35.28801636404647,48.75763713855977,1.4290497513857858,14.896736114742113,LOW
1.0500481698691215,36.96516916450777,14.563623310931021,1.4999452823156962,23.645005664149227,LOW
5.1632854798045305,165.5022971287163,11.466916168399424,0.17929273114979602,100.0,CRITICAL
2.0723439004923594,53.3157683597547,56.910810333472526,0.9956495393393268,31.60131487225568,LOW
1.6982314256790045,21.091109098706543,48.3850106419657,1.3477483754503186,20.850628923989973,LOW
0.6338493268255159,19.409501098977813,37.2316930799834,1.447895501288441,8.354499926536757,LOW
3.468721499747029,67.89024634131624,28.40914073881095,0.8957992327372575,71.71388655395549,CRITICAL
1.9920197390594305,25.066904804005862,21.711750233889195,1.1196079927544558,28.442174005298188,LOW
4.588625357286274,194.31009165577083,0.9213219141411821,0.07380525536207225,100.0,CRITICAL
0.8022521414260195,20.92079685744881,11.629753513567929,1.1502906868028213,16.68551608101011,LOW
0.6791050548811198,32.177503059756035,22.09170710956299,1.3153986599330973,17.223849006696796,LOW
4.082352795507611,175.3105133546053,3.5821509057804812,0.1341210953796045,89.79703592286475,CRITICAL
3.011564088692702,105.54572070296267,32.82681316332894,0.26179780013352605,72.15773996436059,CRITICAL
1.2984792207990132,10.398036361980306,42.07081964678863,1.0334263767830494,23.594398676938994,LOW
0.2967263076532013,17.024910656742243,44.18734287740034,1.352890145826012,5.272691697594121,LOW
1.4606295145488897,38.344726808347474,49.90900392423842,1.1957780117629562,19.874924106496323,LOW
3.0916004990989494,92.27188410876708,35.4986308920007,0.527720129642158,73.03021368851425,CRITICAL
1.2339168044535633,25.307988884081443,10.412693972140854,1.0130520632835636,27.308769274221156,LOW
0.37350176679829206,47.6452443377555,14.852746683248634,1.3369908582124388,21.11014716651249,LOW
3.1638296672384496,95.03107775601006,27.21440600727871,0.40337947455151907,78.93368933793057,CRITICAL
3.0538380419669497,133.23139644863733,16.975192672202,0.34947106806895284,74.82159921312214,CRITICAL
0.9466908613917328,42.16877009100486,13.949613541318197,1.1378017991101494,26.77037584085106,LOW
3.1804205423261385,71.79474988899841,43.35584819225273,0.7536194104271879,62.71499421613354,WARNING
1.3448001378520407,27.78253942622174,48.83105624309553,1.4840897484872282,14.29612171551994,LOW
1.72007901168306,39.16539726965865,38.17443879272175,1.139805505542058,26.37879023156666,LOW
3.579420572262943,111.28059019670012,35.96266372324227,0.3576839055128456,78.68640996062175,CRITICAL
2.0608197074727177,53.0557581588192,42.259652299870964,0.746359667374803,43.78043946079625,WARNING
3.3111239747918164,141.88535717031783,22.103859097206712,0.47781069290426254,74.51240057882046,CRITICAL
2.126197681956538,48.26093770786839,26.248754431220057,0.7629657471804714,47.71382255453503,WARNING
3.0645004243764653,73.91390789615917,38.72719265079443,0.6166801850403033,68.73739419033538,CRITICAL
1.2917865488434968,10.523435353712408,19.82677313816971,1.2957042487507298,15.728301343004546,LOW
1.0377440314621396,36.422482018384244,19.383440976742698,1.1404024701632511,24.61932617831888,LOW
1.3736228110423383,34.80368163009112,13.14430295193095,1.373759747420493,31.36226204844651,LOW
2.3071209259354393,57.96781840582136,43.818340566840135,0.9600593645951185,39.96178272046509,LOW
1.7210497369534836,43.842707515017835,17.01240058895829,1.0310655925989434,41.39778102026229,WARNING
3.083872746254726,38.857187685268954,46.72847438229822,0.6394618723484644,47.54619154256084,WARNING
3.206680884992934,54.93218754448131,31.921707824962976,0.9419871493559246,56.033913254207086,WARNING
1.6144738194063528,41.37527031687423,20.141872406173725,1.0991475912601398,34.47733364678012,LOW
1.792581781287571,23.96023937422695,23.686262152401056,1.3216439685799366,25.156634362525228,LOW
2.529974181242622,37.16394639484403,42.09079053478689,0.8125895823376201,39.46403193222526,LOW
2.081613241723813,74.7261450103081,33.088632528268086,0.816110562171156,55.81921737941538,WARNING
3.810525784364687,124.63927002345059,31.108234842102558,0.5683620463859904,80.74147353818,CRITICAL
2.2209026362478177,53.508383988529985,32.03990590734666,0.7159853172499582,49.88425663453775,WARNING
2.2237266404026332,30.868798183062847,35.876976129309185,0.6610921572440286,38.91998525932478,LOW
2.4911881618987404,38.963941111835155,44.73913177027746,0.8287881257547516,38.56184212789037,LOW
0.5042454717821042,11.142210433461216,20.6264278986909,1.228585249645092,9.600591396344985,LOW
1.6126357038987027,49.73411294204612,38.66441499408917,1.3642995158007034,26.27541860938292,LOW
3.3381441284169098,80.78437751402299,39.60931815027098,0.39618723106840953,77.09022844363122,CRITICAL
1.1284187887724046,31.59662104250711,18.808640373770018,1.0588194669471467,25.087387033149515,LOW
2.1802148402771935,47.30443619297566,27.44333326563754,0.853458054141389,44.71061392226708,WARNING
1.9936210175604907,10.848365409861568,22.17364336815691,1.1393365763235002,30.102786218836414,LOW
0.5381319082011551,20.570513417258237,20.307084396693092,1.2528720253762153,12.01941762931716,LOW
2.2751327785545956,70.50224894672539,38.887807933622284,0.5766157589529914,52.6008984478065,WARNING
1.614239979910016,38.11972736892402,30.26111810159044,1.1530407548761663,31.05223803689928,LOW
3.5558678676787285,99.3714706341625,11.282197440804358,0.27018202236669625,79.22147892537939,CRITICAL
2.2406554502362366,54.07697765717255,47.95820061905542,0.6541124507015554,42.585399041678684,WARNING
1.804766409880096,37.68235561709775,24.423881326103007,1.402132266762771,32.23318037439941,LOW
3.1875259482622464,62.04779915204972,35.174824633579945,0.6742892578021346,61.864330022231655,WARNING
3.370335383998073,124.12603925558842,24.971917448002543,0.40773059680986157,76.88972196543088,CRITICAL
2.9400050805071274,42.51544941728567,22.969037256949512,0.9201170336826455,51.14173111936272,WARNING
3.2047773819306884,91.65774624698824,15.45515649244597,0.49194767043750676,70.88301842393118,CRITICAL
3.3933674106332683,89.52559330564497,27.5716599222502,0.28397398333159046,74.39786407840779,CRITICAL
2.270742398125869,42.16460384081403,30.22730504829523,0.9758097049560901,39.4256265621848,LOW
2.2005421888732304,34.642293906195334,53.71259414338047,0.9011371615223808,31.893314896034912,LOW
1.2451792963688204,47.285501073614064,16.776949607896423,1.257723403573057,32.929589521541025,LOW
0.9433137470908892,18.005398985236916,43.44744833260845,1.1273681388187564,10.887679646183162,LOW
3.7577974647322603,84.03028423105589,12.01262371504493,0.42047889805228167,77.9987304225459,CRITICAL
0.6236100190199999,41.70483752829621,15.145406875959978,1.487028456435076,19.879857655796105,LOW
1.4988087828226502,24.301676137039593,11.541533335877503,1.4388609837203221,19.902438916709777,LOW
3.618563622437044,136.45754719992834,13.633346160799054,0.30752811271466585,81.25699059542781,CRITICAL
2.01112033822094,49.009291143504775,20.31002403462306,0.6189028702362229,49.401866331610485,WARNING
0.7144468052995896,11.309368491406829,14.653428896351176,1.2754432806113665,8.538009739411843,LOW
2.2449993327727156,36.10289739038431,53.57814863773103,0.6696066742460998,40.94340600338325,WARNING
1.9004050444028633,26.964493117484373,10.13960423407617,1.468985969774918,30.160803978702205,LOW
2.6126900859433313,68.7184393591084,57.22825638657784,0.5432060260594341,46.00889000941998,WARNING
3.128671140900645,85.61940282747254,38.67494358166387,0.3957191125965096,73.56357020809095,CRITICAL
0.9821871319351889,34.986383755196414,44.77079315479979,1.001540699134654,14.165556631652468,LOW
0.2829140315456812,13.8839080623625,47.831096525596195,1.4680414672575262,4.7364267359710555,LOW
3.0584087380905673,88.36400551708599,19.51338769889002,0.5329969519586053,72.91508270028983,CRITICAL
1.0567920505314747,19.170617186152302,35.93549924694104,1.4439210770311321,13.650848708394143,LOW
1.6061663124852272,28.998389479692687,23.578760888788185,1.210024427105646,21.585308841476436,LOW
1.745622591312637,48.32276221352419,29.09656718941666,1.1106686040390696,33.59222166939191,LOW
0.1730229726312832,45.58817807154048,41.86937408180191,1.4145030288196896,8.705149211116847,LOW
1.5311852447115122,33.249010555199824,24.99101185653972,1.42137104406109,23.7169597560426,LOW
3.2804262452593655,54.654062391233296,27.26918040791972,0.8840248621346032,63.93470971277784,WARNING
3.3413522919304994,134.8088308569995,18.211681092472425,0.5770401093434727,74.88532645502698,CRITICAL
3.2198467558363126,74.61849491126736,56.04478131389722,0.5263454127767733,65.48152373492893,CRITICAL
1.6695156685556958,47.84206613520713,22.30687392495762,1.0043009092163577,36.260246565446174,LOW
2.071376998456759,40.63201180463301,55.758743447785584,0.577410204725717,33.492379928089136,LOW
2.541965623368614,63.13301074606931,22.953860132119676,0.6432789725430217,64.17488879622388,WARNING
2.067837939616534,70.0933286663063,22.180859558059304,0.9671832819959503,50.87449127326317,WARNING
1.027059674848404,12.891238750652363,32.46849545191066,1.2486143503642408,12.786702113323273,LOW
3.8026365988128625,124.31210142302936,27.166899479017914,0.47797857254793247,80.80893839773022,CRITICAL
1.8720240680013196,21.38693166018564,36.259610897720094,1.3033778405709524,25.994339792286812,LOW
1.5230015576800489,33.935642557566766,13.042413238185606,1.2070773404409876,31.953509956317674,LOW
3.315347388930586,113.75847183190132,24.6591570446098,0.447203946722345,69.41992762080059,CRITICAL
1.8472555362121674,10.326843696308558,14.884191705215084,1.3666722249580547,23.405399681637594,LOW
1.4740405960752625,43.29014442862251,20.184640673381207,1.0959721439315122,32.55650240560232,LOW
1.7506246514269665,40.8001765300973,10.073772676729664,1.437059571049049,35.37908135569381,LOW
1.3450046733390582,16.058990728673056,12.491032420438248,1.3798853487605889,22.737253065099424,LOW
0.22762653876490005,39.58472665147899,42.81404484675306,1.0207102715443501,7.0915320458295765,LOW
1.1589014204333041,34.20733691067669,33.12611764565195,1.3464703269510647,14.518398881729754,LOW
3.0486179441959984,59.62119110389025,35.47004120036726,0.8120396439749131,59.356652183506924,WARNING
2.877452712989505,40.25553303761854,40.23925432609728,0.9421784048803503,43.237315004100594,WARNING
2.2299187066406763,52.97323322522246,24.438052389899767,0.9086422248180098,49.66512925437737,WARNING
1.5570451420732783,42.58315566035611,45.69984389646163,1.3769150392438818,23.08378289942054,LOW
0.4362927636418461,15.225448192951205,17.28094084467086,1.4669759437014238,7.451797531666667,LOW
1.4751011453642449,17.385141732588988,49.01159080863095,1.1832922677378488,17.13614890389548,LOW
3.2182905247421094,138.17173151339404,29.711765633262434,0.28811206711876997,72.5835992540083,CRITICAL
1.5724858287340215,18.75852183264747,45.562673188913195,1.0648926386823696,26.491669183039935,LOW
2.4740447217443817,73.77617616102341,50.79221266994989,0.7551031708106404,52.92368143026854,WARNING
2.8495568404210605,77.33492886727126,55.85652947117157,0.617748642578035,56.284945861259374,WARNING
1.004692736634494,43.32371565801807,23.143416531014065,1.1552891560622731,25.038710603714623,LOW
3.0790343454011735,118.60648503004967,25.1271780954431,0.22293390408900415,74.31029608558696,CRITICAL
1.0083366184509261,34.355555416287174,37.65586738011907,1.2732350329603823,11.626766750981938,LOW
0.3465413905488075,19.899416592283103,26.77686708063414,1.4620572417011504,3.1969187606054645,LOW
3.057805028002842,78.27962972369716,27.636051867186975,0.508259805799981,67.99816433919048,CRITICAL
0.38441596371716047,31.93876209534025,45.95116221000934,1.3441134164862714,5.86903235266792,LOW
3.7362177155430163,149.53439224447806,36.1368322798292,0.36568487690472207,83.36234369132464,CRITICAL
2.7068422509799177,41.65361465495573,29.64117035025438,0.6986610722309068,50.689017410057,WARNING
2.612745123782034,42.13501599346509,27.836052188257625,0.8292035146894479,47.59575933522036,WARNING
3.398855926439164,118.54613324612978,31.20180283747117,0.22331823002223034,81.60299956001784,CRITICAL
2.080021586624137,41.89092491867025,47.19828857780005,0.6357080211779522,34.2283751693935,LOW
3.029504859199159,93.32429205054115,18.439389401516745,0.5701159339240354,70.00356578927602,CRITICAL
1.6628679734251979,44.13974287386994,25.998272954999987,1.4972309238721264,28.36786337409698,LOW
3.9740969687447887,140.65479760516158,33.28610920766824,0.5775375493858184,84.74672772636808,CRITICAL
1.4923083239700463,41.41413132209571,38.660976395343596,1.4249065326785808,18.1475019441716,LOW
1.1350594509434337,10.426696427810839,15.84212652024096,1.3220969628139108,11.454013802688863,LOW
0.7537561836545703,38.65658851774037,34.38866410653204,1.034785632087645,16.43240339816683,LOW
2.3939893445330442,63.587983920221006,24.93451378646202,0.998960638359584,54.943991303684975,WARNING
2.1289087869262073,31.340522877537776,34.50662870066715,0.901111966003572,32.41258521386152,LOW
1.438357460323303,36.21505105056954,20.62150707091069,1.038746017867445,29.293525982455908,LOW
1.3948824488857405,18.667249151665118,29.025230222505197,1.0252027721180166,22.622691353001184,LOW
4.895242253550984,299.86649719643015,7.7134975386813265,0.10435576678266582,100.0,CRITICAL
0.2484098297568993,48.21849552141903,13.406049634036087,1.385592466767662,22.637791453357114,LOW
2.092107716071302,30.085191402052807,57.42214554108517,0.871086702117772,31.73057811584364,LOW
1.3917398419880904,34.33204274468397,39.053687793933456,1.182896259250131,23.122272620069058,LOW
4.1340173108570655,161.9552425554321,18.3375169516123,0.19431193047571307,92.35683108503999,CRITICAL
0.14013086673469102,36.04414677679829,19.724477483660916,1.057667558305034,13.951398108514654,LOW
1.0046999741455722,11.99425725132961,45.32609547118191,1.279959008284681,15.044090014101656,LOW
3.6139246279834802,94.17462773373666,13.30865260439331,0.5439598788133546,75.32528534513526,CRITICAL
0.13815661828724565,35.71608432617008,16.11541319457252,1.4954849098822875,11.816768214933468,LOW
3.4705357007686963,135.19403711237047,29.396006571914533,0.2114578591878624,82.07280135686342,CRITICAL
3.860919578196687,146.73851734152555,31.94097803682447,0.36482436866464885,82.1619792063901,CRITICAL
0.5191583210188837,32.02544053389581,37.34980253151364,1.157028280508134,8.746124692226964,LOW
2.5118789891807753,64.8254986836998,59.53944881281004,0.8445084841914418,41.46636602438453,WARNING
2.8133624093803737,77.5531514861449,22.19086716816845,0.645577771647839,64.15818653202929,WARNING
1.5584821833508187,30.95172273936027,15.533768454120231,1.142796631730714,30.24287676642965,LOW
0.3979695849454211,29.88266103166632,22.40745508932263,1.282983411914274,10.625101813278492,LOW
1.4100308512537933,46.57162835470065,18.02057403075004,1.4105900351841991,30.648712575838054,LOW
1.6616312244874945,38.043832377529554,18.50848819336207,1.222611796591275,33.29558653491551,LOW
2.254781129977136,65.745641331478,47.59530965577426,0.9435633062558143,46.97791101621537,WARNING
2.41067489207286,67.93029256390014,46.499970450505245,0.9195728127304554,50.659633374973225,WARNING
2.957858345756094,38.04460754547995,56.765892928353196,0.6836060906915742,46.796751329687304,WARNING
1.7811955202493694,41.80234960514821,41.45184224452558,1.044705375365559,27.552069094497757,LOW
3.596400637162861,112.92490153910676,37.39514864239416,0.46641654099277613,78.5106909961514,CRITICAL
3.347826046597451,43.994705083745,51.769355425896606,0.8999064519173731,47.08430347156409,WARNING
0.13274304723615857,33.256387835938256,41.57915545163943,1.2772154121636485,5.212832729659361,LOW
2.042231638643788,34.429910145971306,49.00118470863499,0.8814216411881446,34.48463011518054,LOW
2.885247691176552,60.71829199225388,24.199652754157977,0.8339543021254651,67.16701991278924,CRITICAL
3.1445003726810583,45.928413185799066,34.94104980269808,0.6958031532622898,53.77707469073076,WARNING
2.6466689327045527,38.85373858500273,59.32163881668115,0.7466909319822739,42.635087995806934,WARNING
2.750334258363343,62.322860913866066,26.9069945793092,0.6839611926401894,60.457710299621034,WARNING
0.8357469870931359,32.512020887476766,27.70157628727653,1.2966074203678704,9.455077075365306,LOW
0.5800784367004267,18.028530075783994,38.29689174762842,1.4099834222061904,7.03951100690953,LOW
2.9656012204927373,45.39256769068848,48.43942236426045,0.8025417299945732,45.51434616404346,WARNING
3.2555107831375727,75.65337505211832,57.587031660391716,0.7848360667394891,56.96770059022947,WARNING
2.1327797936188446,54.395800542201115,55.91426816969138,0.7278485755190305,32.37644601938603,LOW
0.7326275631385121,22.757162112638085,13.646584390273414,1.441357345543293,11.853174728051298,LOW
2.935072862703687,60.32347040477034,35.860088988586355,0.91165765442575,56.34142543518055,WARNING
1.8322394976627756,36.6965226046502,24.731650206348522,1.207641201389715,29.848769086460138,LOW
2.211446153903215,74.17059401233047,20.19086793720711,0.9894734766519331,53.99540596137655,WARNING
0.9197149081818761,35.212547292565496,12.80909830372336,1.2216467644499618,22.67960566811566,LOW
1.0466628627376664,30.183061438765925,41.40926423369235,1.0617522642224488,16.10465076203006,LOW
3.8552695196720927,119.19950364969863,36.66321456913322,0.5221374390194847,79.5728694507628,CRITICAL
0.4232019328470772,22.046260039068237,19.084715137552575,1.3113593963293486,11.74306871655156,LOW
1.6045391780252336,27.345043341705253,28.898076814661316,1.4984809231056198,21.110933991692313,LOW
0.8488622078046505,37.05852831616349,45.216520807609655,1.0633905033420157,15.016827052549852,LOW
0.6447811535736833,37.10948587099749,19.842946049531662,1.192144873273643,19.582751749478064,LOW
3.590332552591377,86.6484086619891,19.890925943391128,0.45090606604695044,82.7438941417796,CRITICAL
2.720922680307062,79.34758431509692,56.58695502695601,0.5299537030343282,56.76834791371204,WARNING
0.6710326733885896,17.371614266800425,22.48066012201921,1.21241031646773,6.383385627217827,LOW
3.102760535441738,144.82247350149706,12.596368521983777,0.447686938641774,71.59893435707264,CRITICAL
1.670930728338362,12.458993081598795,48.100326230785015,1.02362860016645,24.852031378066933,LOW
3.4266690763150534,51.4021215647188,50.29240375271491,0.8635812772226193,48.19944222826887,WARNING
3.0363787641512294,31.903334153308894,37.66309603590054,0.8929303470300152,47.38853210626545,WARNING
3.8634460301723657,89.09976799397396,17.324233736982116,0.21183890928485216,85.1977833085185,CRITICAL
4.472276278833524,205.06400017233634,5.498528944568724,0.011938086853625195,98.38820481839792,CRITICAL
1.9369658248398738,37.93049488255271,38.27603159231525,1.2265879666456276,25.603628243719612,LOW
3.908284166917559,147.30850042586746,12.969706682392557,0.5518576034585911,80.38914762114976,CRITICAL
1.3827470761649103,33.916981609351666,14.36419499072144,1.3914113147572582,23.590944295325272,LOW
0.10422150232632874,26.58013067443325,30.653263029887647,1.0344373426041147,3.542696022986482,LOW
2.705802790351081,32.407446251284235,32.61681243963132,0.5627602910140633,47.70108356438367,WARNING
1.8239017679611322,49.821310902781754,47.770122739298856,1.492848562487405,23.41931669550863,LOW
3.423674575882954,113.12824725722103,17.952750069776165,0.31552161448812077,77.28456876521246,CRITICAL
5.7777057773403495,178.78034581724623,5.510493557298659,0.032594397918678006,100.0,CRITICAL
2.3057168411903373,76.73331686655787,41.06970854886467,0.5462257687502134,58.94972247228651,WARNING
1.2431284567354772,24.112927658668127,37.96817711007324,1.4410249902039773,15.324792419786878,LOW
2.38169522868187,52.747308249871665,31.718116285527085,0.9670116905448625,48.51071724490945,WARNING
3.1558263833035793,137.5834154835954,31.087440902672206,0.5900846882242419,74.39612793418794,CRITICAL
2.1041007450385334,32.33823748683839,24.88445771519143,0.6480955319262085,39.218298956785716,LOW
1.4838206705412103,38.63690939688497,48.85578319397488,1.155195412721198,21.359737874238466,LOW
1.3688986178451101,38.110218063423474,16.87716115436966,1.3758577517676287,28.4093637096462,LOW
3.496298425923168,75.59738903362378,47.38640926737166,0.8561818565483263,67.00832029690739,CRITICAL
1.677612163813208,20.12782713823162,32.55137184076851,1.2026862352189176,24.267554105729477,LOW
0.689475002787414,44.21708322629959,40.76544482687377,1.2617243762043509,13.964151202382656,LOW
3.4039585627276026,47.578120880542954,59.45019000870981,0.6523488067865925,49.003039751032865,WARNING
0.4636097359599065,27.048853674568726,35.9902379933299,1.2584126100120097,9.888339448833811,LOW
3.8389310276384796,130.83595217275615,38.57345374730028,0.4360818669751352,77.97750576350222,CRITICAL
0.6527663023430995,23.12890817960403,31.89304309213471,1.452444735693741,6.207004985141198,LOW
2.9887229531434425,79.37557703155737,21.252112774412318,0.7319386583851598,67.95801959387134,CRITICAL
5.9544115940561895,199.60897763964437,0.00033472515869492625,0.17602037548570024,100.0,CRITICAL
3.332702437111263,122.71409239807983,31.66138219544905,0.33816630579814466,78.22540174256841,CRITICAL
0.9929901763991706,43.408937124183,14.034030702489137,1.3157396926993958,28.305659935772617,LOW
3.6019907169345466,124.42037257539263,27.992800837445206,0.4888075099712668,81.94448183522867,CRITICAL
1.7991250146961832,11.69969291676213,35.62975840215929,1.307740466101554,22.36780597380758,LOW
3.8557344041799904,84.46989019862362,18.678040240920545,0.5557264972996214,79.31878392584547,CRITICAL
1.992334077259685,20.273607831492264,39.56453026683999,1.2085295867856969,26.303812268214415,LOW
2.5055846030546753,60.206411030023915,28.221241710758385,0.7242904860914003,55.20489335952675,WARNING
2.6191768449714865,39.89590156752969,38.4621409842695,0.8464502802695152,40.01039828710218,WARNING
0.3577340960941481,20.027318594737903,17.9810946519288,1.1068246253833183,8.341800409878159,LOW
0.6712895219888616,15.023442745070348,21.113399352731797,1.3442059136410283,7.495681489828859,LOW
1.0499458237743728,43.679309114891055,12.36066577054967,1.2711630136190746,28.33611939118866,LOW
2.888692485168266,73.88116017829256,54.65582320834253,0.5286537962642297,60.55069003531192,WARNING
5.609369592906104,176.4883965800729,5.584176754945989,0.22907815908712154,100.0,CRITICAL
1.1398746398420927,34.35919280702828,14.131660709029576,1.4279810167166271,22.742384609213687,LOW
2.9898561800382355,39.48612923649421,24.503393138651177,0.5103364732018751,59.45345711091322,WARNING
3.345713288944691,86.0081654507702,23.973999354939146,0.23025004533847007,78.15283993601176,CRITICAL
2.870214627991866,62.81557400043009,46.73069480716477,0.7164983437757588,51.694324449922945,WARNING
2.4571096343217738,52.065409557756894,35.73308194129122,0.6645550006093182,48.422264531405375,WARNING
2.805932279308842,46.80775220510284,59.03375452141783,0.7784806051532291,43.50761311065555,WARNING
3.5700853095216196,93.29410970801628,39.238676188057596,0.554134004179619,73.64424637796216,CRITICAL
1.6314388116158869,12.764744458050377,35.522415256541954,1.3200674617709176,20.45464426798535,LOW
1.4393335000258598,38.21625156781924,24.00123469765535,1.2416879563584957,26.583762833726936,LOW
2.6191544757294167,37.4799544582451,59.922665265363634,0.7657682601413037,43.914334189913426,WARNING
1.4561959193869545,34.83287066646008,19.316331211974237,1.4384627496987767,24.995826440562148,LOW
0.7045769861921117,43.05520513040968,36.251082971570526,1.3797497484387877,10.686022483695217,LOW
1.8905568294823698,23.78893690876,31.24179697822583,1.4668250559057794,22.13211008859126,LOW
2.3858193103061534,51.63655180676625,37.253975114653294,0.5180450094633693,51.86797171902142,WARNING
1.0116093761831875,36.63132696919451,30.6581165355071,1.4308414661876014,11.660087908514376,LOW
2.3040840867669194,49.674904279110976,47.446698870133105,0.7059043696374021,35.55757495321365,LOW
3.615300520940443,90.76374249449549,24.623330229680843,0.5059114982383064,79.77724667348214,CRITICAL
2.09242065891483,35.62563246190777,45.989947950843934,0.6192039792559694,36.92027696352069,LOW
3.1883263881409647,58.8465793903526,36.61954280025157,0.8231351555563595,60.19498521913456,WARNING
2.7716050474284337,43.940674750658616,51.90255146519,0.7552751516140086,42.13710643114486,WARNING
1.8453638484972539,40.708657459475674,33.392205907307265,1.2184127586414506,32.876255861162235,LOW
0.4718602912228811,20.932781892163142,21.72544397130907,1.3698692253193554,7.411908886052183,LOW
1.5774156832635897,30.935812534448495,25.382924175072073,1.1501980547968444,21.136023515869454,LOW
1.5041290503964644,35.03994025412602,39.91929505892733,1.356486844821561,18.922444949549206,LOW
3.2016899597067128,149.65860996313108,24.273113496146976,0.4872931752323482,74.22650896302197,CRITICAL
4.434631699273773,213.25933009185422,2.5546111845086394,0.05455064159476484,100.0,CRITICAL
2.00726401814492,74.49103256848252,45.32737933074607,0.720452526858165,46.7759350267079,WARNING
3.7123223250352604,103.54750992482288,12.128085383218615,0.33027313261640706,81.01986715686023,CRITICAL
1.5939192951392973,38.78394739025438,29.926425092917004,1.4429205515455044,22.713130730945107,LOW
2.101703524578019,48.63386804473555,42.86659208728721,0.6834017693685118,35.839097240267314,LOW
1.2554248637974363,24.7356245671834,14.240574236898729,1.0697222486710662,21.784470188894275,LOW
3.834185685123826,104.43224483042107,34.9296151598479,0.41327513213643796,82.48688491576533,CRITICAL
1.267002523628515,37.17804468865626,13.355663138806344,1.157226545211019,32.35231158735256,LOW
0.15717287478280603,22.625381339731256,43.02478185035695,1.199572602778913,2.653553646759142,LOW
0.9911523694085443,40.07155323239946,29.200995695142872,1.0456413762683912,20.25886646337289,LOW
2.044894197597838,44.18083042563818,44.28779764172674,0.6773253377658008,33.8180081939415,LOW
2.586832005285186,78.96287641888892,58.61425148233258,0.8999203572322956,47.71701301453046,WARNING
2.560840192449799,44.47103298720928,58.3518038088664,0.604942720877919,45.01274614112732,WARNING
3.012008244806833,45.17388209040321,38.333720699691185,0.5714715479621646,54.01604469332756,WARNING
0.8295403741171438,23.23244459528859,32.59806262476276,1.0916776473370922,14.665484103098535,LOW
2.9815480483648824,36.61765459286314,25.26882835461776,0.5177116949215755,53.68808619693434,WARNING
1.578379350585935,15.730227603581582,27.087337083892198,1.3723933377592636,21.725390070590553,LOW
2.8310002152386344,37.87317053580126,27.237309113389642,0.7912793969548706,47.160605072389615,WARNING
1.7656750885998962,35.7001629122362,27.99633876140267,1.2926543978298706,23.205614084875332,LOW
0.984606708740383,24.30528773657138,26.42699176843341,1.157488272004715,13.329965896078306,LOW
3.611248654523105,147.08080187367938,20.189405805868887,0.3606952015201748,78.58039367124849,CRITICAL
2.8668531164510456,56.394004019104926,43.02256166255701,0.7920676561382298,52.468839300954215,WARNING
5.895926036112867,213.28842745173444,0.7144521902382084,0.003322434665618179,100.0,CRITICAL
0.24230505790638154,24.934641958834742,12.114983955360117,1.312457018068559,11.457301073067994,LOW
1.6726852250737547,41.19835312773264,25.459488842055812,1.455296666262792,24.670729894358175,LOW
1.6464797399047688,31.83421737506552,23.18320273194962,1.0421804674588038,29.475676648876593,LOW
2.355643337594749,54.79264387277823,24.313466793009674,0.5494212458342964,55.592152422828335,WARNING
3.457856289262909,105.30970077657959,38.472154799327825,0.35960027144286794,75.4988914492528,CRITICAL
2.837615888413567,30.80970879984808,46.16249295829226,0.8941535515132268,40.793981430902164,WARNING
3.3048322074260565,43.8208180518338,27.6791761107497,0.8486390469099869,57.87488888824175,WARNING
0.6499677391944798,15.167456397763072,40.196405871980204,1.251746542786492,9.218212664316404,LOW
1.5257807074374077,40.01466036552654,30.920905882746027,1.1379248935276047,27.759133481117377,LOW
0.6072047085814054,21.398767815707124,35.27246654339531,1.3255821983309737,8.67110153336374,LOW
0.5105911355587702,47.12850738076678,40.25195270651244,1.4671348492658598,8.2857302765153,LOW
1.2961456958878017,24.07964249030617,27.016479623672744,1.2129398704720291,20.120090996526788,LOW
3.0688624191925937,93.51726330288169,28.238286130448266,0.5535032263547573,70.42875731598195,CRITICAL
0.7894739652450005,46.75333168690716,29.997763438923695,1.3633066395917421,19.72545476833248,LOW
0.14751324363822063,33.134407449128965,43.39924017745682,1.49513434844503,1.9064873443671262,LOW
3.2362460598067484,30.990534841380807,58.06577392777858,0.7656106229241157,51.95635989249285,WARNING
5.529036333161662,172.8476517922052,3.305196292792547,0.106093792803814,100.0,CRITICAL
2.6548692492301127,32.82102923536094,59.02526460603609,0.7125610671006748,39.276807667718224,LOW
3.0739542922611522,136.70454158016773,15.20213913133915,0.4717619771987848,72.68040508561113,CRITICAL
0.30702354383972086,44.58263265039501,23.263101185614687,1.1162668945302348,19.36760397754735,LOW
0.3776578110224007,21.87853412287876,25.411225362586123,1.1386276467455347,4.276666165552474,LOW
3.3776130153870647,35.04616083739263,52.932101737767645,0.9658856038509678,46.95676370774831,WARNING
3.4946295142560326,46.75214998324461,53.21239766339862,0.8368512523384445,54.47340681895149,WARNING
2.283460836195684,38.69398412047313,48.535953870633925,0.8559652311583668,33.64444890248633,LOW
2.7521235009166207,39.00192228444309,37.17144492017219,0.9356987605155505,42.62391058323708,WARNING
5.786356693379241,171.7845635352153,7.982728061874058,0.039581245427782304,100.0,CRITICAL
1.5751273670151809,16.23154839715038,45.21688129679613,1.2845287757702533,21.002699429614474,LOW
3.8738650845252174,128.18585276869572,16.028161604420305,0.2780086858642787,83.04339582343451,CRITICAL
3.1132353855172754,128.02496048759335,26.005205171102364,0.3685680384548342,74.55426936600938,CRITICAL
3.864983863881746,108.46328157005355,13.209436262119219,0.5991357732470562,80.02982036883672,CRITICAL
1.07960642762445,20.584767543935683,30.429714465996334,1.152466597051324,14.28300590724203,LOW
2.5649383460727027,79.29843279782136,23.574991115396816,0.5595632203475813,63.10645410871541,WARNING
3.1379744035306394,53.55482021452817,31.090584097605444,0.6549050245652261,58.69121120561519,WARNING
3.0650772075547974,108.50944768548203,32.42809434522977,0.20153018977869067,73.47852686496886,CRITICAL
3.7062932123793644,85.13617697838475,36.84989766983314,0.39492199705232717,82.4531576272863,CRITICAL
3.4087441185075016,96.63826395174539,17.722646330385302,0.5063766345534911,76.01312227014392,CRITICAL
3.07223067331365,81.05138096518097,34.68805184418222,0.3546410413016233,71.22163099092181,CRITICAL
1.945789369628215,49.083190981747876,23.260541062268175,1.4818450591445576,34.55994355014603,LOW
1.7235140810074379,18.480168366190384,43.05950353487964,1.1768651987785916,24.42666240986606,LOW
0.255731458510979,32.99570123926776,25.74902340943598,1.2418109564943414,11.655292425990051,LOW
2.9599004084458445,78.02996206765197,46.20213653757379,0.6697020700911154,62.56307212330327,WARNING
0.8152340584399489,43.684510877193354,44.39046411468789,1.31389623910017,6.536478820378736,LOW
2.6406497476002935,61.794945778442326,52.24213382925959,0.8689235289544901,44.01654378498006,WARNING
1.5970261712426213,32.35958312986408,42.86515962342649,1.0923720674529918,23.966287994492923,LOW
0.4076893338752394,28.102801811320766,30.931710224396063,1.4288505610263333,5.181893669244074,LOW
1.398902586184499,15.307635538266213,14.127655982485052,1.2300827349964738,17.81310140136828,LOW
1.6754133403906881,43.50216300171994,14.697146714939006,1.4061613899210228,34.97387265285292,LOW
1.505298461089709,12.385351295895841,21.107670785984,1.0477157673820114,28.485172089237025,LOW
2.9678450880643883,74.54275732402124,49.35487683985054,0.9805521994568833,54.17633005863479,WARNING
2.6869094589800238,58.29843618186722,42.88357357649569,0.8510505427345131,50.88896772223322,WARNING
1.5188157448753274,15.74974452933029,11.048292196800622,1.259452770980731,21.53121466031805,LOW
2.8018553125482075,32.62474506324906,48.46341140458704,0.6051448508921937,46.117122620682096,WARNING
2.466233194699838,53.89462657321084,55.67403517675468,0.9030897334262737,36.414108547820625,LOW
1.250942006293148,26.427665699553913,46.36309105721896,1.174796631781551,18.582797438457543,LOW
1.099401031792947,41.85602662528448,20.731962164032097,1.470910328581187,24.710879256212756,LOW
3.15798979361002,32.57103762421473,51.968499267320546,0.7619797149049712,48.89402534274799,WARNING
0.312058366562549,39.662501556340516,15.246546100165554,1.0961589064019965,18.228706235116704,LOW
0.707947716777232,29.96338766186709,30.136500835371443,1.1835980041659797,13.05155909129217,LOW
0.9119487698104888,42.90660987937943,11.184558699647278,1.4340150666615235,27.493932267835614,LOW
0.6592326325590935,34.61389491999538,40.75537675452417,1.2249682265518018,8.371957916812818,LOW
0.21182732105859098,46.959839225113754,43.87586785785035,1.1989963937712178,6.155602868082141,LOW
2.7750375748460905,53.03833611098757,22.260919890324587,0.9827109609044314,58.10304258883925,WARNING
3.7933880679864465,101.3441338357607,18.68770553271201,0.4292772386378597,82.89794640987134,CRITICAL
2.339588217774836,50.37343151112121,27.498970948545626,0.8494525388841672,44.98772390109317,WARNING
3.877534354551655,126.9062209344895,20.414570805230902,0.4644161507417018,82.83335689148304,CRITICAL
1.847625226366098,43.40866373077706,45.29740960991247,1.4515960105201473,23.873106609498713,LOW
1.7333141142639368,32.81398684986791,11.526358942161604,1.3179181782600589,29.31910657356828,LOW
4.110141716585948,291.88160860605996,3.1853412126927627,0.11309645379015965,90.22938558679515,CRITICAL
1.4889389854555464,18.62436834946818,49.44407372910157,1.3745059263820114,17.70669124083534,LOW
1.896657765908749,20.80264286207226,15.815346198034387,1.2426972298820942,28.232295836649854,LOW
3.4867906244306273,108.33840120437613,29.508173101413295,0.5747535995402204,73.44636409751311,CRITICAL
2.490934132588555,50.26039307289381,57.6745876199925,0.5778278206347032,40.674528826925645,WARNING
0.5884554969856854,31.966639294310085,39.45344906186577,1.4084939367089324,9.44069939660957,LOW
2.2355060921506076,42.271437950999754,46.86882113333684,0.987397009870304,33.402990167386065,LOW
0.5366348972250073,44.76517737182316,17.984478381715302,1.3487041370249309,24.809557654038393,LOW
1.551376660702922,15.149459296478863,31.348312314866988,1.1541495961385402,20.711277883373008,LOW
3.206175130345826,33.30456197812355,27.704182772298598,0.9463220547846978,48.1907042164879,WARNING
1.9903001133518863,46.92190731357304,10.080986839289746,1.2753673413289426,39.52515603568257,LOW
3.4305336062339604,110.57699810036794,21.38041470178868,0.2115313340621294,79.14937940832932,CRITICAL
2.3835276752099577,69.20592460334097,51.74994186817792,0.7764604084258797,49.70307156120841,WARNING
3.1158842307266417,135.06386652505194,26.757524269619935,0.2924052668145797,73.50168987115526,CRITICAL
3.787619349676136,125.1592698072628,12.709810233510321,0.5819322558973214,77.91381589186994,CRITICAL
1.2532999683556112,42.12407483221737,15.314233378350322,1.3260983711279366,27.610820127079442,LOW
0.5718318464770014,26.849180346797684,13.088809611658835,1.3774502720204946,15.195200641684417,LOW
1.692037544984893,36.50435456678245,26.66342302657133,1.433243271735246,23.853373125321585,LOW
0.8249805172510664,49.4693273893635,16.441095112027785,1.4154882429328994,24.314931733697872,LOW
2.023721195917789,77.244509646885,58.84365060899939,0.9624503509307717,36.96292739038018,LOW
1.266963938190839,25.15345523669799,38.326866034787315,1.3977877738882594,14.940088825947427,LOW
0.8693896257373209,48.30977504104239,19.99227205050552,1.1732237442972144,27.055288879221916,LOW
0.28968756329096246,10.057689999398288,33.0162193747484,1.1507633006643594,7.127603620162546,LOW
1.733894177537641,33.37638708266564,16.846734019672816,1.4326233114704883,27.298883221357684,LOW
3.1794578794594734,141.52900552183522,34.08919903743403,0.32391101633169334,73.24550570637618,CRITICAL
0.25688889674750226,14.381130710783099,45.63195340641912,1.2020179890187377,6.658663090095473,LOW
0.546739480955236,16.433669396723147,40.480858495948695,1.0003064469026364,11.155532679360117,LOW
0.2650552161647184,32.09498404018214,23.839693846453702,1.014175790388214,17.982516909171665,LOW
1.5544726044350117,24.84195063177133,39.973860565760575,1.2895078645043838,17.582776180842593,LOW
3.5469247909822714,92.99390353244942,34.67773582836059,0.5132141000699162,76.63549263972865,CRITICAL
3.4702697721848446,56.61360385578779,47.42954539785717,0.6736067218610213,63.73080551521841,WARNING
0.7370634747989674,11.544315743877656,21.389625816503795,1.086473196903601,8.905243833416645,LOW
2.753437471838043,53.15407941616205,29.265052468019658,0.9262400050723387,48.64845608229682,WARNING
1.9663623334606437,29.042999834059927,17.43947998382895,1.1771640278842415,34.27832785150917,LOW
1.3843302627479197,43.771059599567195,32.89358441895624,1.148450723612612,21.33977863811666,LOW
0.12951661966950123,39.27209331993147,35.13917473250895,1.238141703017687,6.596241162231244,LOW
3.4798514680203696,147.3983001733561,39.99916442103947,0.5202828505462351,75.77333583395713,CRITICAL
0.5391184281422311,20.145372816952904,49.471403152662106,1.1676702390341458,10.56278380545303,LOW
0.4323826648888581,29.69692342273533,48.07777983496972,1.4522468478753274,7.388831635566735,LOW
0.6466675150721976,33.55245262223901,29.097219690118592,1.0596814046882561,15.467382807353319,LOW
5.118851762053183,245.28919570158416,4.438125617179152,0.22258581792618937,100.0,CRITICAL
0.5192961575114687,10.235347506600334,25.428050350050754,1.425130599351046,4.468702199473222,LOW
3.1048668482380473,54.86379129833895,23.54185568456184,0.8704320965821546,63.89354016302933,WARNING
0.28562557478154604,29.12231795301528,12.984363111984525,1.3147218334908268,10.764872121033989,LOW
5.64890317349298,166.43804368495913,14.9702425467819,0.10592240628295031,100.0,CRITICAL
3.201192188528913,37.56890280302308,46.47367939351611,0.9313649802446543,45.79888271236474,WARNING
0.3090018247537843,10.168236851320556,23.07783769571313,1.149664293981224,7.2852903407731695,LOW
1.337123968395316,49.676254313584394,46.03705659378354,1.1264252998385276,19.91318364692514,LOW
1.026856770407315,12.191645374253476,49.93894738140115,1.1791548415323692,16.54449754809196,LOW
5.546241983801831,211.69364305361998,2.3662282543207924,0.0711579271034148,100.0,CRITICAL
4.264324368027409,173.3921018077404,0.8487895338029272,0.0781093576506566,95.24802724763046,CRITICAL
3.1982568567309078,118.35053249265482,23.3922159401806,0.33033049693605443,74.99379777681908,CRITICAL
1.4088166817280094,21.198727641541595,35.72733359177924,1.4786229341707755,20.534887223696796,LOW
2.627599339454492,67.37796606012625,52.369672672006004,0.6629202334989877,49.24508420867208,WARNING
3.2953775951753608,145.64317690171026,27.243608117919205,0.34132132557428607,79.54410537870066,CRITICAL
0.7608173652966617,15.849853434286212,12.739695875498768,1.1608893475691304,9.410450112999605,LOW
1.2001118673097093,15.79265919563763,18.44021114246464,1.0603742671406002,17.250253077760455,LOW
2.1427389386210303,42.81786245919564,38.06834870479972,0.5838544425859356,35.847416700499735,LOW
3.7949032126282893,149.4998208425872,25.867351988963424,0.43015883742302,80.16418143215114,CRITICAL
3.3995922146875186,118.89778791557346,21.37256487176421,0.41834428235923715,75.15669782570757,CRITICAL
1.4174037567195674,11.76528994226327,28.529573890094415,1.0007222329576606,23.680282663051862,LOW
2.693122501597435,75.77413033403363,48.810876111376615,0.5630030859394706,59.704289279855196,WARNING
2.891412672479434,57.953579539345085,35.923938656155094,0.7926007313344887,55.27163282052662,WARNING
2.1913065145345514,78.49153198240623,29.574594763558977,0.7238713407186874,56.310836641360524,WARNING
0.5745361573186968,49.42097015129423,27.125645706890978,1.2071481817969485,19.991633713182818,LOW
0.32069218022570645,25.723844392597805,23.456170364222455,1.2325622293812772,7.264168344117778,LOW
2.056455634627892,45.83962510500105,38.906304763707695,0.5371395753987782,41.1288516514077,WARNING
2.46548843160812,79.64050067961564,45.23878008742685,0.6220875980078586,58.97716488977046,WARNING
3.156733114711078,108.14941174869281,20.627060295876745,0.4578072364752291,71.42219970717203,CRITICAL
1.9113066898502717,39.142255275626255,48.202875155385804,1.1386846224766831,30.09499795157374,LOW
2.0320191491425454,79.91445817449426,57.1223989107514,0.5598760406363054,48.86709424819892,WARNING
2.4718346829791242,73.94470079621433,47.900785223526164,0.6117585783661965,57.141472380944926,WARNING
1.2405469543188443,16.235401450640378,22.671806821308284,1.356441923638877,16.597510617319926,LOW
0.7627413248168,17.759705481041827,33.79299504260965,1.4047693030095991,6.865134944587508,LOW
3.0713971046015334,113.02091612408404,17.83232008471739,0.5745272625280338,69.79180560375102,CRITICAL
2.84961347445188,63.38777203446781,41.30909051249962,0.573800472609705,57.91520023292102,WARNING
2.067802495965905,37.101739628162655,43.57481903727961,0.7297144515414746,38.2329231923679,LOW
0.5574457490137541,35.2663325022377,12.35868107716296,1.2171291721117865,16.926858727194304,LOW
3.0567695825688435,140.60479496728655,31.697889786633127,0.3785017515732787,72.8375883251219,CRITICAL
3.7022382964947167,145.17317447613306,24.177693382466984,0.38118924039815444,79.45871078330836,CRITICAL
3.667717051641851,123.2309974536558,37.793906094116906,0.5974548710433547,77.70135495597238,CRITICAL
1.5230942713195448,33.19780697953544,28.439887543611185,1.4888063008235728,20.417360263337837,LOW
1.3654775278939004,31.267764942376143,19.97473798970795,1.225190661572837,25.812849722677516,LOW
1.0507985570898506,38.80952303780482,11.465848952765159,1.382689854659326,25.941561466612182,LOW
3.1418651894416865,68.05144116704085,36.69821783371624,0.5331862554492173,66.31920143223992,CRITICAL
2.7664790110886273,46.652922833155074,29.394951310119616,0.5598791065552379,53.97109098298143,WARNING
1.2072039696880936,24.498742774162025,46.79591476955186,1.247934806541309,12.460854099609431,LOW
0.19151913986781782,33.96060328531535,34.11475744266874,1.2916448150153514,5.266780913478772,LOW
3.0594225569099307,102.26885025783893,19.56135831084114,0.46281802310744796,72.12930831019627,CRITICAL
1.5771979461788794,25.37722266622779,18.86430309249635,1.1454755341471392,24.675586370506046,LOW
0.1305799518637266,38.64352139050182,25.984093690845423,1.0113356659409145,13.097587060780702,LOW
1.8201994415192828,30.44977267869779,49.470080453854024,1.269979715939028,26.03478411418145,LOW
5.650594822038752,233.05579150136265,1.703052287178306,0.10931373299993818,100.0,CRITICAL
0.6914345875463584,20.351684026612983,25.542211865468737,1.4186382949949594,7.081366822589603,LOW
0.6626691295601248,24.42493899228369,19.77246999734554,1.4712906361115616,7.68151917186965,LOW
0.31681520387480955,28.706344401092835,17.37727607445435,1.10806532125066,12.73486832731331,LOW
3.1879197120968734,49.71424609578,47.55970157734181,0.6944771450853477,50.227370046187936,WARNING
0.8546193165294288,32.27949581926558,11.639772563075557,1.327242195341185,22.41597862646699,LOW
0.10017782833071746,12.930654760886494,46.964672151444326,1.3827778605206305,3.4048278715874187,LOW
3.5170137971659723,116.87039121947127,18.955167695175536,0.5371012207872654,75.64074173619801,CRITICAL
1.5029092153807473,11.04672553351735,44.397955940735514,1.2231239946570864,22.692808303045,LOW
1.3712479100360497,35.82997441242126,20.63896264225467,1.4716393022570484,22.956901314115647,LOW
2.831476945135435,54.289370408913044,57.80748214711302,0.6223762244887061,46.7650165678266,WARNING
1.8661398402171794,18.52153256844611,39.96621414168344,1.1019366546160576,26.589079828213443,LOW
3.2036841561893463,42.07358722072012,56.584194375571535,0.6104881645490673,49.59805845291534,WARNING
3.51271257966419,116.07955203091328,21.220168464459736,0.24140209256747622,78.47921126972973,CRITICAL
1.5042810517792535,24.082804418602347,26.26371441255946,1.4530493011610597,13.59660197813998,LOW
2.0342836542556872,70.60443788615189,59.597756974014374,0.969883870683911,37.179797499959356,LOW
1.343418161622183,37.82369883503458,21.262326441226822,1.1276648122042199,29.962162574130314,LOW
1.3181792411637168,21.722490771294957,32.22666088714135,1.4496187009270913,13.027383678646745,LOW
0.7434815771686986,20.350358269194917,43.74853308813009,1.3688192107084782,9.05753689831662,LOW
3.58925349821187,110.48200733133504,18.11703784257211,0.43324353376929986,75.86584015916247,CRITICAL
3.6399545883495157,138.6236840421073,28.61172242106868,0.32661471413268195,84.00514058740556,CRITICAL
2.3453817963254973,59.83046824993042,36.09465372077607,0.5749424344021851,48.73185379793861,WARNING
1.6652736344537313,29.943302257383312,23.854250890856818,1.2524821248514755,23.656739361804508,LOW
2.0274430898288744,57.337588028681054,39.16603133135872,0.9465350957575368,37.96062806838493,LOW
1.2800318068999126,11.837352282231395,45.38596389590453,1.033891170356477,20.285371071786862,LOW
0.10382959079041847,37.34977966531419,28.236803488906727,1.0514088471145504,10.873505454160622,LOW
0.43767080031172645,47.070251908904275,40.322671326881434,1.3619766983221362,10.43030419829981,LOW
1.0931332380547947,33.018097469789616,25.3008336033073,1.1608781251488236,16.897401313288643,LOW
2.296876318692555,41.93296773143439,43.47415226707204,0.9899692731429006,37.31401670941,LOW
4.497961967621372,165.35265454885658,11.806864758599936,0.12599478242208847,98.61545558315073,CRITICAL
2.969689802331229,36.32092224244921,47.086469186662704,0.7442598503277268,49.52124914021501,WARNING
3.1387068337048185,101.05229343814827,38.50739122046573,0.4212291517160085,73.30126899489561,CRITICAL
3.31782628436048,86.337363085841,34.067252946942965,0.5217875009849346,74.8661608789453,CRITICAL
2.869355304742748,75.74540853381421,27.059938680861237,0.8082689856853835,66.70002168040898,CRITICAL
3.4610965865689916,32.24243242349496,35.2540887530494,0.5793954007875805,54.583973581673774,WARNING
0.602355356959502,19.778873767488655,26.80110873848767,1.0700406039502965,13.421624369079968,LOW
3.2632659942399,70.23642966607666,35.585053457625364,0.8544805181489176,66.0594411348085,CRITICAL
2.3084721585488532,73.01311833098866,38.30989594089054,0.5081798697546922,60.77035429485842,WARNING
2.3186229512707346,54.113901367803265,36.00509800982029,0.9873430369219629,45.70081065169951,WARNING
3.7618996050872147,92.67515921001142,19.931200522636498,0.35188473422768807,81.12778283079545,CRITICAL
2.5367848159581596,58.08385727129575,20.359135370268277,0.6607165694987618,60.52469293135823,WARNING
2.7516223287905603,69.44436641728191,47.95841570069547,0.9274602875754885,53.103054625667035,WARNING
2.6848831794227728,36.507066525384154,39.72861419029809,0.7205434862280331,43.00669071281793,WARNING
2.620022960744822,45.94190374166665,23.588787298752834,0.5232505319626835,51.880381321023485,WARNING
3.067892655672602,32.00034067869015,39.848684388112616,0.9309859470909898,43.59846911419862,WARNING
1.0903602008064712,29.47167362866704,25.591716739336412,1.0550597619616862,18.75594818973078,LOW
2.41299845084257,77.40618908877053,52.40680666146516,0.8422703340993406,49.73039671444482,WARNING
2.0714483130175267,58.41946834932726,57.64227639686919,0.5195550916962545,37.369217728447786,LOW
2.1743009407557934,53.96250781121996,48.79797747150179,0.5822192674677338,40.296784401760895,WARNING
2.090306692924848,37.481224012849836,31.20441452728894,0.8980495337060437,34.86976580083058,LOW
1.711112186459778,35.97469750088428,16.314217455947254,1.2788583925753763,33.29202446096817,LOW
3.069514942051763,85.86048635537962,18.208232819877043,0.4609049302394626,72.33916891354603,CRITICAL
2.841507280441971,35.80338521851716,59.52879313248791,0.7450168147814125,43.70388455204691,WARNING
1.9915812513678999,44.55473053885344,28.254709361259252,1.209401492968136,34.29092287524346,LOW
3.1440941394108863,41.39553586133074,44.546218797547326,0.6275144017061056,51.93588879587181,WARNING
2.230714553724371,63.44529993436387,33.04046846607045,0.5180910287676342,55.3877038115039,WARNING
1.298967207910876,26.59288664005148,37.70853855504987,1.24647431109274,15.686048955277338,LOW
0.3770564417294435,23.643930096851207,35.395763117070125,1.3702367525987178,6.424436527755185,LOW
0.5214567526309686,31.2526896112006,21.56809207904299,1.3307977206182433,10.401545425231475,LOW
4.297784402674789,235.5766248464125,18.465983653463855,0.05295869299548371,93.45583473981654,CRITICAL
3.0037143915420517,63.209115971781856,41.68508193453381,0.8731304338988861,55.19985598684089,WARNING
1.9192756261460817,18.883848317174138,14.862478747669737,1.4705680214709658,25.676489924473078,LOW
1.6343055059847151,34.36094092039131,39.2763444404738,1.4890351399091961,19.8733637134276,LOW
1.0583257255552072,40.1340778583646,27.346254030867932,1.0273265414591042,23.947575839590098,LOW
0.36189722987492745,23.5956799009833,18.039237281791422,1.0119697332873872,11.093098555152677,LOW
1.7778481257435779,10.481491300108644,40.954012143763826,1.3767305529357918,19.206725199197443,LOW
3.475075568793943,92.12443603334148,22.870677774676786,0.27796689109770106,79.9055220822713,CRITICAL
1.0437067649192286,24.396035588081997,36.28177096290804,1.4679589020442192,8.439831046072152,LOW
2.795886397281627,51.44197198103706,52.5523275382601,0.9455180335957056,38.63030943532114,LOW
2.277654909133259,53.31429445009889,40.174826485925365,0.7161036785554298,43.652711899106855,WARNING
0.4980376955086834,46.1372260934426,45.41363803389872,1.379808214225295,3.5324961087303812,LOW
0.8036496249950577,38.658615095838584,34.324769400122754,1.300299161973379,13.451309542803708,LOW
3.0858164706704336,103.74199093495511,25.270428743412168,0.4744037979325948,69.61829586470294,CRITICAL
1.7583317672488041,11.621824816326058,44.3075866722897,1.0138258779326277,27.36027625852618,LOW
3.9822658292862254,88.10003798405727,25.79353348271895,0.23086233061587624,85.78670894676188,CRITICAL
0.4315383300220903,12.535530058363417,45.719192237133484,1.0631777590071798,12.953545325532975,LOW
1.9969813963479843,23.89471092783545,46.203774838535786,1.4741423661268724,26.530226089027575,LOW
3.752837587601723,97.76635037183881,13.619660554307739,0.4279539908616887,83.10759444986793,CRITICAL
2.4147024442601173,30.85076168448644,29.49263035803648,0.7835577921211332,38.192215711942495,LOW
1.3507179394615683,36.86785139089199,16.775756894395162,1.2981591170427154,26.41684857173232,LOW
4.216326360596999,210.993850305438,17.65841544506322,0.1158942052378828,97.60894861634154,CRITICAL
1.36972037283021,36.622541983183275,10.916078337550616,1.2278487130564768,33.677875166874124,LOW
2.9762924406705467,62.6883693253002,30.194874452305346,0.6232323822845924,61.325391511335745,WARNING
0.5597210750197186,37.312323112746675,34.11463900897836,1.108193503321025,12.21164762605483,LOW
0.504634617374006,31.594022525213816,23.536960658223798,1.4256109682972342,12.089521627782645,LOW
1.839060120825367,14.073059237534192,36.74372531979032,1.4428924261763445,20.48443520920885,LOW
1.9265350300224728,35.33847702013282,35.75907884120957,1.3357506272652944,23.709473414354164,LOW
0.9467346225163457,13.102880417668384,22.63435317487815,1.4107995121684387,9.922513718208974,LOW
3.215691602393424,90.76052924303875,22.828376709814783,0.3534905960630006,72.48600900615239,CRITICAL
4.912503058053302,279.14195146541306,17.759310384677793,0.04736151422832278,100.0,CRITICAL
1.7619393310930151,21.697321638534056,23.814626807632404,1.16199451825967,26.588910195456226,LOW
0.9255564258543856,27.131712832097588,26.350065028447318,1.4581488735782897,9.874006314695631,LOW
1.4708444454896001,33.63434425258045,48.06939214964742,1.3472175535954416,18.200253054765376,LOW
0.32922401539187596,30.83039101257907,36.610509445693694,1.082818368984268,10.882220714724774,LOW
2.996286621322711,69.46655272549623,24.163308362149237,0.6019157279055972,69.1522071900008,CRITICAL
0.37545809631083793,46.52729370678106,18.885797116692522,1.3310486081729316,21.895937897666517,LOW
2.729195521170218,50.99604208904208,56.67594786473139,0.5047571804385727,49.048431119500954,WARNING
1.035773684455032,23.220403272167722,26.329208524130124,1.4989242597794705,11.335137077198052,LOW
0.5551648360117359,40.71961873289784,42.3030437702845,1.2749492229870938,9.166812896994387,LOW
3.9673252567953257,112.97144749019171,16.680000033421965,0.4068452428205255,87.1720768659868,CRITICAL
1.2180723333621148,22.580280238764615,44.168384363469684,1.357376785353022,16.651552810765427,LOW
3.1996823945919552,82.42022939798973,35.515770544296245,0.354701680166572,72.2098488293126,CRITICAL
3.0909598137691168,56.752908575812604,56.147991307539236,0.5777848121678189,50.585504502091474,WARNING
0.41006187283460127,45.03607705786186,47.289571054045524,1.1999979408214239,5.911650629792803,LOW
3.6824419246266453,141.6415138257684,13.525504884513492,0.39041117114562796,78.62683906222212,CRITICAL
3.3456361411291926,49.100960695649434,32.523602908411114,0.9564828545929229,56.749428059047546,WARNING
0.3775071863925431,25.798004447255124,38.90398959933933,1.183434222277127,6.738375400582555,LOW
1.5856014460220578,49.54861644109607,41.17409495721119,1.423171644079541,25.558917854928378,LOW
3.6830081508617987,133.28436196633717,16.480298010911806,0.5650598451739239,80.35538229043158,CRITICAL
0.40602792873432914,41.991487657098446,24.255720705318964,1.0920595714808106,18.73528583609673,LOW
3.448530413398826,123.82406996098058,34.29199303687852,0.34270756418322773,76.438510462229,CRITICAL
2.525648638686431,62.13576773860346,28.70430880556992,0.98891982713521,53.89039740945398,WARNING
1.241591886150561,27.132279196436443,22.26662350439708,1.1250188191414678,19.025991137568134,LOW
1.5874707007586486,18.887997483745842,40.941047855036615,1.2425193045771723,21.724947351220788,LOW
1.437153338881522,42.9304697771396,23.226125902338993,1.2782976064053564,30.399251252129005,LOW
0.25211726366911386,25.980363109477437,40.05728076459545,1.2293401394441386,2.6815206291234874,LOW
0.7046350090520643,34.487367796474985,12.5426391809878,1.4036940867236571,16.865105364590917,LOW
1.3035449837486146,27.99530092208963,40.93974187515228,1.4130699934105282,16.458047353090077,LOW
0.3355966955862808,47.21184405885004,16.575562817653715,1.1140659662913666,21.726705262310706,LOW
0.993554589805766,46.784292900975615,20.562229548489775,1.2709260653746448,22.603531753886397,LOW
2.8383393517532163,47.96833004420003,54.02253186264167,0.5265860538747626,45.59779787798251,WARNING
1.982484393936802,39.907316482047165,42.15715613720394,1.3013505375693986,29.45333778905876,LOW
1.5397614197741096,31.62972188575398,48.26927562152369,1.3187376288538248,17.311233878441804,LOW
1.0073452184582887,12.312889968772843,39.81718237167485,1.2509157607841588,14.059529859587137,LOW
3.9528319968261196,95.46791695518371,31.857087871569764,0.5781528548809824,81.47606150648261,CRITICAL
2.3212405158997567,70.89062319411312,55.19672989306847,0.851617693193257,42.29178083769825,WARNING
2.7242007872036718,63.439136220663606,24.46798661849464,0.5679567755240319,63.69005961937657,WARNING
0.5916445464948625,34.773545243706835,24.70162117448752,1.341985393073942,11.727674320251682,LOW
3.78715984028657,123.87465615079927,37.26786564244412,0.30634749984767984,84.21293639968219,CRITICAL
0.26299526276114304,28.24727284628431,30.256029183908836,1.3080334618300309,2.6104862065680505,LOW
3.0031044262028455,46.291348719152595,21.83133060653331,0.5912218119217588,60.385959917972215,WARNING
3.485247340005465,46.32302025497911,52.07985147861574,0.9335482457993786,51.75134285495633,WARNING
2.352715264847972,78.73341537038138,29.732196564638677,0.9412391137987519,55.40228431111624,WARNING
1.3820583882375932,26.45166435544776,48.880726926057804,1.0923863155696272,24.035303700891866,LOW
4.607726153262681,209.5306576567166,9.235839746447192,0.07581014738885283,98.84933560941455,CRITICAL
3.091995605752303,129.33529521944118,26.017869098726063,0.296770782394285,76.50790431637566,CRITICAL
0.33160575333845665,11.632078485260791,41.11185176454228,1.1652165729170203,7.722712381843742,LOW
3.6171471810005222,110.5398723817714,26.93394760452138,0.38285305796505303,79.59752186205506,CRITICAL
1.2344672744010714,34.91924184601276,40.61320291172139,1.4666420707755043,15.364524441459245,LOW
0.768945552553881,29.63084062989997,46.00795607645188,1.4899911909182602,4.4015870408522595,LOW
0.1601998005289395,16.42404717086334,25.883038187481088,1.1823523161115321,5.792080680586013,LOW
0.5375881964639765,39.95822857789561,21.781987992455644,1.3532718157313717,18.790124797884232,LOW
0.39944737270219854,37.18689068164018,46.596609672354205,1.0714933524164356,8.675305473883116,LOW
1.875810692961465,14.693077754632778,20.01467679062731,1.4647470837100403,21.005690166862518,LOW
5.136097026397475,160.83723939415398,14.061337545356292,0.16118320734699057,100.0,CRITICAL
3.4911563664881973,37.625714164977076,46.27183601151569,0.7293705486148458,55.33934861082189,WARNING
3.284742662185295,73.9434617593252,42.472778121969526,0.6627862830338587,65.1700675484824,CRITICAL
2.5388826900542942,43.86780420148057,42.06301511108667,0.8289670870815347,41.44779737148873,WARNING
0.8074492016038808,36.70571292894215,34.014345100144276,1.0009316926686818,16.288457517559376,LOW
0.5821475196904112,43.59659546584063,44.64994923539716,1.1419465705155791,10.361213622318786,LOW
0.5511271826416703,19.385796091896612,29.193545956038935,1.1598206903687822,9.73119677941217,LOW
2.516201936511262,70.73384649826352,58.0316991113495,0.7019592266775123,46.6291055714086,WARNING
2.778361863416766,42.14378390138192,50.69036210570627,0.5657403646898645,44.687401127093345,WARNING
1.3844895861260822,17.88937546755467,37.15050863514357,1.488470675148075,14.626845385152304,LOW
2.633482345148727,79.58347066166985,58.57602806962331,0.5635560263854524,55.40136197696664,WARNING
3.193418338038459,102.36160511989245,20.6022393919283,0.3147288180487286,74.18720585676354,CRITICAL
3.9943768165049574,138.8533076478932,20.38428779302877,0.4845009573651449,85.2340543763319,CRITICAL
3.1797766758251127,37.654869732312086,45.525383705836155,0.8868333866708673,46.89435793479985,WARNING
0.6885507039449542,22.391580546898837,17.045144267597053,1.406475701512604,9.830213319719729,LOW
3.0823273595717504,90.84292382308091,16.853589996155595,0.4035949935416676,70.39186384653054,CRITICAL
5.797546861703483,292.43742734186276,2.1232775516541613,0.14641091485625757,100.0,CRITICAL
1.240675546488016,19.309564506474565,40.825239334758834,1.3220013003248339,18.071314278417002,LOW
2.404777610518527,61.035274840004405,58.282505287912244,0.8005796816721029,39.9736464568286,LOW
3.4021260218894964,55.76375501538725,59.8542984685917,0.5798310217665377,51.35840169256157,WARNING
0.4240904280533594,18.901150861032242,18.43200198529054,1.160015669512004,9.385841225962,LOW
1.6377501324525308,18.82702389168854,26.662759805735003,1.0080285691150122,25.64133626028063,LOW
0.3689085178181619,14.315780859772644,34.22410899202862,1.4140966274543147,5.409900664822795,LOW
3.2887316505602264,102.47185988834175,13.026299705842739,0.5097639157072047,73.41094403153195,CRITICAL
3.752215730324937,83.69165274023503,10.24463783378289,0.5149631703521631,76.26223362985085,CRITICAL
3.080501614044051,37.84076609133068,54.88191399882481,0.886662489507231,45.29304025874523,WARNING
0.3882897358554611,47.203540317879884,17.073168142313627,1.0596586168557525,26.34483598084486,LOW
1.5656252808442153,45.581169399315236,42.436538259856974,1.2816192764356424,21.607253326686507,LOW
0.34243029793743296,11.337318974153137,22.66513304277733,1.0874267665569646,11.03635855513987,LOW
0.3799279995021667,15.51710946009103,45.07915936415398,1.4606473506632045,4.413903894150887,LOW
3.2536771328639436,62.94610295603322,33.20972418810116,0.5781934992167621,67.43398475352427,CRITICAL
1.696786697669429,37.84388953147365,28.231830541046065,1.0147025385902264,32.38548305346468,LOW
2.653298741723675,45.68397003899538,44.277273223080954,0.9831926926858445,37.774595857942906,LOW
3.030497938084282,113.6667675808412,19.884078941408433,0.4042418649359204,69.14336026295963,CRITICAL
2.7126020751289497,79.60030274491231,21.005095429742447,0.5948595880932293,65.79696713119947,CRITICAL
3.0427696197883383,59.10941122084725,58.87840114762515,0.7076575043599667,49.56331154570172,WARNING
2.5305914923784005,65.94689929169294,44.7868247275011,0.6532050251432957,51.94195610071023,WARNING
0.851664315301784,12.864802626407744,47.70467609950556,1.0915100200983325,15.03861330038617,LOW
3.1052531893998085,48.75375117521155,54.933158116397024,0.7719995308740222,45.53007068208482,WARNING
1.639734275644768,19.74244996895351,44.407417737420765,1.2694146972824638,21.49877175770456,LOW
3.6878767419723903,123.28299687616699,22.662025584490223,0.5825259999862896,78.2018688846541,CRITICAL
1.0472316096503942,41.2599243434125,21.393697184508245,1.145747656406896,24.385418793926277,LOW
3.6251750083098484,117.73586364822897,16.873281465396445,0.5145472677377635,78.80136179375849,CRITICAL
3.4829418678765176,107.24182824000462,17.384855125718197,0.5016936068356699,74.03745728805305,CRITICAL
3.323307970037689,32.9623631374123,50.89682552096165,0.9264009667138262,49.74856899767221,WARNING
4.475202997874733,205.65048078213792,19.32382184401758,0.02820466508807533,100.0,CRITICAL
2.496188922269435,76.29590443358957,30.80245043836291,0.8248477587922012,65.61874153411614,CRITICAL
0.6066795597121517,17.55415182889708,48.26248497030636,1.280645730797893,11.660617743005123,LOW
1.4561521088138796,16.605605502892814,39.619243403058235,1.0706643358136887,22.78685516348811,LOW
3.6810162607270125,107.01232021966942,20.765033317077503,0.2595788254223678,79.10793367418495,CRITICAL
5.171688103037397,172.43767550865192,13.35127995243614,0.2974827051667654,100.0,CRITICAL
2.686068641834292,44.663506080932734,23.684936593150717,0.6141231494949437,57.94877269457883,WARNING
3.7937122503726703,88.78256409606924,33.2037965503914,0.4326418184583222,82.14293419969978,CRITICAL
1.1882518250969532,10.3230131508995,12.709209718841073,1.2629246395364906,16.02652864921711,LOW
1.82408283928203,47.987337092178144,49.191364522740784,1.4494689979414093,19.100664658062268,LOW
5.412294251478723,294.0813419851577,12.835849309136542,0.24276426206571605,100.0,CRITICAL
3.5400482415327628,93.07737994712164,25.806656821750046,0.4827763976237953,75.83591463794922,CRITICAL
2.785553014897976,40.868401210932504,57.0675515431499,0.8868087082266786,43.61082776321453,WARNING
0.6936195548699233,44.52306509388577,44.92940827268485,1.1992407014094897,9.746175744309795,LOW
0.45447468065998453,46.371853128982345,45.94997348220231,1.2266723740467238,6.224546717738054,LOW
3.3247333109755166,115.81061818180767,31.930331517786936,0.28379241664376753,75.04623101853872,CRITICAL
0.7803175968807409,36.168935573895595,42.699626045853115,1.2733528816654998,10.507755497082782,LOW
0.2677646223667211,33.584670794057914,48.24848447191692,1.4188059166670297,1.5978269575868924,LOW
3.0905839487980007,74.85639285678488,50.11340336571111,0.8134386726503857,57.82898453042576,WARNING
1.8570900486761979,33.3240106150061,17.380167195805342,1.324511654240422,31.20487061316436,LOW
1.8696221683076362,16.437596402480104,38.4804699402705,1.3408012324034009,23.79755398448904,LOW
3.0247139375314305,88.60243777568928,20.378157185395914,0.44773095886289516,71.64222732320238,CRITICAL
0.48512286995851883,33.56814959565738,32.66796237365451,1.2622237392604243,5.399572208928662,LOW
2.476861986303331,55.29280133872129,33.64527084235932,0.9401970132688464,49.173079307463006,WARNING
4.322364130655798,153.53684258348952,4.38645013964085,0.17698559492928403,94.97119235999591,CRITICAL
1.2600122073568463,28.224713664914354,46.13311686475814,1.017567668531139,18.967130764718686,LOW
2.9782582000113003,62.475751549288,36.559575721528205,0.5078376142379488,64.37627868466616,WARNING
0.9390732580635404,16.50379415788217,34.43751145718433,1.3928024381795183,11.863597489344432,LOW
2.4770901057288284,36.98663514161919,51.77072584201849,0.6619584292463461,40.97012080157388,WARNING
1.6982913968805362,15.730208175631141,27.392033962370014,1.1265651018055058,23.554041419745293,LOW
2.822796364036132,69.5493859624298,38.34450300894609,0.5024042157721977,66.62317261480493,CRITICAL
3.0205241821450883,126.17251774781766,18.651309219353102,0.3116993021409726,70.0863186009527,CRITICAL
1.6631855109532037,24.91790929785978,12.68466153041703,1.0484255789415815,32.595466265697304,LOW
3.837882621257848,100.07822677922829,18.13943238128607,0.4240273519351312,81.8943304718666,CRITICAL
1.0672153077706588,12.128168074307979,48.86360765050112,1.0290844039200615,18.25110149991183,LOW
0.30305286264479914,16.144815254836885,12.476809728656363,1.1256593701291722,7.911955937909644,LOW
1.0473819663418114,27.548900688191004,28.948536605953805,1.3080197521044514,12.186448866392865,LOW
3.6339413395689513,84.24643057543598,38.83154949702461,0.47722740090736354,78.00937213772691,CRITICAL
1.9413554201851613,24.616293729985323,49.38040319459081,1.0516378146966443,29.4275187652272,LOW
0.1355103183146478,41.67931328899601,16.71121326959281,1.4593949962938035,12.430812325092907,LOW
1.7599394731686238,26.710543363461138,31.2092001988856,1.1582570808382064,22.106112635287843,LOW
0.2539898927291314,12.306773913113869,22.238974128091556,1.3682366726246278,6.539050383092448,LOW
0.6685321552650435,46.20685674088496,35.56629983245283,1.4598611947109883,12.712571947627609,LOW
3.0698960939297284,73.96056353808649,44.68018222645028,0.7126999268906608,64.29737059279242,WARNING
1.5994976812002693,15.131739698832206,39.05463444796972,1.263962472891013,24.136058674203177,LOW
3.411709427675931,43.234844141889994,57.88520640846793,0.980474022993896,46.048740695009116,WARNING
3.881437174942349,128.46992596020203,11.17291659793854,0.4300314178821568,85.43466964734456,CRITICAL
2.4212043328213726,37.73640375756793,50.036213147116015,0.6168841805897537,41.376905958513206,WARNING
1.3234978535312305,41.562738561181135,33.293283714449444,1.4424915769395357,17.850438287426087,LOW
3.2440522769274454,56.967590083911674,20.415262932101847,0.8384715646034706,65.42388156204552,CRITICAL
3.276543627895974,83.79387602175872,25.538559343226446,0.21686208814038138,76.87984562239713,CRITICAL
0.8387626585851288,14.468235589810314,14.56623615954733,1.4135308701628129,9.439986898883097,LOW
1.409035872479927,42.57928197397406,15.228894165425558,1.0976853672567364,31.71300401607933,LOW
1.6884051457314908,15.519326855371594,34.78610087618824,1.4711988611404,21.69211626833943,LOW
0.2140128534710463,32.18969490470549,48.40303184377317,1.1102368211833944,5.966599423044833,LOW
0.18423171203815192,25.563759909789727,32.21951099768124,1.4875024133421306,1.431715841570679,LOW
3.822065410775349,95.9701027200538,12.617041065065353,0.4412298816416974,85.94693978197927,CRITICAL
1.038381299100319,16.014229623982736,26.88458374847353,1.031081316322408,22.154999517746923,LOW
3.0131800863059177,145.7526197611731,35.88675468186817,0.5010432290277211,72.12743013288616,CRITICAL
1.211072459466402,25.75687634778687,27.433084533883733,1.4562620426926132,14.19546647416382,LOW
2.1398930672694862,76.86080869222144,27.40844682251582,0.946318408236032,54.87870177924416,WARNING
2.690786581782594,43.72098593725936,31.40010919804119,0.8655839306430688,48.835603494518224,WARNING
2.8773260509537204,62.63044189621988,50.99144941723556,0.8741704573227668,48.63531979422718,WARNING
1.1226534582258758,12.456643294863152,40.49856189970028,1.053263666881362,15.987406261024436,LOW
1.5872088599199905,12.062399316748337,36.408042742239665,1.4622391358971931,21.303789062673832,LOW
2.333369483279227,59.04819590062816,32.362268641207564,0.6247476896126527,54.42846382701812,WARNING
1.2123181690751506,41.781277062152206,45.03556256753782,1.2142929730709298,19.585205274368796,LOW
2.379979005008595,44.864544210551834,41.335732766038014,0.7221928439199718,38.528266344574945,LOW
2.756727486481619,35.579955286129135,26.638127791524184,0.9509544219103199,47.0160320162493,WARNING
2.753384231697141,78.47901770234097,24.793291836738135,0.755081391289075,65.57670585636176,CRITICAL
2.033739377571259,50.599621240216926,51.31208501554565,0.7355493776214662,34.6414758639712,LOW
3.20672020278854,64.47501197200666,49.975226401054044,0.8476552699106239,57.106836446145095,WARNING
2.8497994483931492,39.49423913184006,53.09756933516228,0.6560686568859494,42.64401321798258,WARNING
3.4627534282759034,70.09701173237036,44.76381927550268,0.7837532668710505,65.51403295019487,CRITICAL
0.48944572035084044,23.92040207376982,26.255762966852025,1.4722845374205051,8.946612171813063,LOW
3.518426407811343,97.60148459048241,21.430183197942327,0.35021568018111315,75.72258222078541,CRITICAL
2.444181095690039,66.51442888801972,55.56970847546903,0.6680365058568559,46.52119796154932,WARNING
1.1145737175746981,35.36662527358443,26.30971776243646,1.4623472258950374,14.694705863897424,LOW
0.6840112217560549,45.4270088439555,15.452068937032388,1.062104464392795,27.899348330508186,LOW
1.2780285013823642,28.117231933562586,35.61647857658934,1.1419684517663753,16.133297281061942,LOW
3.2705807127253457,124.62952798800023,38.352755518828744,0.36032371533651303,75.93429192330498,CRITICAL
0.33373151336842233,47.17227437100003,29.584761765237644,1.1982544981388115,17.14484745053492,LOW
2.1598389821466037,45.4601909687242,45.515044283926684,0.5500614731785776,38.188467896047364,LOW
2.280502558690686,31.65423172277459,58.33467571067025,0.5137463289412785,37.97197177948793,LOW
0.7143470807735794,18.89812675102273,32.943454483928434,1.44710443842054,10.94382632245673,LOW
3.1893996536062073,114.18176202854042,29.262099987961882,0.33275329516813784,74.53513195025698,CRITICAL
3.0579724628327374,51.05471420757098,23.518150136978456,0.5057843917412899,63.06835434784251,WARNING
2.501488674903471,63.30491378958484,33.85515949201833,0.8979692084140091,52.33507457654682,WARNING
3.83751414926274,113.91314947858973,12.518548326094615,0.3486844423173718,84.21697164964094,CRITICAL
2.9612693493446622,69.10017905010369,42.72809868841355,0.799242304591381,58.50501673593205,WARNING
0.21184655436642363,38.855435164361424,43.94738789417704,1.206000091662552,2.3143332710209057,LOW
0.49689047990626467,40.39547232419844,29.676471511003804,1.2735782766055395,14.2916090504757,LOW
1.28255694535736,18.10623248031158,25.335785774594886,1.206357850047921,14.662883127269069,LOW
3.4278501507046224,122.84941205357829,28.41812637081319,0.44279386976854607,75.89316255725595,CRITICAL
3.233938622397183,70.63089068735945,36.68578290419436,0.8179230240653108,67.72770098692048,CRITICAL
3.003824633971391,37.88366560397507,38.13217777075356,0.7003954724922468,47.28038305389482,WARNING
2.206736145158402,56.95955036654022,56.45406010195407,0.946229944826199,32.9990864823573,LOW
3.805300508659372,139.57989234686323,37.97061382974962,0.5748005062456323,81.76518815327132,CRITICAL
0.342606652376617,37.63499774285261,32.52855826548569,1.163713252815966,9.63147664612017,LOW
0.7731901099833441,17.753864937286433,38.742242029503096,1.474010918954096,8.428076254697856,LOW
2.982176550691346,30.32977867097916,40.491078868985205,0.9085506600875797,41.927671811980424,WARNING
3.964376724215182,99.52949932501893,16.2128302649742,0.33541076186107033,86.39372094452825,CRITICAL
1.7595220788650636,47.171979221299246,35.33212158532521,1.3821674064267229,25.41503952965718,LOW
3.2544802563126694,70.49537051178835,23.24230105666698,0.7313004802715586,73.32925221799681,CRITICAL
1.5288166169817428,30.055037581831332,23.988044342776785,1.3531748802966008,18.679268851310226,LOW
3.1130478481530517,81.26613948198406,14.31733097944118,0.2654573013989377,74.2635545559982,CRITICAL
2.937298250955556,52.43055670293995,28.166849811159032,0.5660954493969625,66.06259874635899,CRITICAL
0.5188358999478508,13.22370907389709,11.049779479689308,1.05286821541809,11.55813505691226,LOW
2.516027975230834,31.370945770095112,40.32661087417378,0.7680336334443126,38.06865404703487,LOW
3.0336223823549284,49.73645691357941,35.23261426992272,0.5779675574729716,56.30739059555056,WARNING
2.8993608565096496,34.289672275647284,35.12253833747654,0.9517804712842513,38.7451387188812,LOW
2.3044585665260873,56.190169910358975,46.78091014254582,0.9274392079875389,38.66815056848959,LOW
2.5766146957528466,68.39000866741554,55.93599712283367,0.7388818123299699,45.51058985614933,WARNING
2.583775077669693,32.441058317709164,45.43846719962447,0.8356105117150041,36.95496517541325,LOW
3.398866080661132,86.0249753345374,26.59186833083658,0.24839895303100265,79.93840006397342,CRITICAL
2.6015415000668574,32.55657962386979,30.109746308318424,0.5971705956689728,39.695628041066875,LOW
5.4790109080509195,217.7324997394789,1.2673479291502865,0.03475515674348116,100.0,CRITICAL
1.5663229897110702,28.756419407272546,43.29695127741027,1.1130785767124811,21.64316033847385,LOW
2.177182557299192,34.48753420673849,25.33599401447006,0.9044506502801536,36.20337241972131,LOW
1.5510034185372679,21.42697557655549,46.85054849252383,1.4573013956751286,18.847159502029413,LOW
2.947961403728172,62.660917669391495,30.338738310203027,0.6826606943619935,59.004751238165376,WARNING
3.343800087833513,125.09050872206265,14.972210003697178,0.42350219585962345,76.86361569300256,CRITICAL
0.4132880024887743,34.77036587745824,35.54564800061503,1.4916768905668933,4.628310825876794,LOW
3.828280818688456,118.41223949081251,25.340472332224216,0.5767876742863507,84.15109150558838,CRITICAL
3.0706687537542603,34.333952107360155,48.732224849970365,0.6323409211033416,47.56176749170976,WARNING
0.4745236721986511,10.382039818651009,23.974365582775068,1.0742071798412929,13.753491827115699,LOW
1.684267667066921,14.590174536108789,13.670144085445859,1.451051109982781,20.703050704623084,LOW
1.4759292615344402,26.178162772019107,48.71146749284671,1.3472083061303255,17.31397964829788,LOW
0.7279533722669957,32.54424744544117,15.674945528014295,1.001260150037648,22.457641383229173,LOW
2.1393550635413185,63.25782619528066,44.684966290187035,0.9699484910056313,39.888051112932004,LOW
3.9432418637389652,147.62753362097362,23.22425607938866,0.3951642725112043,84.10628440743878,CRITICAL
1.375718825440576,10.997301386601182,19.42511025142199,1.1040358490956574,16.650264992299405,LOW
3.1449017517078492,142.3542815548166,13.730746641044913,0.46027919451218496,70.12737987207744,CRITICAL
4.452085715585849,180.38401019016638,11.786694981959272,0.2222257191085719,93.79495675439513,CRITICAL
5.402827548474922,234.28065993756144,8.182634355161753,0.17853384269179992,100.0,CRITICAL
2.306635685996606,54.497741169767956,30.394780505196493,0.6564005118648755,51.67657220265581,WARNING
2.0967276721067005,30.60174076621137,25.224800381905744,0.5843534890372488,40.726269663465004,WARNING
0.992878654304117,35.773366514221735,39.16435073651391,1.001754174776718,15.232711918019726,LOW
3.9884348472741085,88.52652025668952,29.53241750970711,0.2009655017603906,87.10819611931808,CRITICAL
3.6525009014377376,111.20746523806288,23.157954208071786,0.38642142974125065,80.10454144175294,CRITICAL
1.7676575834884773,32.71476524799189,29.357998541034114,1.2325383015785518,25.737850326278544,LOW
0.9302433228922036,21.534888416580934,49.47474630920651,1.2076978531565903,13.708041168395736,LOW
0.8813028027793282,22.85401122423741,33.983305883129916,1.1130390876145149,12.142470670445636,LOW
3.270069684014385,82.20451374332323,33.42200449608563,0.5475670280355851,70.34641051115506,CRITICAL
0.6413617384372944,40.88559520473664,10.35593626727962,1.4620141145539474,22.45407851634684,LOW
0.16240527722309556,49.99295000787449,40.48294892154736,1.169354937904079,12.982029231365914,LOW
1.3146542840754651,49.47616023006782,38.282908345306694,1.0418572042849026,24.094307771103708,LOW
3.3304144709525807,131.33635705384697,12.540710740273198,0.2513658783181758,77.26271119225301,CRITICAL
3.265219922543254,40.072497816563946,36.73348983988254,0.8097085173515634,52.12214005686116,WARNING
1.1313567238347595,45.3842672590628,44.720948840959366,1.2925078038754807,17.276725974067098,LOW
4.210247444768711,221.78930360874793,15.502472787054808,0.042311435434247764,93.51490839690433,CRITICAL
0.5050691721682917,21.520698562663775,33.103556002923895,1.2146771445254774,9.246063931568077,LOW
1.6373658866012917,12.489572284962387,43.38610978001087,1.1374693623239562,18.539076682469364,LOW
3.1939849927102633,79.46598967373475,32.24236582615606,0.7769022061817669,68.72474032196824,CRITICAL
1.9979635026949294,42.35654521997796,25.883354343207714,1.2384395278038232,36.65014691619262,LOW
3.96498682362292,119.6080227772458,30.120490067123185,0.3784235326677837,82.86245208465043,CRITICAL
2.523123545360196,66.88445582603197,20.908014630175096,0.5142284248459918,64.13569897170427,WARNING
3.0897924485055452,71.19671456090839,34.466970578543176,0.5540568287797042,69.18103493426685,CRITICAL
3.9385705650024403,110.92883889004554,16.515089709838414,0.5569417531079957,79.0998887648342,CRITICAL
0.7706382244678041,20.782170732918143,42.134249116800284,1.2501372366963024,11.443778486406533,LOW
0.6948824636399269,11.594598383521255,11.975683047235023,1.358953783179442,8.703166960527174,LOW
3.368453505727201,104.20265589074941,36.191448273609154,0.545940158659869,72.28208732232501,CRITICAL
3.571913960131759,146.66129915012823,34.56891843452132,0.3662537707809475,77.61174160401187,CRITICAL
2.394723625331403,44.17736132556844,25.028729317116994,0.6790996117869632,49.72164405805631,WARNING
1.24067343825504,22.19477345077238,41.689929372403654,1.260479980801859,13.665149010909316,LOW
3.6242744505659372,140.364412461441,14.798547368148835,0.3522653067723994,81.98827625418605,CRITICAL
0.5095018907183457,25.7819001793948,45.783276306374965,1.278520334535952,10.407176483146365,LOW
0.8031752013610689,34.033267863735134,33.32949215448808,1.303778941221247,9.378042290054827,LOW
0.7404503906876096,47.26261808458507,48.959021251467895,1.1560191756659473,9.46392531169366,LOW
1.6054359239503313,30.047149200256627,43.98359839366159,1.3143701228295286,21.955765734160067,LOW
2.0508200422217375,67.48351796209548,59.11466111801988,0.7365142801266924,36.96428702253031,LOW
0.31059004481559527,18.662626822376254,31.93864260360804,1.278894600932204,2.806183190049713,LOW
2.875725435511394,54.76184915417072,52.08394618408436,0.9669498486869362,42.19226045063513,WARNING
0.15020251267855428,45.33275494846706,19.588250409852964,1.2746483148741474,16.593331825055113,LOW
1.15118894456224,11.559738116074577,40.75226782356234,1.4777107313219573,10.146635022880758,LOW
1.277949954475714,17.55849847967232,42.1323198905151,1.0992674066752053,17.317796979476395,LOW
1.0960761088125917,14.60598844663647,37.929549015482564,1.0837349979342525,16.580023772306006,LOW
2.2798777479540675,37.33440387652314,45.25169866080848,0.6277303076708426,41.36028531042509,WARNING
1.0109533924802734,19.18534422323759,41.81695242238814,1.4697122044544528,12.163431163790873,LOW
3.166047228720126,92.13673620760393,24.32215184411151,0.41034287169278144,73.14032872165029,CRITICAL
0.6945498616933726,27.254691592061825,37.619171255968034,1.0421968165059405,13.853168738694857,LOW
2.2875152845192384,34.374059438857095,39.61521635958156,0.9782030445894936,34.51591456304803,LOW
3.562733639012993,90.0086996392315,31.415103463347865,0.5251992954430258,77.48677730384817,CRITICAL
2.928773065351519,77.16262523292724,45.12508344693137,0.6287959246968537,64.61424016062892,WARNING
3.3196168592023323,58.350101429800844,40.1079531203883,0.8666846247512574,57.58011655919357,WARNING
2.611324145129127,77.04491400153685,58.83211953674166,0.7243694090622751,51.25944130307928,WARNING
4.621641029911992,252.39666321779669,1.5010942221883528,0.04349680455463416,97.70406996935077,CRITICAL
1.7522865293748464,18.439736904836717,21.794809252063857,1.392721467126384,22.30142520497298,LOW
3.092927340015504,136.2640610946607,29.35204920795473,0.29230861778561956,75.6381651354792,CRITICAL
1.0542770090816385,40.331643314026635,17.6617650723125,1.231383011195585,27.475300175707016,LOW
0.6829863556776978,18.717796036061365,30.202845068994236,1.0706076674103762,9.627515855548019,LOW
3.0495046597030155,34.74652648328114,58.13935551511673,0.8723414590400445,44.170848309173756,WARNING
2.716552242177027,38.89612103827195,58.48063907947175,0.503929188351204,46.31524393274023,WARNING
3.380697279354776,116.30510932775655,32.27018175740158,0.21902661732900894,82.71878702922871,CRITICAL
0.5021782227920646,15.856983341169148,10.257738733355716,1.3114949110531053,6.911316565402392,LOW
3.844395612839392,123.73902476535923,18.19447115925804,0.5634070379623737,79.48724380742274,CRITICAL
0.18292835692300266,41.86473138909457,32.54636241737835,1.1232339085592626,13.786145056962287,LOW
3.282126015968631,81.79112158763645,25.301164600805585,0.5424314392521574,74.64805647887307,CRITICAL
0.900138398925223,20.25682940339555,10.534506056956388,1.4492620482216734,15.288360176001962,LOW
0.6275956269226639,47.64115546021474,36.2879794696257,1.343461330960738,13.01389304990054,LOW
2.5114000040339963,58.18322403478866,30.808933761875426,0.9172707577384345,48.723800341950565,WARNING
3.580840000483852,114.65213522801892,11.034627592959014,0.563920802064245,78.00135323921035,CRITICAL
5.125197255675608,216.37700304218362,7.191301320093806,0.0804143947608107,100.0,CRITICAL
3.1759587380578207,132.18592836404622,19.206633171059543,0.2904284310714713,75.5472445826622,CRITICAL
3.147687471739258,66.33683344701574,29.350254035888298,0.6652511751348005,69.05150504410297,CRITICAL
2.4033576144978364,69.60021538372177,34.33671181729751,0.700695260079655,58.31056553939032,WARNING
0.33064146937455974,26.815742519831925,10.677580076894744,1.2279551197136298,14.58250505211248,LOW
0.42373710253364094,14.673140883052188,28.09272421802202,1.2903652644461034,6.2238427671040135,LOW
3.9978034217941785,134.19895459910293,16.640213558989608,0.499191227504499,78.68853293386626,CRITICAL
3.7020925869196617,127.71851514807705,10.352678941828007,0.5460285965519132,82.22829302400031,CRITICAL
2.448412816895664,44.60567062533043,22.139138402076,0.5254282118643385,51.47967308245795,WARNING
3.8424044280249525,104.42196120225286,21.402056554373065,0.33091062434191226,84.58080536980302,CRITICAL
0.1597172995354141,28.085326333595894,47.721604579659775,1.4586246604095676,3.1173689697567926,LOW
3.515068517731564,92.61120931144421,30.525110433676954,0.5682584140713981,78.28489057693767,CRITICAL
0.5777436991950684,20.617527650850857,13.961581544650436,1.1127471106992748,15.456933062061701,LOW
3.946006224262617,88.44002437056375,10.8414538485777,0.243953265764442,85.70461997228077,CRITICAL
3.1574886385355505,120.08456946007675,16.827471095822858,0.2082541699667198,76.46654160446907,CRITICAL
0.5353644903236109,25.09026003294743,36.28966240544693,1.2346861964798332,7.933495345644549,LOW
3.4341821907396635,93.93916441382302,26.084285182270243,0.3803558460379468,76.64139127357194,CRITICAL
1.837528980326462,25.43758605748672,40.80826493794841,1.4947636706064453,23.465054536488598,LOW
2.7198207025533283,64.99353912406076,27.757239231625633,0.7441198693993251,59.836163103785566,WARNING
2.8635591281872204,68.06017998712699,54.918804969654445,0.6101879930104446,52.27873440070071,WARNING
2.5510777411293937,61.44028008967124,54.009601103832445,0.6280925576429095,45.056338358681394,WARNING
3.045861948411658,68.48159179516207,31.517725184128324,0.852178147044548,69.33067706589439,CRITICAL
2.6850206840686353,48.91718451840752,33.26400123181723,0.5048371806514149,54.23115887368418,WARNING
1.0343937315702805,46.313750878735874,40.39127176188257,1.0009101429771805,20.805124061930687,LOW
0.12027337859334379,21.226441879226993,27.4304976490754,1.4464496463251395,0.0,LOW
1.6530400283342506,21.98622396454853,34.60139101874666,1.1311234419439251,26.429044695619876,LOW
0.14685115676792035,44.09101277966768,11.933953260487197,1.112180249919216,24.96594944454606,LOW
2.120676563428165,32.17327429423952,51.95959546517395,0.8560832669520632,30.53007006107731,LOW
3.6765382651835163,132.5708589249657,21.371151491414345,0.43607372815798795,78.8961649713352,CRITICAL
1.5069305601117364,31.305462870607418,37.26629811704686,1.146434597937907,22.373157217985817,LOW
0.1553769815333147,47.7112470612139,47.78160175980166,1.1056411699773097,5.387314065331653,LOW
1.6150298665817826,39.97721997101742,13.24056578743496,1.3486608040510464,31.27497500000062,LOW
2.1982491595622897,66.97677152464912,23.441822606968103,0.5885753329006851,56.62910811239875,WARNING
3.2159594095222643,145.1765295331569,30.909919626373075,0.42383225640325284,77.22354289722254,CRITICAL
2.9671714721377374,74.35546375052411,53.16610640297689,0.5989152525203894,57.53176061516882,WARNING
0.6984288378001664,40.86183366509202,43.6131039205446,1.0044366449937117,11.262916516553755,LOW
0.3779835056769021,44.903082429351585,28.77112204529415,1.4914510380839905,11.815296989297712,LOW
4.298088460520838,236.1350180427292,6.885599839061696,0.11635744200610657,92.23879678245551,CRITICAL
3.5879025691922832,133.11434725721637,30.19703192485723,0.41160627622798773,76.50010387343285,CRITICAL
0.5397454398952938,23.61031998390174,15.193984636722107,1.112382664806226,14.67815052973955,LOW
1.0949862469196596,15.052727646941882,39.71074519691818,1.1663248890720412,17.24313338860811,LOW
1.97910149608415,35.80973369466942,12.134637417466237,1.1570011159630835,40.14894713488114,WARNING
3.5962336043728977,100.10556570714405,38.214837531955425,0.5149010281631288,78.80353659350526,CRITICAL
2.430107529798294,59.19430377628039,53.69144671047853,0.5904240533614175,44.58180315797836,WARNING
0.4020548703846718,17.77021098650083,14.129232624528708,1.418814509982083,6.215307467682029,LOW
2.9404633388149244,43.80971328061807,29.09473734773278,0.6252929276377107,55.53508914984758,WARNING
2.4789755995106764,43.89796388087367,20.899243994745955,0.9541182468882607,48.13838139242133,WARNING
3.293532211775422,127.22935302282036,19.15451133036173,0.3258289702075793,79.50084840754215,CRITICAL
3.787021953455831,100.58752014601441,12.441685469997815,0.3430336558364794,81.84526151013785,CRITICAL
3.334644889870857,38.96135778025236,54.48817297144815,0.5256819412284455,54.59074769737995,WARNING
3.186558380563809,52.238305882966614,28.14914779254054,0.9623647494517529,58.44741579115653,WARNING
0.9760086714139868,31.462602251155833,31.389944890660352,1.101811831878216,14.369147811900225,LOW
2.028722436788219,31.059204710642835,39.1394936511324,0.7709514401351379,34.21759285419583,LOW
2.5238308321589673,62.58873182725583,58.31748866187077,0.7454013472125678,39.085887770045645,LOW
2.3713948453594846,68.09752967537406,45.95623818007977,0.8198488899641518,47.90863974732747,WARNING
0.25782816832087285,39.044799070768484,43.75469141198447,1.2029167518159016,7.288822618391779,LOW
1.3514385261274022,13.023618431573478,21.75367584545255,1.1831063992675919,13.650136294825707,LOW
1.1274969603403318,47.03474763547079,11.083515611885195,1.3401532862023362,35.97825227865018,LOW
3.3866404320674937,62.26724702035409,44.993708499241734,0.8849028300491201,59.92007830217004,WARNING
2.6577087599824605,33.97435836847304,31.705154320513653,0.6399908569950847,41.63222823934404,WARNING
3.380984202815652,41.53936114384243,22.984957555653036,0.9999784771843852,59.065612586554955,WARNING
1.6214592781230006,42.53294983952401,16.059557039624366,1.0807020900470479,37.79254502526414,LOW
0.5118961505079055,49.01639632226376,24.51775334545738,1.3806532058836034,18.041940370812355,LOW
2.161700211343591,49.8481025740968,58.69242640379599,0.5842653269568019,40.145350691882065,WARNING
1.6019908687948619,36.61693019641841,35.260744062975945,1.4266287296712112,15.72896304547544,LOW
0.8937214267044723,35.76120564687544,46.76054526357569,1.3102652432480357,13.005259727366752,LOW
3.121571506674565,94.73648172661939,39.10878592643704,0.5549602761025776,72.10552458987789,CRITICAL
0.9903371665847871,44.435125963691604,39.42850440532132,1.1192212808600477,14.806590111567195,LOW
0.6504498736560957,41.22651113362977,29.60353684547325,1.475362153512193,11.586410413286558,LOW
2.7591190208208904,42.68550630903525,34.5332697127156,0.9860630583716681,45.541092528354774,WARNING
1.4672511142602598,29.083411806510885,24.86229095384477,1.3982100091296792,19.824451120427383,LOW
1.5888077094254314,14.589334429954746,41.911931451462934,1.3089432085974368,16.785215188584637,LOW
0.7544639080382403,17.315966203728056,20.10293601192551,1.3586344344912482,12.410781822701415,LOW
2.2179466244658887,54.9535323899846,50.25879383370531,0.6488377523621622,37.954657202292935,LOW
2.2985489818125626,36.78494789583755,34.40904522495827,0.6946017968498351,38.750327307083495,LOW
1.3045990468752513,28.77013039464189,23.265728022612645,1.401109404305493,21.29019581329102,LOW
1.83510345355813,23.362459612684443,28.437657793705107,1.4646164977800957,21.491977776903212,LOW
2.4655443075097923,55.424412492036,49.71876166536646,0.7480864569593251,42.48003284777848,WARNING
1.106962985358399,10.965186662405749,23.936374294397652,1.2390152614617158,15.095601270545707,LOW
1.8712133715259796,36.01198691004568,22.6787114049963,1.4829698475655206,32.9556218204423,LOW
3.143490088678164,125.88003665745944,26.802083562596458,0.27712356915447767,75.60047303122097,CRITICAL
1.686179719080795,13.909569412250967,46.5612309280845,1.4202762745341448,17.192898704168275,LOW
2.3938508764027455,65.74789280210595,37.55079118474529,0.8168789486145831,53.57358452720003,WARNING
1.413773518722242,43.14524961533258,35.85712460655597,1.0959958910646561,23.546580885647742,LOW
1.0783200595552258,23.177962770889728,10.196656868287931,1.0203390562222738,23.590411345794514,LOW
3.442736445896331,133.0730646855057,13.765137882058212,0.5706029680308153,75.17303065492439,CRITICAL
0.18006060538615679,12.183431208520936,14.136326438539303,1.2434158219429556,3.848016865313121,LOW
3.161091462152785,75.41386649258786,25.97407680591072,0.5677672545171715,73.07931921504144,CRITICAL
0.7826901572028347,29.57650656767919,28.464374200624675,1.1285243656998973,10.29919417389787,LOW
0.30050711932492613,33.68925340364302,36.21121500913165,1.378975110230796,6.9078451653932085,LOW
3.7660044556570162,96.5020566305048,17.069654783931092,0.5660348782247587,80.6076614593897,CRITICAL
2.400802986880672,72.37051712035228,25.71538712320504,0.6750088046489517,60.98772972514796,WARNING
1.164251069245266,28.5377422398231,28.39232532399482,1.2767862156397958,12.208984630982336,LOW
3.1859500682576036,53.94979394222947,45.97932746858029,0.767681640911518,51.86615516814014,WARNING
0.9038608569718586,10.394099980869491,36.47517112659032,1.2540807349423007,12.557136150832624,LOW
3.340490764777618,148.76581363630766,38.781397202265026,0.5141239369825954,72.21901060141973,CRITICAL
3.4105453601998423,108.17787667079631,38.631920748009776,0.34647849982145684,75.8518994709599,CRITICAL
1.6461936444978211,29.54693962693169,32.70564819079137,1.0769746773250533,27.241147152171862,LOW
0.3391264702502309,30.581711969377245,41.026280469090175,1.366142621940737,6.509846509417999,LOW
0.31669494315791136,43.97217130416733,19.776782447035878,1.3540579223200475,16.30383442875401,LOW
0.2778420683763908,34.371548348891324,17.29663819511618,1.014106843156381,13.744617018960504,LOW
3.818828991103304,123.00961848464391,18.791012390393576,0.3846506605049802,81.65808207845785,CRITICAL
2.1039628297329527,46.62485441640625,52.894788036366876,0.7030142711235089,33.770951189227084,LOW
2.150698234905863,73.07626272513785,24.264041795587524,0.9454463815848384,53.215482061726824,WARNING
1.2866083903711867,43.86202206553831,10.409656839622663,1.1328465807031523,35.009915604061284,LOW
2.2100180842302537,63.918580070563145,22.926439821041733,0.8586625698823336,56.25209481624701,WARNING
0.9851105463112061,16.65040723868223,35.11396070936842,1.1687838143904867,17.3745811709507,LOW
1.7188168977872629,39.57145622304883,33.1092001255265,1.0641665335412243,26.240687183674677,LOW
2.027149058134289,70.2197900766972,32.151907872243676,0.5586057752651732,53.81914752218346,WARNING
4.280235341325087,260.0290817852162,13.134792537046938,0.246443031715673,93.83507471331087,CRITICAL
0.8634873707904751,34.98268073771159,25.928230278608865,1.0206754463511059,21.196076007020693,LOW
0.6753761656722269,22.829033533094734,39.64114494847186,1.3645804394897714,11.239173740449601,LOW
3.762180428236109,133.05609414742457,17.55319702166295,0.24064502183950554,82.92122897170387,CRITICAL
5.750178534900014,230.01924028817808,7.043671302043228,0.1580529107842287,100.0,CRITICAL
3.1344949678409217,33.683299932495885,52.19416379579269,0.8207485408525778,47.376504289686196,WARNING
2.2826772383082123,37.762026443727734,20.57124658389315,0.9557753167256293,42.61423052376358,WARNING
0.795421700781655,18.2308654908596,39.64132408829445,1.3535923287407672,10.832335154972405,LOW
2.6106660732078266,61.81793500544341,24.60822339867012,0.8422564246010924,61.276661322823436,WARNING
1.737305814812066,30.22731223308221,31.21427618142562,1.292428801102618,22.356115171660342,LOW
0.6478335678685142,15.121574028703652,17.613701643041324,1.0002639218429161,16.205530183007397,LOW
3.7649583948988816,95.30777001732694,10.07170271786516,0.3968465219448156,84.38559648073941,CRITICAL
1.741814334295141,13.833529162610114,24.63432345010192,1.4669704493343654,19.435839384517692,LOW
0.8424999056131567,20.388130402661236,31.274428897723126,1.139383400139314,12.602084703894525,LOW
5.4700726332483836,203.34134049429287,1.8738564239759015,0.20011392491451863,100.0,CRITICAL
2.1836886993326914,57.48681758981289,59.48351936215281,0.6631210512495684,38.107736027425496,LOW
1.873702256412944,41.17948241093957,25.633616357316793,1.0417738101760758,34.95107339092942,LOW
0.8140792732317835,38.214143379073775,29.501168538756083,1.369325946405295,15.804647108610219,LOW
5.45676886870694,287.1920173772163,4.843211286400568,0.21409188803316034,100.0,CRITICAL
3.3864441452582796,55.52265088121867,31.185655161166068,0.6924194801892709,63.39289209220771,WARNING
1.7958807870566453,17.67477371445024,21.514800484964624,1.4264940640257693,20.226430776681514,LOW
1.928585463780457,20.75681105854165,27.685736867943113,1.0478049695963705,27.64139351670772,LOW
5.858302571359848,215.3507162996279,13.632740594028135,0.2977375283076141,100.0,CRITICAL
0.3147868092027576,44.71116139275987,29.05940473769987,1.4934847275296343,10.128384614823057,LOW
1.464318045725025,11.041201128123186,26.537948574497147,1.077780100225788,21.918380983212835,LOW
3.4360187731670617,61.22924522776465,47.795108255435565,0.6982814502128047,63.00358878006345,WARNING
3.285367470530443,63.14429721415499,59.19235207696184,0.9141441962622499,54.74973924767448,WARNING
1.0642032569337252,46.129443147750806,47.757394749248554,1.190102969216199,13.734078379785197,LOW
1.7807614793525948,47.27812490849231,30.190021250632263,1.0091537154100718,38.65523553628603,LOW
3.4769603662307906,85.2519850279098,15.681744486144847,0.2608477360921714,77.26583886639986,CRITICAL
1.8435327698481028,48.261242360632124,15.543034910678891,1.1151179266549374,44.8465045096109,WARNING
2.225761774247711,37.92958464518059,33.4630416694956,0.9745851664340026,37.75052757210941,LOW
1.107293793495543,35.378106400239524,39.25146549978356,1.0484230862552757,19.377908333979924,LOW
1.92959206347509,23.405690618423158,20.738968432328114,1.2109556560621617,26.53850812878351,LOW
1.3163036154064331,18.92730228210931,35.906687867793416,1.050040447451735,19.68277977085267,LOW
1.7369785970524652,40.40104782166772,36.64110731385493,1.0154496164684326,29.557872371426644,LOW
1.644421535798151,33.36934198836721,39.614734711879166,1.3222535392255865,19.795349730546903,LOW
0.6547569629041563,36.90916714363389,42.27651527219577,1.0223663180809308,9.861926326289542,LOW
2.1708875845816995,76.67097050696397,41.940410737352906,0.9618764021418895,47.69059748795997,WARNING
3.1916388623151812,89.263730860507,35.837507200027844,0.4144400890336876,69.90493382376206,CRITICAL
3.2343775856512327,35.51463675178952,34.3573161295013,0.6594333366227791,51.059811703553535,WARNING
3.778467275977212,108.00728242038525,29.934649289936797,0.35777819291791274,82.60592412112294,CRITICAL
3.48286209924576,67.35995531323718,24.828891610525588,0.8979830843001734,71.17552768812334,CRITICAL
1.111424355934564,34.52980937862476,45.689218208774406,1.1052121051285573,16.108127229621555,LOW
4.7844069744991815,243.44752577054544,11.057462395906303,0.06395457739794973,100.0,CRITICAL
2.0691724835108976,40.15474631559967,57.78655003735778,0.9767537622953832,28.665042415643654,LOW
1.7664345832546087,12.810962177441656,15.114743086540546,1.4478264229280304,20.777771000890493,LOW
0.2585713497705149,15.568363086959263,45.297927118431744,1.2450516858122558,2.9745366927712165,LOW
2.418902498307996,45.793814044598555,44.074101297303216,0.7694295888838636,40.465735946798006,WARNING
0.30437914647512954,48.77695594318463,16.98422201880205,1.3165586224781949,21.87414882525228,LOW
0.5360658488613653,35.87940797512152,21.31740767777414,1.2664254075739616,14.672330825902662,LOW
0.48456102460578554,39.351036330184655,11.405554411289312,1.0559001049285257,24.188454695816457,LOW
1.745626917056746,12.642951620446198,44.43934796712958,1.411430043030133,20.10231860141123,LOW
0.14786349711663177,11.999680595812556,33.61512258295028,1.3351768122442873,5.195471705183999,LOW
1.6978123998070158,23.102197454409943,49.447127844515414,1.1924288989470953,27.82259477998688,LOW
1.7990765461853013,32.69656652764133,38.87401760698959,1.2041993916636224,21.515534726418117,LOW
3.431876500730773,61.12232297864706,58.16889753630946,0.6719039824863073,54.1862107980828,WARNING
3.112566832416594,105.11840932563776,24.834137034716328,0.46124413530091674,72.88318589135922,CRITICAL
3.799336612965562,88.00537674942126,12.348728534148544,0.3992525820477367,81.57044381786052,CRITICAL
2.184853839366892,62.071873346800935,41.114215644092276,0.8629947098671862,48.35793740149342,WARNING
0.5077291191400948,46.13336255256017,23.175003011898255,1.4927529074182755,15.451585615082369,LOW
1.0421640484105232,22.999486577854107,49.8386014820369,1.49501737818231,9.067123838106728,LOW
3.3345116470914364,63.184849392745924,54.58835820245453,0.5316462276978641,56.55433939911597,WARNING
3.050256333756044,39.51595315323562,51.11880837298422,0.9721325848506779,43.859722547150504,WARNING
1.049261600997868,16.334447371222787,48.158126524651024,1.0807983148554139,17.043048219395054,LOW
2.512142226756393,58.68603988482984,21.886952975774463,0.6025059287686619,64.32311684082788,WARNING
2.0452107766449537,37.624510803939486,49.19166954757015,0.9065277129060081,30.651662710779906,LOW
0.536340789311553,13.521177578926636,16.01175902388027,1.004007945941123,13.673906643490065,LOW
1.5277429605379826,32.946347452899865,47.596875704526894,1.399061261235129,18.758192315739215,LOW
3.6391421523725667,136.7935283675109,20.526085104395825,0.2836070379348879,81.85192954216764,CRITICAL
1.7471281027277623,23.956157599138905,21.93111162167107,1.311656783643194,24.279185030756345,LOW
2.807385081748232,42.743859170101345,58.39095005024879,0.9750604619147666,41.19064996315413,WARNING
3.703360315853792,114.9701760049897,20.914341969670822,0.30649001013062394,83.97309719201786,CRITICAL
1.1679223300514237,16.672353059613826,16.991675046918235,1.0051966701635158,19.50099993791817,LOW
2.625279074395619,44.903977745803445,34.745131275387344,0.5407110408650242,50.798603215116735,WARNING
2.262297533319011,68.14391055800192,27.59905849055251,0.6140620126336682,57.17199399830547,WARNING
1.3036506880630112,35.22909052234342,17.724811252966365,1.4362432576291964,23.645805874526218,LOW
2.4509158743067467,42.419327900446405,50.17141012523315,0.866811962066302,36.962889300046136,LOW
0.6588739725631589,21.50255849979489,49.04094799853188,1.3751056865552842,6.348354498077409,LOW
2.4161347478984316,30.026354252318423,22.32628019687958,0.7764998833283978,40.60906162273191,WARNING
1.7641753049165019,34.00509388231903,14.294928577930293,1.3832020080482967,30.367210968415204,LOW
2.4341054615228837,39.42134457783722,52.55927504557505,0.6647823663255679,37.58168857558441,LOW
3.4958206422035705,50.62555160134673,24.012421875678292,0.6588365597364342,67.78764092041425,CRITICAL
3.765761024103921,96.25481633245802,38.60796158095977,0.44887517387724196,81.41341701845985,CRITICAL
1.6574255820697714,23.76640118447648,44.999132793477855,1.4059851932191556,17.587140751244448,LOW
2.38791083351926,78.5164788139889,41.946671212086144,0.9537569891815145,53.388139319295114,WARNING
0.36024225246233,21.35834654348006,48.06502641893026,1.3335958405599886,3.003912897956186,LOW
1.9136893057921522,39.58925626468393,46.279160529772454,1.463610396919549,21.01700296475589,LOW
4.650181680123273,250.75586243515778,16.89623389915602,0.05254529832739689,100.0,CRITICAL
2.5627591653923867,42.21445348195818,20.47087251025248,0.9359870318989857,52.53230000436162,WARNING
3.5094411466747806,105.00991976940395,14.164200519775608,0.42816615248324486,80.49293135638771,CRITICAL
2.4408447285009287,60.00284628267406,37.574675438734516,0.9027650769567355,49.82683696238907,WARNING
3.3312429547358544,56.02625690070511,42.32139214561332,0.6834039977277934,59.016352091782,WARNING
1.8728928258540634,18.9312960792215,14.858308866913,1.4151054559019705,21.47198016119304,LOW
1.097319930876807,33.685610273457385,42.84204091753894,1.1971761637280078,16.52383828728452,LOW
3.252150460646211,72.18867279790146,30.16980820145697,0.6750865221250615,72.88496710921451,CRITICAL
2.8759443521243324,79.18668153119219,37.55948917693766,0.9212252855931234,63.18465963646769,WARNING
3.908038311670282,149.13748485176484,24.870900927394867,0.2782518594813571,87.37185087590724,CRITICAL
3.3359699075868097,83.31147648710716,25.295262934787306,0.3896403716315248,75.68856420929134,CRITICAL
1.6102909158748302,21.343610957542044,35.83008368696456,1.0507439313274998,24.963467358893936,LOW
1.2960290037141458,17.498155707422992,49.416899638357805,1.3980540210468593,16.570852375124122,LOW
2.230070326366814,30.886676244693106,43.414854710785335,0.5720603059199054,37.92715520396793,LOW
0.23993359867725006,49.84260319778486,48.24043121547519,1.0657984539034255,11.792261402288847,LOW
0.8424963222467525,21.872043124623815,47.378742386193785,1.3606709145110423,11.90696121017818,LOW
3.684149896791455,93.21038592868057,29.44379549284294,0.4060006559794293,82.46739018031747,CRITICAL
5.019931094131739,155.76824747265655,5.2837902153128695,0.27521452813642966,100.0,CRITICAL
0.15199160655695967,46.730025128905076,18.737224985957297,1.364243177470615,18.008322784801617,LOW
2.237245322629486,39.78894982655733,33.16289925719183,0.8784653264742923,37.89395677963852,LOW
2.2572064189079497,35.97086362888193,35.608489642488536,0.643279608930851,37.38505411071231,LOW
3.4543528047819194,30.223446796457505,56.09519649842236,0.7166115181952463,54.9941658968419,WARNING
2.145967740787007,37.02975878541003,51.571201692780846,0.6145491157221165,37.93386228435677,LOW
2.6421207687181694,45.18194914045641,51.4787025648955,0.8656083261124095,37.792506479416524,LOW
1.0802004068964655,42.684164013150806,33.02659881536776,1.4850698215974978,19.032627855388753,LOW
1.9968588846383835,37.656361854347566,43.306960687639936,1.1674761838837275,30.60541088024468,LOW
2.501051643318914,46.220511751190145,46.512448116485245,0.9668295907359973,37.20220160939579,LOW
0.7705894186875103,45.78748144944727,37.32224245826323,1.1941379898530413,16.194399810167468,LOW
0.23407577576748348,34.49156348985507,22.92027481975375,1.1692282541552648,12.178304007576756,LOW
1.4632020579240643,21.053219105451767,13.23783663115604,1.212212860719753,24.18315986702107,LOW
5.317517615296263,191.30856746262805,3.6340477507520696,0.06983507139002695,100.0,CRITICAL
0.6962779614845798,13.893867125125796,45.82876230585741,1.4425602476647539,6.512796852744008,LOW
3.0617885837382453,87.44948566341922,19.758891779328103,0.3725881270662241,72.8368183978211,CRITICAL
0.4139365838588914,14.485188707270966,44.37660906817666,1.1815906129759641,8.243846434098309,LOW
1.2405342464312756,19.939583473983923,33.92785656525298,1.3070625822229345,12.751528124151484,LOW
3.229904755609474,112.44252470334962,38.856620145753624,0.49084993763384804,70.25972646237447,CRITICAL
3.047178868718439,59.444506017869884,47.91316913965204,0.8067932072726255,53.6707635837442,WARNING
2.6239332225250145,32.23541872887203,54.62751676412724,0.9327702912998729,36.130669624102154,LOW
0.10271472791725102,12.916295588901555,24.3954530540466,1.094197972998539,7.685451222293732,LOW
1.4293547168793708,48.365990974366305,18.2710337208013,1.2328219670682448,31.628745533708276,LOW
0.395265414675269,28.402083165151133,23.6448205362699,1.3724187969351975,5.817629064363878,LOW
1.4990312541380932,21.525863439278975,33.709151385902366,1.3192150481973655,17.098460494119312,LOW
0.5676198022699431,33.04641644061921,13.029856090854675,1.259128224980425,19.934201124533004,LOW
0.7404063808729162,37.46824371804462,26.50256220047075,1.1401709196911138,20.53940204863043,LOW
0.6688598120821667,35.61175667804344,48.60893040722341,1.1069357683348877,13.305288864514383,LOW
3.359884761602582,53.09833825221806,32.67376905981298,0.8334355326032707,60.38916154364763,WARNING
0.5267812352790131,17.19037054107853,39.48253206343816,1.4775498976629822,4.995127013099669,LOW
0.19329628312527788,38.75647254690311,31.52817337854358,1.361822306922904,8.830626169150898,LOW
0.42140750599350896,23.662768960925483,29.65555263989811,1.4628568905038604,5.235094228306643,LOW
3.8718721192693772,95.57688537605144,31.89029131641057,0.35339669763618375,83.82166805364598,CRITICAL
3.232132517335745,37.89716938390638,55.39170750997852,0.8388101783235682,48.31063410469979,WARNING
2.8738757946470823,68.24382427955882,36.62433255522494,0.5664106229665836,66.51625252535837,CRITICAL
0.525639268461284,37.86182488264714,20.786037363891285,1.0849704302933005,19.845409554975838,LOW
3.1608953560541555,104.09040053331398,22.85290877195633,0.3904559942361585,75.0121947311517,CRITICAL
2.539241973834054,47.885985976880995,40.1180999673899,0.5168316020848167,47.03789721247045,WARNING
3.2233093777140422,128.83147959822207,33.3316824101719,0.5309532060749238,72.83383775328556,CRITICAL
1.6291054560957552,29.45806135833562,16.339562356939112,1.3593394728040318,24.31681227585621,LOW
0.3175625471442044,28.442952999745902,19.40986394838859,1.4751109178687212,10.021055770563114,LOW
3.3937211865679604,105.06888116431688,14.87216921179828,0.5753214258263061,70.41779862451051,CRITICAL
3.221010989021892,103.28720994238323,37.44735334245854,0.41491183832313,78.0827897114625,CRITICAL
3.408928318496495,70.11125367350125,57.381967938560855,0.9103048790761179,57.86520413785871,WARNING
0.3233157790201897,45.39571702585336,11.107857961810282,1.3970873244099653,21.210230102487305,LOW
0.46936801632429426,11.956754866494519,39.815318252439745,1.0368635422236934,13.096590140574033,LOW
3.296743462775062,135.59710223159624,11.790479531104321,0.4145114738607488,74.65887733435689,CRITICAL
3.414744081362742,30.537638360153288,30.817477047209614,0.8518028713487824,50.69553875092573,WARNING
3.1907791735000783,84.95017491771382,10.259242010112125,0.28608256866247367,74.98988522474858,CRITICAL
1.0118552311761917,15.693172409784303,28.55952195306358,1.0045258208779315,15.544127438862496,LOW
0.8012634936877077,14.734063037742665,42.5601838926927,1.100606196154077,13.003306216603482,LOW
1.3258692386006907,11.771108465319951,13.150373600005715,1.1634217448862572,22.08402171276444,LOW
0.9168875146701574,37.075485233018725,10.02820047344609,1.4795525460398444,21.88451287374337,LOW
3.0054914008695524,149.3914257091268,11.0787200688131,0.24821820779742387,72.02515489742194,CRITICAL
0.9335711162145239,30.73806134862369,14.188738846746588,1.0368369493105145,23.409075354195586,LOW
2.285282291808426,33.233961286330214,42.17119153934651,0.911046200185251,36.41955386502978,LOW
3.546204603535101,100.58225988217217,13.285352357117825,0.4671291416954519,79.23384955516705,CRITICAL
3.288317845032089,58.33265050025757,50.86969450817773,0.6471525754555494,54.63808664251874,WARNING
2.0291095593543647,60.39158716617778,41.34957390241813,0.8776411612151016,43.10009746377841,WARNING
1.8157184437960467,10.720767636291875,42.13070641690245,1.239673175633735,27.15145975909017,LOW
3.465069873712692,125.28564635502698,20.897965173459887,0.49747149445453154,77.94814604144179,CRITICAL
1.4721185989781784,21.746852209686697,21.145270881949443,1.4057469687393034,15.92291909066131,LOW
3.6914023695253566,144.67360415302056,14.68581080035202,0.30772852808524165,79.70426872529119,CRITICAL
1.4243174365267397,20.83032573301356,21.43688619401926,1.2852072917579758,16.32939340898112,LOW
0.7932862624395328,12.317615544644234,48.10188432252028,1.158653838549118,12.685551392781665,LOW
0.46751239060550764,37.798429795320565,48.59475230534568,1.0915348602645865,12.487560815503894,LOW
0.8354887562788678,25.752421877811035,42.250118947678104,1.2344446472414778,14.864250970569218,LOW
2.0845131178589327,30.18023295786451,23.521481133767082,0.9782655664825637,32.50624040356307,LOW
2.1980184150881152,60.74349324494098,44.47895002037168,0.5002795469514623,50.8331013011842,WARNING
1.7167172807899358,36.41219576397326,10.276971882582098,1.4274570900556793,32.447930666187794,LOW
1.7870647279037257,23.34875430279469,37.94601020887914,1.3937154843558701,20.142001649409384,LOW
2.8740372976968627,44.60209530385862,59.69581475381063,0.868502336611136,40.712600098836624,WARNING
1.3168211634085931,27.414848045704595,44.413155661802584,1.16447503538841,18.605994610247468,LOW
0.5425100652145242,34.65538000796906,12.99393629654475,1.2544964748165717,16.4801467975253,LOW
1.1118056676205328,22.81762492555582,32.812836836992446,1.0409092721872921,14.942131240802784,LOW
0.856838603185604,35.24734646866766,35.1503091263816,1.2066823737143337,11.268177375566635,LOW
1.2056359323533465,48.660614799552214,17.417708975529447,1.0345295894823077,33.41548630814444,LOW
1.685948448017081,29.721106899483125,19.845115266371927,1.475099528448,21.29943183341025,LOW
0.33353173956828286,19.81139436838297,13.070884866130017,1.3758263423149066,10.603410982046325,LOW
2.356277826122943,55.918181936874205,40.7836870488458,0.9356822061685341,41.34232153554309,WARNING
0.7019206529327422,45.29957521388085,19.472128908665898,1.068439994873227,22.203176019551638,LOW
1.6580242547249995,30.82787900332251,30.63559130641488,1.1390913378476957,25.04440700166081,LOW
3.1097219360719017,41.706025732928985,32.800180788485534,0.8943140964957705,48.335223585941264,WARNING
0.407101800383903,23.63586140331632,42.11741212415233,1.2455376771885447,4.041565132959183,LOW
0.3970672349240765,17.10279354122114,11.718006574004765,1.006977765761612,8.068132770241114,LOW
1.9810884266676885,25.91984782618023,41.55387596526464,1.1052727966657785,27.657325259644416,LOW
1.1799435976510124,10.161130788087739,10.697018476356002,1.0711093605747641,18.422202608029615,LOW
2.4678179959820383,41.95354680018921,52.91244713973284,0.5813884923403378,38.764466856207044,LOW
3.3969957746238064,41.61054551213702,23.478614620645985,0.9898794470080052,55.95859839728806,WARNING
0.5390095521876777,49.71489421734277,11.71863543478176,1.2257365394661541,26.13929836553031,LOW
2.7004262869208735,56.0261486431435,59.50316576868258,0.9384507919350621,41.15530237434406,WARNING
0.8781811026100654,16.554968914478735,38.45442363102639,1.1105447888168056,10.258863860283832,LOW
2.4697397509701093,76.29143106556879,37.81666406805385,0.9197588598369246,56.97717467940626,WARNING
3.091554983467079,43.24329912246593,40.194390038901616,0.6450568443428193,50.91729845541304,WARNING
1.4501121320373436,19.433459988170746,25.8929612137115,1.1423193935869331,19.539134840673263,LOW
2.029436155642207,77.00099398214299,58.659000778107064,0.6523269241481845,43.716618500276354,WARNING
0.2983698794334222,46.19675706322675,33.47455701199617,1.3050624614990531,12.958029527534958,LOW
3.8759706066845228,105.80513993903295,39.201736599369525,0.4836528852641557,83.10803716425085,CRITICAL
0.9398940828234669,37.485242331258846,24.443956385387168,1.4132788560100082,15.43723156999852,LOW
3.239463238935788,139.0377016634721,18.887932103460283,0.5735457150616627,71.26881975431917,CRITICAL
0.2323349830368025,47.46124653369556,16.625029689746114,1.4720662708611376,16.574421772370712,LOW
0.7678558486559747,33.98533321310295,49.0358227137245,1.0848817200537795,13.014104783382031,LOW
1.215494739007608,16.856834212783887,38.428386490348764,1.2018298579431854,17.132856829757518,LOW
1.4669989300306319,43.550183119598046,42.019190561180075,1.1313821970643418,22.893284444137223,LOW
0.9591375559579594,25.53533568689502,22.434543314232698,1.3763738996406738,14.65132781798567,LOW
5.029236933082197,200.84577263653767,16.583409326221737,0.020131027580474824,100.0,CRITICAL
0.7561959980236067,27.93633997885404,41.91351477125497,1.4626319696678949,7.143191293784795,LOW
0.9572449330299683,46.9457692509618,25.71598145093486,1.1053412439004813,32.032483244903084,LOW
1.0777297640068295,33.94340122398283,27.297195185606768,1.3792680897701513,19.515391410177248,LOW
3.8656885702726527,94.24558186114686,28.700342344979493,0.486656344416664,83.52735663535957,CRITICAL
1.701262690411945,17.21879448045325,41.97117693099429,1.0807328783117247,23.626160725621656,LOW
0.3726806535969367,20.82860385306519,49.38059109413938,1.0538378280346918,10.57467225052707,LOW
1.3861467476824934,13.783942815891432,14.361319496781334,1.0716314362619372,22.273175556458124,LOW
3.983055239357492,120.46965192195756,38.84431913854557,0.32197366608618083,85.97365089152287,CRITICAL
0.8524785991356463,11.894299211156172,43.188210741622335,1.0123590943461842,13.769448559002763,LOW
0.6508991154393189,23.845107836753094,48.58809884240061,1.3305395488037282,11.87361596552283,LOW
2.190575846303987,49.555216975640846,21.43057414401472,0.8808427092361838,48.82975662470763,WARNING
2.5497636915604787,61.62965760497209,50.56931446586731,0.5920618975529941,45.997755516134994,WARNING
3.1008247031613037,47.852404470831296,26.49964632466181,0.6430580105622117,59.72853000268639,WARNING
0.25718036453372484,17.21980262975375,15.10049342759007,1.2475218299785682,8.15106904580174,LOW
1.6986707438982018,45.243141297248705,28.931175515511192,1.4442635522822973,32.352104483821854,LOW
0.19990686746156341,16.403407056191895,20.07380943381626,1.3754909465201726,2.2141456447055887,LOW
0.34824392151846084,47.10437516517794,37.55209689375768,1.2366527928641402,12.263354255585826,LOW
2.6002082077249806,75.56083625022876,22.028024468360776,0.9090584528993446,57.469068702610016,WARNING
2.9168055866114235,79.34127812411751,43.305912124712904,0.8985139927811965,62.31507911913802,WARNING
3.4521651100515274,76.78553174846603,28.55946182045622,0.7324665646321641,72.1130323260521,CRITICAL
3.6407650697076446,112.4590275991009,13.268162848024922,0.34070302689449183,82.9346848756311,CRITICAL
0.20610453672105764,35.326887290781215,46.86345568899533,1.2482053744527417,6.77491711583598,LOW
3.354100723662542,142.04560389554933,33.590192578965514,0.5846966199760011,72.29427322916301,CRITICAL
3.6697310764611393,91.3448528018866,11.378952392180805,0.3463382416593141,83.07683700086653,CRITICAL
2.9273218931703786,56.3563579864671,20.149105383610326,0.7177503510493712,63.90695038660226,WARNING
5.759077646239858,196.59459061598716,11.870147859258635,0.15062857002417532,100.0,CRITICAL
1.9806323800488503,27.007006264531633,30.226361482873173,1.32379965615547,24.265846388672795,LOW
0.8304845325864039,17.987078258308813,47.055838717695565,1.3571570231751204,8.926659731949579,LOW
3.848484130310198,129.22063660944022,17.28238567225478,0.44612754571458474,81.46095764621553,CRITICAL
2.936938390307465,37.831107100974414,34.097107897917255,0.5331405869284145,50.0995386822275,WARNING
3.4812434770963154,66.9953077712517,53.76608678301765,0.7381716211423597,60.3875083584528,WARNING
0.8377585111893061,38.12396999847373,46.19138104782329,1.243124524499625,10.842033476619909,LOW
5.039807056588009,168.37656726947108,10.368674916507947,0.2581883117813902,100.0,CRITICAL
2.8190818405593507,44.238045064863265,28.050419382229865,0.6394593979223269,54.32267979409191,WARNING
1.638221210342727,43.15964429215442,16.53511264290872,1.2764274570771543,37.97695595719715,LOW
2.419417989078284,75.96211909707958,57.4179262000807,0.5526788712746395,47.0598849410662,WARNING
2.0498480925424225,32.32818989536422,58.311996563320875,0.8474265674351578,35.04849536863391,LOW
3.870903476411304,81.43638453169157,34.546840222307935,0.541281086023973,78.6212781006175,CRITICAL
2.7198557653250335,35.549945859881326,29.584553586755966,0.7452425598327119,46.558628819184314,WARNING
1.5926913433779102,40.629335000658074,33.16061405466429,1.1101627267159833,27.53521489841365,LOW
0.41172264536559455,10.286020256910371,13.221017253657461,1.3798128171965622,5.53770950514507,LOW
5.59047843562044,262.59264075587464,5.494175359463071,0.1925190646832575,100.0,CRITICAL
1.2852663625048646,27.43264475973988,31.23852161212559,1.4941981245088407,11.678604494603686,LOW
1.0962089701572006,13.425153449749034,42.238880887142805,1.2110263938474464,13.809344325190454,LOW
1.3517957048982001,40.92977333394529,49.43761079112547,1.0867598492476276,18.17187963565906,LOW
3.548493238662183,139.67080669936985,39.55675873142048,0.4200826723337904,77.42847696602041,CRITICAL
0.7864086697036861,11.447571890746552,43.97203787744991,1.0089434708034501,12.616893326788276,LOW
0.5866858402966689,32.074087721502494,13.003516488182187,1.3074439414900973,18.38856473505635,LOW
3.4545471501701783,74.97685401940615,42.671644103153405,0.8966824043549968,69.184616052963,CRITICAL
0.7403793472529093,39.10557943499774,21.866821771469837,1.1902761350025386,16.54734768628471,LOW
1.7537665116538388,16.816178798040045,25.25903167862586,1.4439348958644111,20.429625532748698,LOW
3.4865999909330068,57.74741885308884,23.875947657824334,0.9268205067652058,69.50199482871025,CRITICAL
0.5888161456513297,44.94061412236946,20.241168473497453,1.3725429653263745,23.061595393982586,LOW
0.8971744974219132,22.7264535436628,19.96176167928139,1.157214932869838,14.293944504634151,LOW
1.915218567947022,31.329213304564117,28.4820875331013,1.2516592849517596,24.85082941722843,LOW
0.44972424004835587,37.407578227626644,23.779781030128795,1.3741441828809342,15.262983518409662,LOW
0.8666557535828575,28.847373598456354,16.661014150808036,1.0347955472206247,21.902850940418624,LOW
2.6379070148429453,55.01388065525227,41.727718976386456,0.7559554105242885,44.561163819209504,WARNING
0.8695019621577917,18.1732569330863,31.34943897159017,1.3790381261406286,7.462638017796843,LOW
0.1702964477898517,27.055235286123622,27.314461446497248,1.1182181726680116,7.6049870325397695,LOW
2.5797300449051677,63.470069903769954,45.60281328895115,0.8023702281976874,49.60706284159746,WARNING
1.9743925511128304,18.656508901302487,17.336761523670148,1.2941109122970589,25.78783046014093,LOW
0.7469366716311403,46.84097295931374,11.04970674590906,1.2656297099586078,26.056314096205167,LOW
0.35621516487851457,11.379266469002363,49.507820249598154,1.3301830125567105,3.2177430797508846,LOW
2.0975034489499094,30.741870675238854,44.01154749277778,0.8619156946167592,29.96544849134263,LOW
0.3902361111259398,40.15654044802942,18.607709293615542,1.1622052479881455,16.210472451800523,LOW
2.0001570661972154,68.31285929799897,55.963789930670316,0.5258086876316339,39.206781552679836,LOW
1.3962388759085589,34.49274490669346,35.706413088656724,1.4067476825185221,19.813705835890158,LOW
1.3864293357253255,39.732707783331094,16.752598583997557,1.4785334375312207,29.463558829878828,LOW
2.7560463789595637,36.435865306542496,31.026517296703066,0.6171234761643631,45.987439285192096,WARNING
2.3919033064955104,57.338523847889896,31.52827017548132,0.50048956683845,57.31619885538923,WARNING
2.0425466914699624,42.915650033829635,59.41848480190671,0.6309076942652749,32.239845793471105,LOW
2.7640604276113168,36.10869920276768,45.73600515980213,0.983170426127185,41.089130415369844,WARNING
2.478999508324322,47.84833132832197,33.84826963548351,0.9610409903843629,45.281457531886986,WARNING
0.8182566991995328,27.278529424950978,26.35603981501084,1.0020991239202597,15.258740376627749,LOW
2.854210978070881,49.2431002292309,46.60563507594808,0.8329466039374549,41.397850679783716,WARNING
0.2971708796280375,42.12734033385763,31.191295173347697,1.088262380973595,15.658378902167051,LOW
3.417749846054163,53.247370742404534,22.0874651948953,0.8502114337113161,64.93010751297761,WARNING
0.7153236515694015,17.86593015067072,22.357415982020875,1.4147402378067422,6.418028897086088,LOW
2.950345033330696,74.24118456464348,54.38581774390492,0.5314375581198938,59.209091735884925,WARNING
3.050884734009371,90.78853889488498,13.346500062277755,0.27267889624890684,74.92381002170974,CRITICAL
3.3831914280184545,49.59255162199844,20.13149772448854,0.8198842260344876,67.55780579087555,CRITICAL
3.976260180561045,105.47249112211793,34.66456565329284,0.5396910857354642,83.20945895553638,CRITICAL
0.9485985544920181,45.17067676822725,41.578684486299096,1.2851697285158734,12.171823494759863,LOW
3.152827508844016,93.64435573106402,16.265943746708132,0.5104054221585697,72.20003069521925,CRITICAL
5.456060502410921,234.55257507603432,12.231810537054583,0.2548602459739252,100.0,CRITICAL
0.4192332252969312,20.651799351003266,45.79103423961209,1.4724724855603277,5.819657114555502,LOW
2.709910616268139,71.63823389647999,41.843337475433984,0.7272411494339404,57.568740523253815,WARNING
0.12450555856742562,35.103656004978454,12.936677233876646,1.3684726543681316,12.563259555668846,LOW
3.4896070167041726,42.31783868162602,42.282228005890424,0.9214279531035945,55.31668679555945,WARNING
0.48666582453477325,30.838346246395588,32.089840997300016,1.0431666320261788,12.03478507686175,LOW
1.4311328860272072,40.8545555457747,28.41046477027108,1.2128298639190567,20.7506764842054,LOW
2.832953538330684,73.52197233069845,39.24584605658692,0.7871637378360814,64.37783162433401,WARNING
0.10192323650015866,26.016410010656084,15.90008780314264,1.1993075396508335,8.915238022911963,LOW
0.4848400194836425,14.950883886650965,39.14244888997624,1.3774301511498344,6.411145073740033,LOW
0.7749703850083033,21.105487271870196,17.44126970726775,1.4364463100343214,6.9545359917667815,LOW
3.4171794102367166,130.48408795692853,24.949962471976562,0.23415330611709134,78.05995841799982,CRITICAL
2.7910969473727487,64.526998490725,38.8481222289585,0.8512805742384933,56.56128044089367,WARNING
0.17762058429173289,45.85359860862039,39.987760638862284,1.414233759941451,1.8756536066465244,LOW
2.3654930701397756,66.67512492442806,53.17817613602242,0.953612046327698,37.9554099327623,LOW
2.6218647585910126,71.54666221724811,50.10663120257499,0.9336366098545963,51.5067470796907,WARNING
1.3911669976024421,13.551803539488873,39.956305731740585,1.31422193506647,18.345859076955755,LOW
1.2385958735395448,15.851192342346954,15.696456791162792,1.0752315058283088,16.875040430966198,LOW
0.5867191736543653,10.03432895311041,21.03159067829465,1.3092038834010165,8.324464799460767,LOW
3.4543004722469695,35.98150394898887,54.62285325862317,0.6955948799482943,50.280652971467475,WARNING
1.009159570488,41.495118773880556,45.01729628590792,1.4814296290636815,8.006427114914219,LOW
2.9346375584821534,54.87668898529985,54.995890064055835,0.8697568034290801,45.165960927969216,WARNING
1.232019387101448,45.93412335269716,36.10282194935616,1.46936214258814,16.614891742654585,LOW
3.1289012511634477,80.81563396452677,21.53234225946644,0.5461319953434837,72.58526736990301,CRITICAL
1.517547744815227,16.59907515911829,19.56364155933553,1.1212622347483334,19.850880939391274,LOW
2.4344366867075404,70.58611864173442,33.87176876416678,0.8304255743951937,56.667736631632415,WARNING
1.677867678957407,10.501700827873357,20.261486457241688,1.193745244273892,24.226118085131603,LOW
1.2476343758241208,32.320024677610064,26.259862737550783,1.1471897233271975,17.569173482760565,LOW
0.7674132513877582,34.093423278031594,35.93563426876252,1.148673580531813,11.260556252350396,LOW
3.261959229917604,129.84924771248077,12.444401706939999,0.4659378184393521,78.62795656515861,CRITICAL
0.923771540301299,40.65111426228614,40.68339331206331,1.118777980615798,11.603072766103724,LOW
0.10724575524499283,13.59848697352704,15.069214105950195,1.14682566294795,5.908470885500203,LOW
3.1323585613955647,59.35691047538377,39.99440804784314,0.9656604307746399,58.47286969355538,WARNING
2.7242359769235645,73.4560404769918,22.857548590092232,0.8280131597589521,61.982653333985056,WARNING
3.158932536956247,54.16519350081834,56.23831655157309,0.7185150046293146,52.127658325432755,WARNING
3.5827440488484106,109.83702847576784,10.122926029378075,0.31822236822259,79.77752452360807,CRITICAL
1.029880294027498,21.452161260903114,29.662050790298803,1.1878815582200384,16.667413985693248,LOW
3.5639667711965544,138.39056783996972,30.606222867290217,0.2850411936224392,77.25888167999054,CRITICAL
2.450074369167195,66.1413129612312,57.47674804615217,0.8545449891076184,41.651497313055856,WARNING
1.2401329271501123,45.54104367192484,20.801135591476225,1.0591023818691354,31.41739801781653,LOW
2.98588661312961,52.694475024234094,49.171921607254525,0.8169849780705085,45.14085980971704,WARNING
2.303564595941307,45.629171651314095,33.77697301156841,0.9040953791419477,39.77820449845371,LOW
1.5587892374922654,26.394647151772737,18.792126759611367,1.0585084352855478,28.767708744598085,LOW
0.9126863061463836,23.59055257547302,37.85880602829131,1.488332716093704,7.967473824173388,LOW
0.98528150627828,37.90794781362142,24.081260873544267,1.0521002714853895,21.23623427516355,LOW
3.19196251702678,42.38243277939571,25.47024974969226,0.7639005257328751,56.425022457943506,WARNING
2.3294105647768832,70.31296305593555,46.960799512652414,0.6098629318689504,48.789061221147996,WARNING
2.921106143759401,40.013801890682174,25.797973432500676,0.7655839672131324,51.8263255290155,WARNING
1.8579041427239162,37.79861783418042,34.847851431475796,1.3218135059653386,29.086027820930372,LOW
1.9703609486815936,15.307168468740478,39.565655099329064,1.2104379801335494,27.5113787439639,LOW
3.4065404515822704,75.62216804698684,22.093359838089825,0.5962940233696964,75.38757628072598,CRITICAL
3.382759139759127,51.51650012675714,21.53220981441632,0.8216486299900186,66.26925481417658,CRITICAL
1.1602513742938592,47.29745277853599,29.43202361771888,1.0172644118860616,24.775689811970768,LOW
2.488618295262977,68.90674421979026,38.79713881178702,0.8706853689158212,52.79626483821531,WARNING
4.29962573187957,246.58975228397827,0.6953520626248966,0.06391699975534078,96.59173249097341,CRITICAL
2.069287609341645,35.089354264417935,31.64042379660856,0.7878185679911254,35.4454506690454,LOW
2.6037841832484943,33.381990373945385,44.43498540785684,0.8029176984572337,39.96246342175747,LOW
3.03971821339331,40.39008665766421,47.14162969402231,0.5807273698251263,48.130079728751994,WARNING
3.538233421014941,147.97344416545818,38.26979803231244,0.5994244544927407,75.5172012646341,CRITICAL
1.2525027192196578,26.30300846536642,31.30658349614496,1.1543836830016592,18.09367255546397,LOW
5.06476365216881,199.43699256928429,18.76556497463946,0.1093999588424568,100.0,CRITICAL
3.855690854825071,117.0097704024119,30.30618000005372,0.4801269774462442,79.61621535886955,CRITICAL
2.004827126167526,65.50184091896315,42.19344538500803,0.6298802110714192,47.49984197410379,WARNING
3.405278938876521,114.00440292312928,10.83023664601404,0.36052787430661043,76.20718701847979,CRITICAL
0.1874395080947781,28.419781809904716,30.903696525195553,1.2855313143406584,3.174001312124521,LOW
1.75210109863244,11.507189804345707,34.552344231730416,1.4330658398201415,20.908322816272165,LOW
2.286358624365017,42.625005441594965,51.423733501734084,0.7836988908547602,35.525102856829456,LOW
1.5530349223268136,39.86862296816983,23.81607141233556,1.244323815224637,26.356097938982682,LOW
2.3766105960976596,44.60104137441295,32.42690573497775,0.968027385207757,44.10020910787314,WARNING
3.565165975589168,119.47105465880773,11.684395661654271,0.45980322530820456,80.12857946398609,CRITICAL
3.0454983058599847,122.49444523876517,26.926018437002888,0.28270662209177344,70.33880756278506,CRITICAL
2.8322528509179365,68.36600620111591,24.424742725973978,0.7218036768520103,62.522671170311476,WARNING
1.9040393129484392,14.218856118743751,49.70825242417326,1.0628904862109678,30.184282510962767,LOW
0.6858972145950609,30.495007739581528,41.616066084430635,1.4855041509674194,7.008117952778636,LOW
3.0661847918731544,49.87221077678333,27.339041959056935,0.6530077973690187,60.091256860277575,WARNING
2.7412743046519523,67.17120143261269,28.72680978093257,0.920992809151858,59.2452828804307,WARNING
3.1052947874787042,43.30907356020113,57.924789419273644,0.8530556415984625,44.84867601935228,WARNING
1.4789545176942835,37.85334778871565,40.10736287246236,1.457940362363218,15.082227467270993,LOW
3.043792636703439,58.712959292928886,34.153315733209034,0.9605245882041398,59.38307655721134,WARNING
2.9421550655558524,50.768154401363724,51.232612352591445,0.6705197531935528,46.54149541228877,WARNING
2.797093464570002,36.715316385180095,39.07966170201701,0.9822794853323442,44.56206042825724,WARNING
2.4502839230321705,77.20570739534227,51.1578510875643,0.6822235605390794,50.55098078375855,WARNING
1.6314558720874655,17.643125005100867,28.3215318463618,1.351319060444289,24.222361489972123,LOW
3.062726090447063,107.52634897488264,28.43943174659066,0.5117237221807781,69.703502820566,CRITICAL
3.1551242357460385,133.5030287338806,18.67911783441855,0.4229015527321016,73.88699234490349,CRITICAL
2.310140972970705,44.93484417630273,24.30031129748766,0.5026445026885411,51.273901290914395,WARNING
3.1903394376378977,33.488298036832106,30.896515461955655,0.8851119893708322,45.475736667558174,WARNING
0.44615527592044824,25.688560315859647,20.80136763599824,1.0253267526271104,11.668990277756002,LOW
3.8881250404460186,130.13942361635955,19.799031616789264,0.3119694210724201,86.31894713652997,CRITICAL
0.7737447506225176,46.04633296101839,14.939805571249384,1.3622337878075212,27.588999971086224,LOW
2.944311016423215,78.13703159832377,23.678462107966464,0.5524328294085317,69.44505811538444,CRITICAL
0.9981923074618864,17.994881682506506,13.306711879314754,1.0110881282820798,18.663504444721713,LOW
3.360837235038571,129.24122910195825,24.655615670894814,0.4448279994452761,78.72237176625295,CRITICAL
0.25422256384994746,47.89494328845902,43.44359411674457,1.155945886577487,12.497677797778742,LOW
0.7165651594078887,26.40328635090668,28.735574384106563,1.0618081209067138,12.304327199240923,LOW
1.8463986664246028,24.127545280919726,14.067544062061494,1.3795857010700219,26.143887166341877,LOW
5.84108578290822,165.86187869054854,17.985704196431094,0.2672602578009825,100.0,CRITICAL
2.7946070013352724,40.87192589006542,24.855371016234756,0.8031845254800156,52.31781524133136,WARNING
0.6510354164782489,31.856703487580774,34.99970070173849,1.0361263062536779,14.560701999792002,LOW
3.104479092295434,39.067892430391296,29.848748602122498,0.6294482950893572,54.00184681232081,WARNING
3.0864715245755363,48.57301316934847,24.2222218777742,0.8271609353593603,60.23855467575933,WARNING
2.390821722501821,31.76144549253609,46.61412616981506,0.851712776224111,41.009525868909336,WARNING
1.5279428941588395,44.72353718552341,42.582038430793304,1.1294494577971756,23.46251161014929,LOW
3.413343244402384,98.65243973755722,15.039144015247805,0.5635925770026748,76.78080045934139,CRITICAL
1.5572875856909258,14.400533911595588,10.70259784319771,1.4975246538632065,18.886137305734472,LOW
0.9769268589193856,45.135415317205236,42.775181922630274,1.235587856477804,17.627044487024,LOW
0.6413177792453281,22.039326447243862,25.12512602138674,1.1369587675729864,13.947149568328205,LOW
0.7740924741650848,25.169060316127275,29.488962270346452,1.0867677010741448,14.130621579634292,LOW
0.3342713815240386,38.892479250537804,46.969804908917375,1.0175741695864804,10.478015775641314,LOW
0.44850837663023946,37.391699412317465,48.591240313235666,1.375190477579663,9.616610174011406,LOW
1.408248701323729,22.8577981391457,18.89688531330713,1.118277999256151,23.773614778726724,LOW
3.1508385833004375,59.09010552792735,22.554210455702353,0.5190046668527311,68.60625708674739,CRITICAL
0.2444533470018663,39.00635063769301,38.45992634853967,1.17333879682882,5.19917554701971,LOW
2.1513739165533394,50.76093214000529,54.30259029920223,0.8303112315607988,33.276482807733515,LOW
2.259230383145479,57.52432351362743,44.71708014262111,0.963872411471557,44.17834452315857,WARNING
0.8120871570956127,47.47258839723734,18.68884220514373,1.4066001641613317,26.01372754772087,LOW
0.827421922893424,15.258726749179816,18.943742777656325,1.2514970960642988,10.138453700490269,LOW
0.502634027362157,25.739879243477098,38.04219857094524,1.0597090533004943,7.347523228496446,LOW
1.6609548399255667,47.18919918817714,19.71911620483839,1.314985478414745,34.69044998101464,LOW
3.263728998473649,74.95212342505984,38.71967190136104,0.9912878226242501,65.09132733660574,CRITICAL
3.001624759326348,48.690807210989675,46.48175655641244,0.7571426968273542,48.67332843453384,WARNING
1.7201849796858268,47.61783204628034,11.049163141879834,1.3946309094036424,41.97601583173276,WARNING
1.1474902365827895,29.807452190323378,44.135014859515024,1.3417533423476558,10.492399955114882,LOW
1.408280304186043,48.60191276335526,13.212330482137308,1.1940449857790285,37.984842260505594,LOW
3.0398098876232393,140.3942926448951,33.75396309864615,0.5260156064329491,71.37102205654145,CRITICAL
2.0778755526809087,56.956496447541824,36.31004547959468,0.7635208763259225,45.712602906612425,WARNING
1.239063951833801,13.325537723240974,10.214639648692794,1.200764013646274,21.746009605647103,LOW
3.2339513464832574,57.491965665374764,54.720275451004206,0.5629574252813888,52.42446971902558,WARNING
0.44061862613272407,35.13701073642701,17.598607787611144,1.2408988302120658,16.90710353237688,LOW
0.4455057476251356,19.916943037681687,11.167858220639722,1.3580574636899327,12.923567063732,LOW
2.09916898793478,45.601737906166704,42.67442133232511,0.9592005969948041,31.17629607303734,LOW
1.059103935909287,40.00635214001402,42.131818952614516,1.4616702518433806,8.497619732490328,LOW
2.188362896908055,50.917115608630525,45.12852199408068,0.8459280932185369,37.428238035276436,LOW
2.290298587310628,79.08246006860253,27.1367430647584,0.5480367026281083,61.1981435289774,WARNING
2.893223651772109,56.92423739671595,21.70992776371557,0.8406557862466811,62.1615623984836,WARNING
1.87778021109556,17.471601901944553,22.084631268651226,1.2524273744410235,20.086552187473764,LOW
0.3796509995384487,42.836874914944225,27.950791490887383,1.286478279549529,12.969530522948382,LOW
2.863233419972306,65.24201859223417,45.17523980160949,0.6369514586992823,53.22426210098416,WARNING
2.647901930303647,31.97091891482954,49.359427494732024,0.6373332088684975,44.13424073492287,WARNING
3.2805572416618367,149.763592019462,23.888535034213685,0.21056292783562125,76.13878898244369,CRITICAL
0.7941665612000834,35.45295983281194,17.834582380072547,1.45699274510867,16.667902748506414,LOW
2.935599559224226,31.976016920021166,42.36354795469407,0.684050102255825,49.21637996482259,WARNING
2.0254521674111556,65.15632723365837,27.08363055374779,0.8412854774851098,52.78811397329966,WARNING
0.6907229359455759,30.6771191629673,23.326824014431132,1.3469936260150324,13.772146569348358,LOW
1.4715327299464893,43.4336665768797,20.144711484379016,1.3770657378974602,29.625547096707614,LOW
0.3445815881031682,10.145883097300533,39.750302105485,1.093122039439219,8.861324898303005,LOW
1.4144327385057611,14.29457181563501,15.306126785207898,1.2020538541503005,18.181518690154018,LOW
3.2362908780824338,59.28125954674697,56.10389780583928,0.6088839180691794,56.6939424589696,WARNING
3.4829760473429934,53.40169112060468,34.77278319451578,0.926103337576914,62.18233985464212,WARNING
0.1703533848315682,27.743562141253328,19.888234181464085,1.1982627006275455,7.635523752613889,LOW
0.5619948675744897,32.88643480903004,19.044343447857347,1.3591820513308828,16.099360823889363,LOW
2.6319045139841046,31.27885105189027,20.906045289054727,0.7664034085544666,47.383157430166655,WARNING
1.7760257836167357,17.87981796107112,24.376977172652147,1.2826547259353067,25.50456384048782,LOW
1.9956537155339644,28.0928366774098,12.068888933646083,1.0880417093762107,41.66772678936899,WARNING
5.199932836852537,249.99409805388262,4.274455398684037,0.03205946449051351,100.0,CRITICAL
3.297319964904655,59.3686475895109,37.71132872738482,0.7891033206608146,58.64419928563115,WARNING
2.7995572451970085,49.96614380290779,42.38554008168025,0.6206134772266674,49.30601936937775,WARNING
1.2826458819070834,19.047742946689283,39.9598033865826,1.2605054559282933,14.14445744570408,LOW
2.6280172035249434,59.731374172624854,24.290611606957555,0.8157919947579961,58.496648811715275,WARNING
0.7349605244651395,49.19662315111205,27.29722571040989,1.339019189057867,18.810543117459808,LOW
2.4847388051503647,69.94697745983675,44.3056313046153,0.6585457449767448,54.35647322390032,WARNING
1.4898640023660852,32.00237260491527,36.73404162685261,1.079159160537594,20.814540839232414,LOW
2.172019737863013,46.07101205784835,45.95469172266567,0.6371030661451254,39.30091625046775,LOW
3.6612283994434205,140.9194875307757,21.861721067533622,0.21359405704987,78.95209966421838,CRITICAL
1.394109406453223,38.02658668283487,11.102256594632616,1.3846513364198068,31.993246505770287,LOW
1.157727669316645,21.9197674075941,26.83335144002324,1.3551875669896658,12.94888387976119,LOW
2.3870652525326572,71.60113325887576,44.39256955629461,0.8875932580334476,52.91417406784894,WARNING
0.535307641465715,27.169244532545758,25.25941577913283,1.1663582717200796,12.108024957483567,LOW
1.7863657667830843,17.000988915910142,49.194946074061654,1.4942340240435372,19.056954679857277,LOW
1.9768600380012995,44.762740691229055,13.297211077866624,1.473664281814309,37.555918946686376,LOW
1.9116343955132535,49.78751539550432,41.92546167121189,1.2576046957323515,29.626877593471566,LOW
3.1118987708835686,146.0024308471506,20.546587823662968,0.5445957564932777,71.42327522784912,CRITICAL
3.8878978135509064,124.22280492840213,34.994755929288274,0.5028524603045355,81.98694631173328,CRITICAL
1.3323340935711618,15.927021860806345,44.778244875421194,1.0329748996699841,20.594269485874754,LOW
1.8777824689563236,11.817039449193917,28.804225380359338,1.3851135639622514,23.532172738740485,LOW
1.1047858728153221,38.016520652552074,48.079056840052836,1.0513513196355149,17.440839572073322,LOW
0.8805127052989662,21.878460117446128,32.42739194035825,1.441644168082858,7.127154999568624,LOW
0.5090440260419395,36.83293991198343,12.247906171492167,1.3368820997815032,17.436038448175577,LOW
0.7642163668342582,43.64838485118129,47.842738296012364,1.2740057376580942,7.885751277755153,LOW
2.105724662020153,65.65959641805003,43.363954918563365,0.5251972619038001,47.739616970814595,WARNING
1.3514273137832764,47.137584614230754,40.51901301433438,1.2386867426069565,20.322009683445554,LOW
0.8342704000875227,34.049878307833,24.368826357781455,1.1130609855943585,15.14535522171047,LOW
0.14223911577687162,20.965464446176732,30.49688798027455,1.1771197538339944,8.733509644143238,LOW
0.5239883511311568,13.856772346984645,47.94528005445666,1.1564170378142633,10.566649697475572,LOW
1.9696251467326829,48.81036746261332,36.23933406761223,1.3536013109110303,28.168100215546204,LOW
1.9281407562945208,26.949584814848038,19.57871989632241,1.057689304801952,32.638658414416305,LOW
1.343073914050335,25.287380795401866,45.47491621668977,1.2792390337327886,14.746828520945934,LOW
2.8348397044890157,74.27843870955121,22.536782717167654,0.5336743535453725,69.36368210801628,CRITICAL
0.7693798953031004,21.117802648216525,19.37579543334191,1.4559792948393027,10.671741403749333,LOW
1.3313497120412736,41.48379121534489,10.878663137903235,1.0169370749415934,38.64043612714947,LOW
0.1028182518212755,21.52591599775668,13.605232665740509,1.1097066528961617,8.078490333372537,LOW
0.3433089746306285,38.254589097906404,20.23680928024753,1.3305473996524813,16.428066225448887,LOW
0.507755411590963,44.60713716175904,42.88525825542773,1.0960527785910252,11.752854390792214,LOW
1.7268587827783681,17.12552227298819,44.844388242831805,1.4805573496888704,21.051591474342267,LOW
1.5986790070316421,26.29582163915373,12.815823949348676,1.356347636306832,25.730248617409,LOW
1.8613476697017282,26.70985132082805,13.280005916383182,1.1142400073869971,32.52273544635018,LOW
3.172286738392149,112.77526865041062,36.34778475359849,0.21936193292930262,77.68613965803415,CRITICAL
1.828718019933693,33.86105310832173,38.64928524088539,1.4210642192962037,24.518832538522954,LOW
3.0284756758452533,37.642722758406975,57.56075316938816,0.8980421752174579,45.23400700536277,WARNING
1.2019898661278008,25.058636194446443,36.41607995239646,1.4968734216012352,12.591612212812933,LOW
0.6105764637396361,32.667971442387454,43.35856585354507,1.1469810906056366,9.25748220804831,LOW
1.3013390312183986,40.06980516593007,48.180920391842804,1.0797623234216915,19.53537188447899,LOW
1.9292220933729118,19.53717082145292,39.33776742943728,1.3924433892020647,25.689273212651592,LOW
1.4109712049811958,32.89908300117004,17.681310097324708,1.3799439410567693,24.64567774830112,LOW
4.855930627069721,221.96048635071406,13.477950279472694,0.05573104326730314,100.0,CRITICAL
3.8012727971394673,141.06921004742455,28.286757385122623,0.5534991844717971,80.22176106345194,CRITICAL
3.4397197688215013,115.03988988443118,15.08631192480249,0.5790636039435841,78.83353578236928,CRITICAL
0.4826902559641666,14.047784169246832,28.134378046078755,1.1368072749390414,7.93125824903053,LOW
2.2939416241644346,41.49829217000416,52.24696641766021,0.6855467759623819,40.27780919540736,WARNING
1.9266672296679752,17.095686257744454,16.007884746478297,1.1791910316758099,26.58114099617527,LOW
1.7719193200743981,27.7518603244974,16.2865176564971,1.2907587152522597,29.435490314719793,LOW
0.9120268537961536,33.612553055013734,48.28480121045234,1.16323238189237,12.589659986749629,LOW
0.5239559867728907,29.69871343505497,26.68927435463514,1.4898925249799566,7.614862869241462,LOW
3.5822058996660373,92.35568445405839,26.70870974265658,0.5168329113295089,77.38287585383624,CRITICAL
0.5635200813410552,13.684586384037146,48.423131289003294,1.0844143263901775,10.134733735372867,LOW
1.9469044362948222,30.638691612122937,40.3194012561819,1.1636573255847675,26.676064009612304,LOW
1.1546705942435125,30.57640653996495,26.232787488670233,1.3939538318722233,15.675791610697074,LOW
2.9541807854689095,39.23105658170134,54.460003856444956,0.6814180909448158,42.59523887496444,WARNING
3.900740146962233,95.69990412271702,32.58143667287001,0.2411534182832797,84.92308493831264,CRITICAL
1.6895098156504027,15.2471258207978,16.19130871443967,1.3032941296470015,20.843798103694535,LOW
0.24691245645162077,10.993856463418128,14.659165994322878,1.4713459547843333,3.8404333836648545,LOW
1.2353620507427294,46.83865555664119,35.11280563104688,1.0163728772616738,27.13242998424149,LOW
0.6958930661846043,19.954543548032284,30.2217834778512,1.1189714230546728,12.44118677995163,LOW
2.967292621129418,50.03868076847954,48.90220231177085,0.5492481532198576,50.66819486561892,WARNING
2.0969955503337268,60.90675058641389,39.7648809530197,0.7429312511584719,48.189083882241256,WARNING
0.11446637834650988,26.905496001846345,26.036648969029542,1.2114027036593182,2.344267190942588,LOW
1.0457844309992324,33.6927070394096,32.69313706626804,1.4408208670657934,13.623868435170044,LOW
2.078284844562514,58.17377075740495,36.71256837959507,0.6805256467086788,45.91913176857077,WARNING
3.4506304549352356,37.55000679512055,22.184650485958116,0.6568101147235115,62.74528534789384,WARNING
0.3218527613816239,49.66839290083356,48.40715619071065,1.3456463294794483,4.732942212603703,LOW
2.231619116612244,48.91930780511012,33.81380101559252,0.8069802305942031,44.034153467189824,WARNING
0.2965779328512347,34.397276968481385,35.444706277585055,1.1699412126215805,7.498903567733694,LOW
1.3110104260111985,36.546233877155984,42.17038548141482,1.1975125411352188,17.903494878316657,LOW
1.640993833341086,27.762720775141357,43.883592783903225,1.3879924748304735,20.17584929803788,LOW
1.4233587780892227,36.79215279691396,30.72266860134309,1.2926751445021185,21.441285897375742,LOW
2.857419901691597,52.507415264217315,46.48329898494304,0.51775451768586,52.9334270808002,WARNING
3.4589277181955143,31.99704846937763,48.88028179434086,0.6571007786951244,53.606308369353435,WARNING
1.6692607108751958,16.507741737174232,18.56299639049601,1.1702329293252625,24.398704176783852,LOW
0.4201297428182402,14.3819294800746,15.992662918790419,1.4340725765389444,7.583553428682486,LOW
3.9679578076055715,138.43123191347527,36.62170975070049,0.5264414001853702,78.60107091464293,CRITICAL
2.9122749917114836,58.74572694565569,48.26905370883864,0.8494882894501194,48.55731669777305,WARNING
0.6424926583201142,45.59440749661026,33.60140216147927,1.1642623490957014,15.999709611011077,LOW
0.6248840661769292,44.85399695142399,39.131547472017246,1.2301128223249347,13.96045157926854,LOW
3.927444780543316,129.80675183137117,36.75980899748066,0.4877572485676298,80.21858741190731,CRITICAL
0.2144889814991544,42.03479886027204,14.886523233372419,1.2051746203299034,23.375537265483413,LOW
0.9637899682334576,22.599353018696778,43.187753850196884,1.489089280619911,10.0989911451797,LOW
4.801445316491844,228.37311659231267,5.136996642184988,0.2693947596448876,100.0,CRITICAL
1.2599261993136226,41.97816474748673,33.81594987306932,1.03938760893485,26.41560761863664,LOW
1.5002104263147802,45.14310832294905,49.45833978887767,1.2050296318921403,21.738818069684868,LOW
0.8962501008018895,36.40911360648249,45.65460151599013,1.46905289616164,9.894292003148747,LOW
2.0035757107430885,48.18656217044867,56.27424944465695,0.8448088321071195,33.45777378789032,LOW
0.29807958827851627,19.852666637371435,32.19690071269977,1.448750756800869,1.0623497682401801,LOW
0.4390283336656533,29.704529043862962,33.34977024168637,1.45217473336678,6.986795609262965,LOW
3.0369103722416497,39.03429763491501,48.53841147641397,0.8243467944675695,47.482325449284076,WARNING
1.2277977727278973,36.75398818421604,37.734021781895336,1.4546332963687805,11.4313419320549,LOW
3.810197952401362,141.51236792279386,10.579866493256585,0.3450672434921346,84.79584997110209,CRITICAL
2.9732915766616808,48.14077973419627,44.11663627000294,0.90776824946349,45.59265636335309,WARNING
1.8712877261280638,18.532539835408443,46.772052261464836,1.014148772673448,28.736055375273,LOW
2.832292434554264,64.12351233774807,31.57208991287872,0.5269576695389317,63.73269413132973,WARNING
0.4348696175854546,46.94276947144956,44.09048114649418,1.15885694177928,9.414185289204479,LOW
1.5583173150246374,23.07722450269241,12.591705576983049,1.359993290467241,25.610168754292342,LOW
5.13195542965383,189.55013629811594,7.458113873602523,0.19459486757964473,100.0,CRITICAL
3.861278512249996,125.39436483574119,23.495571094578516,0.471722193751035,82.53895580791493,CRITICAL
2.3269743819583826,55.37768147010558,28.328590557496284,0.9495618904926764,50.59416373335464,WARNING
1.5510986689654498,18.83649819419181,40.54972870126228,1.0897660172473178,21.631855544605827,LOW
0.31589081509985606,31.115923232402043,42.82857400365802,1.377773476260775,4.765431556976367,LOW
3.650103490317611,84.14409233135838,19.768960703324403,0.4226347554922567,78.3851479890485,CRITICAL
1.395636727683351,35.393856374603374,18.097771206482513,1.2751989823974514,25.978416004173194,LOW
1.4323190895607913,12.832172560456012,43.30695228348805,1.471729483632056,18.480691302133387,LOW
4.865077508631357,243.48042614513244,17.147291149410407,0.0670271970128803,100.0,CRITICAL
3.5050719115454885,117.11532639586002,30.744221357076643,0.4298069041497019,77.01321399851707,CRITICAL
1.1656342377792872,35.91835403550222,35.663831112891955,1.3641720795390153,16.02707049804447,LOW
1.0845542987231456,41.21223025131716,43.329399028616436,1.3241807334990314,13.564456817362801,LOW
0.7307089789096471,10.806222094401537,21.817992326259667,1.2851221456307043,10.900889217248363,LOW
0.5923022737592617,33.1224672580922,38.36190886410895,1.433226925009714,9.412752715889352,LOW
5.783573242584997,220.09919803317263,14.938590221895133,0.07215833993228542,100.0,CRITICAL
3.939898276858069,149.57355205853597,38.114920284359364,0.48662271886839265,85.08607249447026,CRITICAL
1.2361711942162639,42.659854716382654,45.90218020437337,1.4782342343019406,14.033243169349495,LOW
5.917249923535584,221.63292563778168,12.973167809892567,0.24278014436764198,100.0,CRITICAL
1.6758174906979655,14.458218899409454,29.246068834107255,1.2413062494444893,21.01166230346552,LOW
1.8111301435704674,22.149658578134467,23.076895132321546,1.3884307733475436,22.995378463204073,LOW
1.6825551327879456,26.0587492465607,40.42399064830967,1.2626549789248591,21.888180581541658,LOW
1.9429743808636346,39.501003918657794,40.90269354497333,1.1479883744735413,28.206704955495745,LOW
2.470311478143852,42.99344434296556,41.40964750508867,0.9938803121249419,35.763521298689184,LOW
1.604234297065251,30.419282444586578,25.39070626923766,1.4218949171835957,20.0867764574452,LOW
0.8452140074817678,12.94482237173714,14.756404075000674,1.0683655333605795,14.879048248813804,LOW
0.46087139184968107,17.026000807641243,20.13387395154067,1.0830404630266146,5.889502915885361,LOW
1.9693726858315959,33.78921036618451,40.50772659412787,1.4096716885403442,26.59472537042135,LOW
2.9740602170694466,76.42248146187973,27.429538955019108,0.6373650179131346,69.84670412224789,CRITICAL
1.6909164796321168,27.950212945113947,46.28418242190097,1.2058378566231862,19.473844539590303,LOW
3.1491861754487935,47.56461380586093,45.20661813689279,0.6019837183784673,47.73929580013905,WARNING
2.81987734976552,74.43579328241435,55.83380895398909,0.7436055791497878,53.64468851670342,WARNING
0.7699234592764435,35.47058744266296,24.84803612216323,1.4634456792884283,13.428742358274784,LOW
2.9696658088321106,48.721852298468484,21.541740971850384,0.8690898617459779,58.76311844259398,WARNING
1.1228023950163808,39.87261616601542,38.51141723151461,1.329054831164095,18.202498445953623,LOW
3.6098883773003037,81.01567532815261,28.541915069057644,0.4450236982681117,78.61328631453624,CRITICAL
3.0567518476220776,74.65248126189817,53.655239228395224,0.5582759046554662,59.01816090558399,WARNING
2.89472211679497,45.18739588387997,27.364228244715704,0.5997543294969507,57.116439586083416,WARNING
0.6023447569494302,18.71153618086856,38.51427329636127,1.0791979471960658,10.639961878941131,LOW
0.8110283016446408,22.203770446039467,25.908188198230032,1.376907869556688,10.734957640164692,LOW
1.9943721178850526,42.22770264285468,28.24546212516851,1.3739311226243034,31.30890761201082,LOW
2.848988396959789,59.038587095942546,45.94882051454485,0.5303820950152949,57.08769695336382,WARNING
1.9592997778993784,15.777803440457774,46.41770090113549,1.3382247039728583,26.536515968326,LOW
3.314033989879498,71.58646056503198,33.81737729197795,0.8526849011578557,68.26161718809637,CRITICAL
3.2740894478013223,83.49795523458616,27.488349758242464,0.34203990522658423,74.47143525993144,CRITICAL
1.2066686554079489,34.86356237392877,27.49287862327979,1.2537746210947418,18.08374139320072,LOW
1.7778676257649688,26.942636647167397,48.21470597505134,1.2441508916295143,24.783004983586327,LOW
3.035378899527998,110.39145863549425,31.007855522474692,0.5454258129372971,67.54780226037144,CRITICAL
3.574813162673957,87.56127272254979,23.915403321695038,0.47957735741051827,78.70568326960485,CRITICAL
1.7545012038026533,26.947772582430876,33.33810758132644,1.1055852180009516,22.248332428939747,LOW
0.6318148302621597,11.767970697907003,16.532385669590713,1.2121803126665307,10.29516532261631,LOW
0.35343102598245346,48.71727313522707,27.08389452788825,1.2018663498111843,18.51237906316466,LOW
2.627278282939239,49.69042582275424,48.0170673457622,0.9748883504430592,36.03879846977442,LOW
3.1186202669053893,125.66160692570676,10.211428375030314,0.45323671094033247,70.6360892191121,CRITICAL
3.1139830719333794,66.47289013239723,21.77916126186723,0.8682471931507467,60.334414719729125,WARNING
3.0681726244356025,102.60626204743804,33.76192230496092,0.3972427262806809,72.3196259845692,CRITICAL
5.872386145732723,192.17178628592984,7.717696434869881,0.12940379935059557,100.0,CRITICAL
0.8677423990709475,40.9939128474651,43.875851257964655,1.4430663752191306,6.520222185473448,LOW
1.7040948866954055,27.36997471042504,49.61844322396096,1.3083415923342525,21.966469005162736,LOW
0.6602897229479666,10.442042505561243,34.421934267572176,1.2887477731781838,15.188331106798174,LOW
3.3168699246402307,118.5177760800145,30.39842877575639,0.2839275707714244,79.67201236041262,CRITICAL
3.737122524773911,83.73067801092515,35.95320093813787,0.5719480581440484,78.1715669398523,CRITICAL
4.248871798821822,230.4908762030363,3.4078160814507896,0.13180464085386606,95.96292203842269,CRITICAL
3.7942611284016663,134.7457359071238,20.61561402945464,0.5737080709774163,78.79413795993396,CRITICAL
2.5439714247888396,37.6862444117758,57.38632248216366,0.8186197670171217,39.4381686199913,LOW
3.582978682294082,84.47045617380405,10.898215411311282,0.5602245740009157,77.18081329124635,CRITICAL
1.406550464295638,21.388897148685842,11.488886817979598,1.3654192363994573,21.29220604494118,LOW
1.146517961793777,40.95463279740798,38.11293207320022,1.1742855526023237,18.138762922492848,LOW
3.055259090966815,73.29540698401883,53.745624651171134,0.6758006637428913,58.40936956461716,WARNING
4.057132000094102,298.0061357653144,4.9199426677321645,0.13213111513657436,88.74482412298929,CRITICAL
1.3219066481573567,38.21802102381107,10.29882736804109,1.2252221179878933,32.86111331564417,LOW
0.6164868794717128,31.844388585156192,16.18310422688626,1.1618029009286994,19.849510365794515,LOW
2.112266809011797,63.93729348825209,55.90391283558789,0.7521570214983411,39.57972943097959,LOW
1.983685800959348,35.45191150184172,42.241156066646674,1.3232467426381058,24.023619164927876,LOW
2.684106695107867,50.21738951080707,20.898078135255727,0.9421845336993482,52.681736410169144,WARNING
3.4609711247247166,129.05174460379772,15.334580612059337,0.40152440983351767,81.34251242595296,CRITICAL
1.0470251370710284,21.82849828053428,11.93692673218321,1.4585128795086952,14.607152199445167,LOW
0.6345164142665213,27.904431287772052,22.763694171696102,1.2759589350316352,8.58848589982197,LOW
0.361317014109922,29.452802770280563,43.83782135942957,1.0503194459609901,9.087234185603847,LOW
3.1881367187684138,43.83861391573641,46.72957971407598,0.8433289723414584,49.159407994529104,WARNING
0.5630093615757099,31.753794715490788,12.501934929416617,1.1669604651002259,20.351089342793365,LOW
3.532057560244213,110.56727129677147,17.970517321030933,0.3001502738824699,81.04102126251861,CRITICAL
5.069596866546225,161.975012575922,15.020780918703805,0.26311632702609605,100.0,CRITICAL
3.628775346021385,115.48165832811736,28.61581943399239,0.2051802870451918,84.89755010994507,CRITICAL
2.8446076713641197,65.00221856606811,45.55329562920769,0.5577642099211496,58.79892512695868,WARNING
3.6227275076878898,130.94560593381186,20.28662559752353,0.5676958064916342,81.44694213367548,CRITICAL
5.832165489865719,246.71981561080617,3.314827830664895,0.2851705292920847,100.0,CRITICAL
4.206793390764031,217.54465231774554,10.965111276923531,0.027624462140677142,94.09328520451147,CRITICAL
4.055619951857516,286.86646112353105,17.972163400987814,0.25715359055596687,84.95823902282746,CRITICAL
1.032564720695205,26.143785573034904,47.90344745715314,1.260675309886953,13.206915004176999,LOW
1.9117562714038094,32.75804362489223,37.84290492672022,1.0442599236669137,27.45400759360768,LOW
3.5390182220137874,144.4859888778426,23.36430056171668,0.47323359877796706,75.2386640221431,CRITICAL
0.22778885943824265,27.610653716471205,35.97366173845387,1.1218556379048246,7.131053869633815,LOW
0.9720493350525097,31.336819636133622,17.38338668108314,1.2669920442034268,17.019122667527554,LOW
2.2220552052523788,75.03293253037378,57.3941125195886,0.8303048448976411,42.26944709188416,WARNING
1.2894111530501866,34.06093866112591,25.650039265173458,1.1436236236866548,21.85069717056314,LOW
3.3288414965986863,49.24780274677279,24.875979380073275,0.5064031508256247,65.34916769610881,CRITICAL
0.5418772072541767,22.902222680353617,19.666794980231824,1.3320738160373808,10.690526330382102,LOW
2.2474120708922554,67.57972146540229,27.250714502097573,0.77930044297188,56.71049561685667,WARNING
0.18991760823853246,28.569199704967843,14.199342457700137,1.1533333024410406,16.046904964347892,LOW
1.0391703513514805,40.90343720002001,18.19593227399528,1.402448696118984,21.775466983647934,LOW
3.9888467951691844,111.08333752050142,21.119479859813087,0.4808021082300844,85.88490640722456,CRITICAL
1.307539011603628,20.7802106119857,36.06698690742001,1.2284880619446628,15.955409403692798,LOW
0.5698373480496485,18.78855015572302,16.583383708358802,1.2341727242023885,10.600451814729126,LOW
3.9810801890314735,117.84358642354974,17.142102270591256,0.5711244028174346,82.86102051104925,CRITICAL
3.4384118908205252,62.55159808277619,51.005800401170866,0.9453180973894393,56.42064636719697,WARNING
1.6644169363344061,40.879432512827535,24.65723295724066,1.249165983671077,33.39365836274354,LOW
2.042555328578221,42.378434996582314,30.008575802854235,0.9416157797406561,38.58757812712553,LOW
3.259693812543336,88.6629954226805,38.450794195253415,0.4818731744136651,69.7336276255015,CRITICAL
1.6574519526240534,41.48506453342341,43.50164389901943,1.1381062883271147,27.284718822667415,LOW
0.2329471272109051,15.457990159817442,33.88454020389722,1.1875840997993108,5.51246490176309,LOW
1.5570236012545862,26.66814971180644,22.550771417837296,1.3567595895255498,25.12502238017467,LOW
0.11789821676116648,32.39607721641512,49.28848136914031,1.136178618959166,5.1688711438584525,LOW
2.2583863143540235,45.57743158804169,23.12299561900832,0.9403965799784223,43.3482672762943,WARNING
2.2991602334157393,42.01376802491915,24.14465014642858,0.9814359545974385,41.67892651731417,WARNING
1.991760275324527,17.04597763873916,10.826073999126802,1.4478468067221417,23.355023972683657,LOW
2.391090432361143,61.73794251408122,44.65874233370265,0.5400961445198447,51.85484543367345,WARNING
3.4605253422251083,93.66078924575567,19.22151578308047,0.5464887019350426,77.67575192697886,CRITICAL
3.6517164375819666,127.30017207479213,17.45706511486226,0.46731807401119385,75.04270349054252,CRITICAL
1.8309807207393802,15.181553916423084,21.425613986545123,1.0330003643211059,25.234828353129096,LOW
3.9250432019891828,126.8597951363301,13.100037999575179,0.3366523526489681,83.80307267472254,CRITICAL
4.272602447919001,233.47340739341945,7.058589519911251,0.29974878364585855,89.3852773157589,CRITICAL
2.1569779802217717,56.15316004651255,35.00926193610591,0.7683835669893153,48.157927328351384,WARNING
3.9727472879612753,132.71925043826022,33.00574945661194,0.41157443589575693,84.70834937488074,CRITICAL
0.5667560074995878,38.30330052280766,36.27970376472388,1.1571629707948905,9.880746008997273,LOW
3.4089736766633827,57.26298105722,47.107466360683595,0.6358897922351341,60.415737728328956,WARNING
1.8471388999551026,39.70584980156561,23.069759661374132,1.01747258382772,37.24272991072977,LOW
3.260975487111688,73.03340594361507,53.40474901934151,0.6073732427105593,65.68909729655066,CRITICAL
2.5018751324392783,64.63211618752305,43.635880298704514,0.7833877873530758,47.58914590464937,WARNING
2.9050518932992624,38.343731732933094,54.9766530946112,0.6202848767362583,45.66555237610083,WARNING
3.3435256381987344,30.485525768531204,59.18710666161157,0.5148379333299524,55.47996702904044,WARNING
1.7293641868408667,38.34816012416277,14.232426317135062,1.4687074532979698,30.725342148749345,LOW
3.4809048522598003,99.46935830468193,34.75123150698034,0.4953785814763508,77.11777515887378,CRITICAL
3.347769728199145,73.06399050340845,29.071666337795623,0.9393430771907052,66.64437944532862,CRITICAL
5.51974865709164,198.22289315437882,12.958517793330744,0.1617973008795335,100.0,CRITICAL
1.7867294421809685,42.875259345359574,41.10841427547747,1.2795766937885062,25.046456318669374,LOW
0.13822442411477498,49.270967109846275,44.4462841368767,1.3113401777189606,5.772987446736003,LOW
0.5326605086321279,28.081995519032983,35.123396929856824,1.3540772583713265,7.825076548508877,LOW
3.2168640473230457,65.99206551654022,58.19249328826826,0.9373229501990442,53.821767391089985,WARNING
1.9000963407624532,18.16703970258448,49.65055142805746,1.3506647710000033,21.03223686961048,LOW
0.33972873125380354,44.66300770360762,27.297673847985507,1.2799259284315594,17.15992543596648,LOW
3.255354704809949,133.4756239799006,24.11394285514666,0.285101863647655,77.13986459635036,CRITICAL
1.129338671049066,44.07055408773039,12.677392328861675,1.2081373986127728,33.03024781633472,LOW
3.8583572801102086,134.27539434342316,19.17128725079668,0.4027718242516187,81.38919967403794,CRITICAL
3.0805605878134577,72.499593468053,24.466868954271746,0.6648373472962746,69.80482892513625,CRITICAL
3.051585349871811,66.50181477624602,30.130366958886388,0.5069383060085937,69.91526834489257,CRITICAL
2.9336991545939286,78.87852202758002,37.32467112377421,0.7625248754940481,66.15152519599418,CRITICAL
1.8973075893840528,33.33386619729747,25.631999356224796,1.0222821679437024,32.8431097842934,LOW
1.1362811072699215,17.464692804196886,41.33516521232685,1.281198903619326,14.475232920526858,LOW
1.745858466653821,41.36095131333947,48.05205317702212,1.0003140964463173,27.503448452162985,LOW
3.0693494781248565,70.26631293918041,23.691225903676006,0.8462902918053649,67.14909968794852,CRITICAL
3.040865787685092,100.79372263688398,19.72034847648527,0.5418329581124209,71.27937433246404,CRITICAL
3.453429700657709,141.24164132114777,17.026475293092197,0.48183075259994096,78.6064817825094,CRITICAL
0.1757377494805622,21.36604959279127,29.716273139625144,1.4217180075355862,0.138793208543889,LOW
4.5401461359612485,297.79420876475797,18.72669363016448,0.16273245259219296,98.70218130209986,CRITICAL
1.4212881417635026,43.82870646195257,27.812043987180367,1.1195202296729456,29.10836677526423,LOW
1.9041234178382067,47.923929067407144,24.68198693778339,1.03200155457087,42.68224474087541,WARNING
2.475840101875197,33.31776305000246,55.67225657874265,0.9990581573001405,38.894636197921784,LOW
0.8024403351632982,14.350070641985631,12.213997486540663,1.294395520254748,10.27811572891543,LOW
3.4529702511417204,116.69253773086731,18.121900510756287,0.4945549123495259,74.92616476728357,CRITICAL
0.3440903499664828,27.435111575984763,12.608506983333903,1.4032421612335177,11.765108398293446,LOW
3.2483941792023168,113.9856829747367,25.57189193189707,0.5940004865831785,72.43751503177914,CRITICAL
1.0534318030140442,18.681382827814822,16.409691207048866,1.1217826493461827,15.8950069527601,LOW
0.6283715646451447,37.614036879275105,36.05927740977746,1.2772481027961682,9.054482754625832,LOW
3.8745461147783162,90.84489238939227,36.94456126759371,0.4511339322250084,83.7699667822674,CRITICAL
3.2790197983603933,50.252788227374495,49.41053185679117,0.8338821781768071,51.06522981105011,WARNING
0.6561509043897206,47.596834920908854,18.937007546244956,1.236130200501305,26.748565959014975,LOW
0.26396757432217766,17.247547559511666,21.466684850318863,1.2316592428428261,6.306099758547652,LOW
2.6389327275454106,73.50311759759065,46.50485816360374,0.5453151265696932,60.22212566507953,WARNING
1.67174498856948,39.34621410662087,46.212445911196056,1.1138339194847442,24.089443560646114,LOW
1.3944907879183777,46.022250829964975,46.853730872740776,1.3035186213432306,16.577171265898073,LOW
3.4909871348079142,58.97128594929452,57.09833295248907,0.9582975252720329,53.566033266310875,WARNING
3.6036691875331543,90.96608870155991,13.2276314178965,0.5818727935114452,76.58040808336152,CRITICAL
1.331505931794111,46.23457659821459,44.795727052823665,1.283451591065335,21.490514106728803,LOW
1.2882421972383191,10.926097344385655,42.97250243002311,1.4990161376097952,13.677218625406105,LOW
4.719789681075629,229.6651923066245,4.724339262474637,0.09089622160318163,100.0,CRITICAL
0.8481708477887452,32.25987673293594,18.6073216874715,1.03923934904802,20.88460706633845,LOW
2.9567149767286693,62.050114518822255,34.26337540142371,0.6186808979695336,62.669043673261754,WARNING
0.18338834485892586,15.080757611162685,26.809623307030172,1.1668689171823705,5.344542751219966,LOW
0.310804000803112,47.5545014775911,46.450008851719595,1.38594930419314,3.547062970751983,LOW
2.437548342646568,56.5311406613678,46.05135377571939,0.7595981482564782,41.97433864777516,WARNING
0.7609986257592861,41.10999665769974,39.55995979910547,1.3481140320716791,12.987860564203388,LOW
5.377959038232984,211.1848876604878,15.929625256539385,0.18279062281563904,100.0,CRITICAL
3.71318253164417,133.8944037625633,30.023093894088067,0.23680818346462093,81.62911075003538,CRITICAL
1.4612112783218094,26.850218867421912,10.065210077375554,1.1846425465504145,28.697825015705916,LOW
1.5831331381482152,41.35006277167399,42.255143574841,1.0151635956838672,24.956479479626882,LOW
2.6717955555958888,57.32360463570934,29.095228943037537,0.9617999775714481,51.984479347338,WARNING
0.513841259814544,31.016141004873145,17.620548916034004,1.3433458146889363,11.561837951617033,LOW
0.3602116400078881,15.464986205790412,22.514021004633143,1.4166353245956254,4.814763816185719,LOW
0.3433689836485041,22.115967310386697,32.13332715615287,1.3814414202218233,4.697336426506487,LOW
0.5056795323880967,21.489905211472724,41.44390577979783,1.3433216588007166,8.662837329219494,LOW
1.6936164596206658,44.366233773990245,45.297550998345855,1.137502094363831,21.33752913221674,LOW
3.267756044860934,123.88244991428984,33.646381294742866,0.3076611577677607,72.25390404523924,CRITICAL
1.3713949984718479,39.04545121519287,48.3905056503217,1.424970335328835,17.050280746873263,LOW
1.6375583282267148,47.41286903454184,25.628712659698593,1.1568309791930378,35.80630741417516,LOW
3.434683400703686,32.54161370867196,48.35522562892606,0.9073341666036827,51.01132530156015,WARNING
3.1345237585635584,97.16054177207035,19.20868909254373,0.2034709638766402,78.55930645399884,CRITICAL
0.4052536918743612,38.9850460863189,26.598112285095908,1.3522297235459255,10.778613719766097,LOW
0.48620112963177275,14.608627704835646,18.82188295625908,1.28951717233972,6.86207177777195,LOW
0.7515984668196608,12.109359341563284,45.68836370279191,1.0690804960394984,10.831954562662904,LOW
2.725314279959723,49.14781444089788,47.83498794361783,0.7985073753509302,39.96175012470193,LOW
0.6941304772944095,49.14432514397076,29.33340812122774,1.2120965349055077,21.12973092843937,LOW
0.29965911396546074,27.560014020990312,27.465875174765376,1.4907344933402844,2.707498652158584,LOW
1.019271487474981,18.049812483899675,38.07055566859969,1.1958434385339645,11.638308864295725,LOW
2.703705462781877,48.71824887351762,41.5009917067194,0.6918993385239056,49.551946105868595,WARNING
3.495237600252886,143.21890865406337,16.684127221665516,0.2448495519140475,77.6549789706732,CRITICAL
0.49408079431690055,44.72865235892702,32.716181191586195,1.248794632490819,13.414101838962848,LOW
2.1955505197585676,72.85073602602583,39.33216232824961,0.5682166147622849,54.793006656319896,WARNING
3.3404133287768496,74.53458161102077,55.71275566225809,0.7084587295964783,63.80031067567492,WARNING
2.349906289616303,71.55884942647661,33.668892255972764,0.7319562309802483,57.37905309138232,WARNING
4.7269459796555555,172.66279044863734,18.208208461562204,0.14794631613280904,100.0,CRITICAL
3.732073592733278,141.2362033865425,29.641688071126456,0.5249488054882643,83.06608547971871,CRITICAL
2.5088492677340795,67.69159182006591,53.702402174916905,0.8050058711867146,46.90674629724938,WARNING
1.2657917099158067,44.489216014052936,46.018870433480544,1.0157583135647492,14.304106471580656,LOW
3.025470097950915,48.289187096895134,28.343090750533815,0.6974101891928299,56.99956385105764,WARNING
1.6759486860256265,25.349051989877736,34.91153369794799,1.1623628112532172,25.090493150407188,LOW
1.2881156472046829,14.384896774245682,29.243433873134176,1.359939029494646,20.192129213711105,LOW
3.119406601181538,43.6581293847589,21.952741199620363,0.5279851888181899,60.82809212990184,WARNING
3.136491942106918,71.98047417462703,47.747238955897004,0.7316044773613417,57.74221322297716,WARNING
0.9128244172604606,20.9358460765133,34.97850455483978,1.4091034302474539,9.105693790732344,LOW
3.2942840118023664,144.01572369631714,34.39204907580965,0.36525004532371963,75.76345150200648,CRITICAL
1.9006374184033332,36.36214668765996,19.98615930357564,1.266768101717775,30.78255448311538,LOW
0.6081845370858596,11.904106730465035,12.79946040979437,1.0782925217466282,12.951181595708839,LOW
0.5711080113733012,47.497169287557156,33.03280091497611,1.2112525899700668,16.566893882701866,LOW
3.5323131410539452,111.61554655202309,38.24805818141894,0.49216323379348553,77.22428805512494,CRITICAL
1.8786992147681953,44.079904999742,48.18134917238687,1.0481119687056504,27.848798540867918,LOW
2.3183583495257625,37.02007450259811,23.175499903040055,0.7111565460723612,46.201134600206174,WARNING
0.25508352652936633,48.20264783714766,39.335653729901495,1.2589272541001983,11.51455868308871,LOW
1.3035292436391746,37.24049075454151,19.498833566300775,1.1600723236394936,30.322928760773436,LOW
1.2448386153924516,15.072319282254703,39.739124940198614,1.173012135381682,18.476478347512273,LOW
3.737581129481938,93.5328888555867,31.962231057265257,0.4543157623864121,80.81427015361594,CRITICAL
3.3032208812576,45.5737557019447,45.77216289680726,0.6375690926273333,52.77919538429458,WARNING
1.2411981446936304,40.350458815148194,34.20080098417684,1.4849002472978845,12.202076789043094,LOW
3.4775177396929715,67.17203620270432,40.316754889971946,0.7055028815468507,68.82106192360835,CRITICAL
3.0826757663392916,73.60860566233411,29.110412301630095,0.7824473644472588,69.56424623548452,CRITICAL
2.4392852567075693,79.39748073821994,51.42151665384879,0.6606330512526928,57.07499694406226,WARNING
0.9816766415815078,23.724438884089054,44.16011871889018,1.3956474552244615,9.448363430967824,LOW
1.7431142572476588,46.54400024270114,32.098353965370436,1.0796185013290365,31.274201839476813,LOW
2.068382996791202,55.00452113085557,35.21058132961544,0.8430326466203996,45.07762884734554,WARNING
1.2873963970582984,40.87824294296265,10.51112586535455,1.374981672336005,31.472332954231213,LOW
1.1487834819923572,23.493890017232513,19.818656253096712,1.0355236790286746,18.534938140621342,LOW
3.610429215635682,148.79594115246422,35.513557012147494,0.5478533068876593,75.98523925735235,CRITICAL
3.117886234149237,116.20022065509983,35.70567214334932,0.38896320572932835,73.39887084759306,CRITICAL
0.8090740125431297,49.53549440839529,49.99036745964971,1.3554174950238713,8.382652758140235,LOW
0.8162269556342024,13.72126340237601,30.696372080624275,1.002209654449465,12.001961770885377,LOW
1.7459384650050018,18.52232215681058,12.593737185957927,1.1248653922247276,28.549666387649893,LOW
2.0008610175012533,53.607560693780556,30.62472158804944,0.6681045061081975,48.332035008221006,WARNING
3.311509662688032,39.08284529189388,50.72888094674188,0.5244510887192186,51.62819454921119,WARNING
3.1779979063658494,120.50423426917081,14.943494972657197,0.389393486110672,72.49008188872455,CRITICAL
0.17857866524431087,43.034703748024164,41.20450860466575,1.1389291860339026,4.3901141069206755,LOW
3.038726684424286,34.523349055998096,53.76752661479452,0.5897130525475209,51.90838998066097,WARNING
1.494119062157148,17.33004245563048,14.895878141657143,1.1677914136142404,21.523774984436734,LOW
0.6438825060967872,24.24243458879544,38.57087177430783,1.202732790492194,11.143665580031856,LOW
2.9606047073725508,48.05495910544587,37.28963126428923,0.8518113560292515,52.348327958046006,WARNING
3.717707326038343,149.24449838755953,27.89610362258005,0.21593231612428299,83.55487290911591,CRITICAL
2.3450139190787884,46.685659019215436,39.60280208592812,0.6475254022054158,41.148202382319376,WARNING
0.4220518908443702,40.62241050285249,25.80847049495377,1.41587865024498,9.473485160476745,LOW
3.7509634861518197,107.76712134292842,31.639663390644237,0.26208820175142916,81.17554806890863,CRITICAL
3.132185888212585,58.13432440166508,45.69914372219576,0.606763965702629,59.98261716110106,WARNING
2.690711433192874,51.40264297786037,36.412630174851785,0.6554620139929344,53.48344895775574,WARNING
2.0449281610454966,32.426261503943486,42.804760041929065,0.92314173940258,29.485090133922416,LOW
1.0636931748092158,44.0454150202281,10.17791912395317,1.1378969538009032,32.95119356254857,LOW
0.18072531897367566,30.10348406978002,39.40520755956238,1.0886213886622889,12.242124912867618,LOW
2.819574967628146,47.89232127953666,46.57721984900611,0.595988388791912,51.263382538407015,WARNING
0.8552526160286202,39.63654558272947,36.24403866089399,1.3197310426807085,8.899645321435866,LOW
3.9935006573547978,119.70431732541454,20.448036330841298,0.5115501396727258,83.16769032373712,CRITICAL
3.475201801294479,79.55034074933573,51.96856553123546,0.7365078438927899,64.65850256009298,WARNING
2.4796124472776366,71.4922851838907,49.861847753428236,0.8857126439120615,48.148125980702986,WARNING
2.1869869529851833,48.43115131917965,23.49730089656842,0.9794206136374654,43.165708070898276,WARNING
2.931122181477143,40.242821676347376,33.36509748709898,0.5722424509566799,54.18443992638386,WARNING
0.2962864724249554,19.173990957644538,38.56266972636351,1.4469899193846736,3.9660621981098827,LOW
2.787421325256342,35.255618205713525,50.19657497425948,0.55281987018694,43.81108028213512,WARNING
0.7261051824613177,40.76718866866841,16.868949358468747,1.4229230250536793,18.13855153678618,LOW
3.490925822822711,87.43041239424801,27.262217170469267,0.5283725487196698,77.78236740272263,CRITICAL
3.4808696611142533,71.23556817443328,28.06001856371939,0.7245020298037543,72.40163860557882,CRITICAL
0.23237407694512607,38.242169634846874,46.51727219096042,1.4867877583376259,0.8101951453262706,LOW
2.301290109620237,44.79535450341093,53.4890532031378,0.9052314282383531,33.97400060604634,LOW
3.482243514928464,119.48600135854247,33.117685244880995,0.2957062132478396,80.38843992585304,CRITICAL
1.4830334805060863,18.5597445665221,33.049305506155136,1.350293387458166,19.774231460861973,LOW
3.4744027025335398,39.10028309228319,39.23194515562231,0.9400522721195801,52.50719769041859,WARNING
1.6111677001415838,44.80197196054127,43.85757478842449,1.435682522278591,19.812147750075116,LOW
0.9340698481690815,16.98287484233839,17.22164709770496,1.2439136539256068,12.951982908486258,LOW
3.9371839945227336,86.06027512048499,14.86191970538644,0.3163367120712225,85.92530382811684,CRITICAL
2.092593827744137,69.3327254929734,22.551548676905554,0.5792159037823923,58.86479619523547,WARNING
3.963729778597462,141.92494868313662,13.211339730547593,0.45249179410185597,79.32172058139315,CRITICAL
0.33900521441138676,32.20449485010141,24.26633222341712,1.1728939196481754,9.825117159806057,LOW
3.9480871963302095,136.7262390321685,29.77945492333858,0.3505506478890354,86.57378131253842,CRITICAL
0.9645213815253021,47.95050620204134,40.405384187835686,1.1460071516684769,20.733719530176764,LOW
3.095308395982555,129.08901140624826,19.93509520975706,0.25185281628495565,78.02073018166281,CRITICAL
2.49746903580263,66.50618718353451,26.497478002439312,0.9929639122385203,55.464547614786284,WARNING
2.20369981363948,62.67187260843854,22.385474588159372,0.6666937298834756,58.95994850425823,WARNING
4.241840748416245,239.61360486614825,1.412107719318545,0.2008203634588087,90.24226872654332,CRITICAL
0.4897979477886575,47.66629540283992,46.233273695814006,1.4350076149919455,4.253055658594513,LOW
0.543545193162833,34.48903437247037,48.81484005559311,1.302408691152342,10.070359713892923,LOW
1.7753095785638309,48.98707160478117,48.70610615798851,1.0738482817078978,25.065956779145882,LOW
2.877378544467264,39.74592952101396,41.87109388907505,0.8232687869865368,41.62037215352675,WARNING
1.917968563856368,42.14463712035849,40.37796523617863,1.0108894599709255,27.38394686826507,LOW
2.270942803186865,63.08587656526485,44.84621963901702,0.9259626788319556,42.10052078752023,WARNING
1.0956270194758817,42.86901887093249,38.68405777464782,1.035402287964295,19.391535260346345,LOW
2.20360920279693,34.47360135247437,35.944285257395535,0.5386818034170877,38.57293874154696,LOW
2.86529678525632,78.90548931749791,56.631300277852226,0.9245640293926842,56.2270632436381,WARNING
0.37568943095946983,33.67468010028301,27.61264300440265,1.1127633262063132,11.66569844756727,LOW
2.9380847206058514,68.69607199105451,38.66218507697433,0.6608197876302724,60.254538469485105,WARNING
3.462509089654098,32.25452690231586,41.146632129277734,0.6646322511878511,53.65714575603534,WARNING
2.7922483508657243,31.4588235132195,43.16469857953606,0.6160012919003555,43.81543290702449,WARNING
0.6931890121923445,44.34053231099342,11.902920705454179,1.1739983760118462,30.704965974949133,LOW
3.091497706497461,67.63110516458099,27.695480652138098,0.9558686368726408,62.26566202082791,WARNING
0.12110715880630772,36.723847283394505,34.1601119617806,1.0629788175445896,8.463580830773775,LOW
0.8564322218710749,18.394055135744658,48.112512368478086,1.3510793195378348,11.63365548942865,LOW
2.9468003026951086,72.02102292261313,45.42881123925905,0.5572953644856868,62.98927922192716,WARNING
5.467438429345648,201.60043739703923,2.707957028155521,0.14468417774082268,100.0,CRITICAL
2.265913276860386,62.47221371442583,53.02447032051624,0.5785250891922922,43.12076281316006,WARNING
0.16200590402332474,35.260183105727634,48.9344821073675,1.3856861260698763,3.506582924939661,LOW
0.23620850435161125,34.66616515971924,10.129155406090046,1.3962928121360239,14.402234554747636,LOW
1.5507505892647448,20.629674862028363,21.378835755482044,1.27049596907684,18.33998979968427,LOW
1.915582408785315,20.53586328322691,13.675649730820352,1.2704907372946108,28.00609023253808,LOW
1.7738427885776422,23.097985292760136,40.994700213669915,1.4743016965571156,18.144623932942263,LOW
3.5248010966499814,148.82785744659992,29.678116551293208,0.2513955746804786,80.14397343105024,CRITICAL
1.6037013352776182,34.97612030310418,45.284838864428146,1.4136612316615715,21.18934293537323,LOW
0.5869976734988048,39.353141929179785,32.93251457786606,1.034937405091566,14.572209062125875,LOW
2.128643394751331,40.38504684459113,41.81505983254432,0.5665284049545913,36.84207071552481,LOW
1.8229029642826071,37.88470073889542,22.275257118929638,1.4386775611771405,30.661917127853492,LOW
1.5290838777819522,24.863494237517383,19.954466906903537,1.303852303733855,19.121124662758987,LOW
2.804545532278171,65.81441428449806,36.880648214582905,0.8977230725299539,53.94036818998693,WARNING
3.8368239579294405,147.47385464209748,27.07025549112062,0.4702963936388978,82.27764276069621,CRITICAL
3.052591332093167,143.85432433722227,18.13490262673872,0.22281747267664423,75.35413567599959,CRITICAL
0.10145305601274641,35.57450692529634,28.135493897508045,1.4221651255076346,2.844871328132408,LOW
0.6333444482177824,13.101856156366662,31.54046719711769,1.1829521949468869,9.485778606342453,LOW
3.1051885958656293,116.6515539264114,15.893050110843506,0.2849564789424998,70.20066108741106,CRITICAL
0.9728632161814167,29.776001972298232,44.86045046526216,1.4460560703188832,7.218037157186281,LOW
3.792881993536481,135.85674028899788,10.491027505071083,0.5015455432027198,81.82394438235653,CRITICAL
3.605032938309967,132.58709385567425,33.28510620486759,0.4026333622870756,80.42760784379637,CRITICAL
3.921373632118702,117.08002081083868,10.944815202266128,0.20764276257949896,87.32170891576149,CRITICAL
3.337361085895079,106.42732421408407,24.09724088206046,0.3063195988804816,79.81061782107054,CRITICAL
1.5118163897647057,36.88076573034201,31.023338512226513,1.162721048523017,25.11655361625524,LOW
3.402796071712026,106.22641477569584,29.241125543133066,0.5681326630796675,78.04968064992069,CRITICAL
0.5157345369129913,14.958093050335282,15.453057459975167,1.010662857930258,11.809596721893785,LOW
2.1966589690610068,73.2849170470547,59.31590098672048,0.7479343633905376,38.908330504155195,LOW
2.9120406380220754,47.1691060463627,33.72666606946012,0.8224019166582999,49.90365340583663,WARNING
3.0778331416075524,77.06961747520802,51.18366243998669,0.6521728540168539,61.34148248116196,WARNING
3.3298569058257126,42.49696745649511,29.54580046119826,0.7163124541370727,61.123885772531565,WARNING
1.4028032846261227,39.98804318293444,23.817200212075637,1.232642626548363,25.568895332563056,LOW
2.7900525061235673,61.21311411113612,48.95322323403533,0.8377793703865778,49.13095881922901,WARNING
1.5869249446200098,34.40186327334945,38.595233680282014,1.1307508625060443,23.937088029143833,LOW
1.1931587725696486,32.06381889464867,33.40667289812075,1.0347532137332471,17.758857861283694,LOW
0.2263130250241935,29.206439010746166,46.08394721627956,1.1945880916571396,4.91781982479899,LOW
3.4195031088744643,104.8652190955628,30.924388136133878,0.40510291290231304,78.73242199526868,CRITICAL
0.21037523600720556,16.665572952663993,40.89294868506346,1.4603658537810036,3.145050275194481,LOW
0.6526025687745795,27.951518360818064,39.43511469195238,1.0220539267349094,10.45069591518958,LOW
2.3039716464579785,67.97658855224604,45.01883247143919,0.6697879184621511,48.07564746318227,WARNING
0.21731504053158013,25.723086952964035,13.908265244107291,1.2097504526798228,13.521073443742539,LOW
0.3946583595997777,47.29487762768799,41.82247264681648,1.1180817953677724,13.659141421474644,LOW
0.8050112013204236,46.54822970246548,39.54871532822601,1.3801745981532463,15.589925794397626,LOW
2.998309698102659,55.43692381341528,49.635752133449344,0.8663638227108479,48.164515124898365,WARNING
2.1009799483994476,50.519063258682145,55.95156494449319,0.9767194123516572,31.028335595704288,LOW
2.2272067834562748,48.735997839402735,27.302133968683574,0.8260680680803076,46.85504950541173,WARNING
3.099209927660911,88.797180488533,37.29015438826207,0.537513772767173,71.38391731092823,CRITICAL
0.917098974376591,32.111986995324806,33.86543399526492,1.1271082802171524,17.528029947689383,LOW
1.997783151503101,21.317578091681494,32.09661112087999,1.2770797968662286,23.54860532998109,LOW
0.5589325676865741,32.61412289342078,13.640576614004427,1.1934630566677669,18.308128248279996,LOW
3.699942914943273,91.81802176387933,38.48187581798549,0.28639684325910303,81.54589408488945,CRITICAL
0.3532137135356168,39.11412541725932,32.83501730539584,1.0291255662074352,13.00957072242358,LOW
3.2343104247738,53.913646207776964,47.061219150362284,0.8668278304785445,50.766339416802374,WARNING
2.5283243785511393,36.594774151382154,45.90154178118007,0.8843481659061998,38.538472382078574,LOW
0.49083584349810094,19.812525994473475,19.506965933107043,1.2094654772466824,6.170746279057894,LOW
1.1529395912308675,13.728427594505433,33.25001343617048,1.0109230441449062,18.588051718470705,LOW
3.156898435421896,31.77806581331903,41.49947551867976,0.6772182962613121,46.32296793867143,WARNING
2.4256696431674514,67.18618148137253,44.08947631346636,0.8948361918588003,50.40960760293033,WARNING
0.18176679815170232,31.325329996144575,48.974791045554426,1.3548682237209537,4.176419703263052,LOW
1.3706655703335089,11.596308524188066,28.824784826419396,1.1186278417066644,20.81890695754436,LOW
0.8785017309925924,40.08684418134367,48.18418774253405,1.4371787854295173,13.07411532564943,LOW
0.5155337943509587,18.309475369675425,26.5237852011097,1.3228772822711705,6.68764085384159,LOW
2.8127030079236595,59.11150278385385,54.40461014998274,0.6000598197253366,51.3649391804883,WARNING
2.1605492002062294,52.958198739452186,45.4335547579402,0.5062508305733922,45.339064193444216,WARNING
4.508157770683433,170.3939297237384,8.295252967752376,0.04379262980053691,96.63713790782788,CRITICAL
1.1715222120778004,45.18290052903631,44.43400420482763,1.0503942864092874,18.594569209116262,LOW
1.4358416312595605,29.797640008476726,10.804727147492684,1.1422820891397163,27.71171358969823,LOW
3.5115088268743206,135.85641261922112,22.06888297830782,0.47078545913849557,78.2589642366626,CRITICAL
2.135210388673918,39.165537152664676,38.515570943580116,0.8187183682038157,33.06092011358033,LOW
3.0023044708635642,65.720762349985,40.23066550883495,0.7874277446256831,62.3119287321516,WARNING
3.728943692080552,114.04819062996467,18.43832643540602,0.3778864640966043,81.31987375073868,CRITICAL
1.2361229666124682,12.982676164398459,15.815603794948485,1.3129883102261315,15.715445998189212,LOW
3.182412520275318,33.40152639817612,20.11726653586074,0.8834289469649286,53.46096776666049,WARNING
1.785689920894803,17.398743764990567,33.420230213949765,1.054704832177074,28.298450951444718,LOW
3.03442555364973,41.298516520207485,56.91003681472124,0.8117412201739114,45.81715660518852,WARNING
0.12954927088951643,10.636900660554524,12.048471688634145,1.455807931135807,0.0,LOW
0.8781860023749727,19.539731027583073,13.673120383398034,1.0543132963127007,15.723623695692377,LOW
2.595252577459648,75.1227693958109,38.54946841950698,0.7517457878546743,59.536627660476945,WARNING
2.5447444704399516,65.52059301917066,35.68910672606637,0.7941610851999453,56.495328750251645,WARNING
1.1046152358351837,43.08109196646824,26.549320853707957,1.1150389030098293,26.164335925073026,LOW
2.4625448658251674,78.14969159133483,33.708676046656606,0.9916270119094734,56.49291934838408,WARNING
1.9993341152470119,13.036225996344001,38.529595269026075,1.370220793022906,27.211102637141884,LOW
0.20281649849422428,24.310131709379522,35.69257988800594,1.3231235236504415,5.783175632733335,LOW
0.580709891988772,29.46792551529791,39.14442090848878,1.4263990515012281,12.056914409243262,LOW
2.9236574862922904,55.16756409314698,31.752276550667034,0.5478521930803575,60.434649262861505,WARNING
1.5064847161971573,19.64254074527904,43.18841342510919,1.2017441835022626,22.785080145523725,LOW
0.46027654972968,49.416256221113265,31.62417761032276,1.095260352028828,18.416372952254893,LOW
1.7371634417194113,33.99383868549886,14.601530171270639,1.44345404427813,30.76281709209347,LOW
1.1047527397515915,16.92401122930523,27.58823914759955,1.0882687745046677,16.82896189226833,LOW
0.6127449018579405,21.32375729028768,48.79305245565325,1.0192232428940915,17.18688089696006,LOW
3.1318185321994774,68.04827041131897,58.22011929743841,0.8778339773018549,51.516757311547096,WARNING
3.5323154152526204,126.03713406763268,24.343729504815826,0.31056681872177344,77.52333802306732,CRITICAL
1.1130060189151272,19.905269012264085,30.665684541270167,1.4581206555804114,9.264616211045398,LOW
0.5230275224769058,23.874235825462797,45.07549178017558,1.4708489617102525,4.937718257778713,LOW
1.9523742666141726,22.95409242670707,15.514395383789608,1.1410471021555342,32.4384244849077,LOW
4.831750900967961,290.08229098950073,2.0816442886309794,0.22981667166413028,100.0,CRITICAL
3.4601094380700044,32.63568633617463,27.66506687817925,0.8201119612694862,58.351642705808466,WARNING
3.7976479100438487,112.59077398850468,32.36424025253312,0.28323902441325727,83.59266680936084,CRITICAL
3.4334435393803258,119.84741393141277,22.665435839213792,0.4056151599488137,76.50593147799714,CRITICAL
3.478140109302723,80.52329105279988,33.99545927011452,0.4470869365610024,78.04173190014083,CRITICAL
1.0558328504072345,34.099341973835145,23.815646579827288,1.4230335761769104,17.46798372723526,LOW
3.100111375719577,70.40036341882964,30.32336725246333,0.8728208948324887,67.49242391753361,CRITICAL
1.0579602694381223,13.92712880404682,44.08483835272919,1.2667440943563326,14.787670513348832,LOW
2.182160984729184,60.09112659531674,21.679534003804235,0.9616043833203253,51.55748877102605,WARNING
2.904048680754295,70.17162073509864,50.27681451009218,0.9966216077884096,52.73713618175803,WARNING
0.33680165845368104,32.93886879806921,40.5596669626686,1.1428966761528203,9.541573527070305,LOW
2.30508795160578,73.4635301997666,25.389176690366362,0.5546199126358964,58.7660319119327,WARNING
1.7844119266214036,37.81760674636841,25.788743302049394,1.078625461725936,33.550060919206416,LOW
5.53111892362909,165.3185934612707,14.564301188212623,0.07723411365493507,100.0,CRITICAL
4.038547234948421,185.75258854769467,9.979967530236497,0.02372052013615783,90.37320742929921,CRITICAL
0.9751119276280613,45.160922077574156,30.21163494261272,1.4705234254129484,13.30196163859744,LOW
0.6324865662614653,36.260631007757354,21.32490327609126,1.1736380347070257,18.321051080771877,LOW
1.5757523779927343,12.826590162008129,32.5465044082485,1.0498348610732862,25.52587164079358,LOW
0.2186463631500563,46.06732115131202,11.92817835071346,1.2582082239700936,21.359806851818657,LOW
0.9551142684391729,39.92348759487087,46.475333050245034,1.1501361070423495,11.570445303112662,LOW
1.7984963279056818,49.151362627975764,27.334046974914582,1.227894438674614,35.02025658618097,LOW
1.9893221283186586,17.393918568265754,25.14346928049832,1.3082509909993019,23.424487375315756,LOW
1.0014047241988517,48.93934532963505,30.32285504203193,1.4551602192369089,19.167758540082733,LOW
1.3525185021245496,39.10403301035311,47.27877121142824,1.1284427444375973,22.967923685822427,LOW
2.5134287265089865,65.88048724414887,25.684645036815084,0.7287712748652647,59.38953389389714,WARNING
2.3500247742139484,64.24419519084938,39.83760776189948,0.5460182785283065,50.84604240097547,WARNING
1.751491785624478,49.57163591825389,24.756843892710336,1.027437365609349,39.347906221240166,LOW
2.4275179988327618,49.564928135370685,52.44600924982287,0.706554973478934,38.80476353327103,LOW
2.442808552075349,66.24058992974885,38.65589772421737,0.7726771408302024,50.519649443883175,WARNING
0.6048463793159856,49.43057512442268,46.23260224195155,1.2636914138093926,15.193309071958367,LOW
0.4200131446244779,44.157408457444404,47.23248292319055,1.0806460522872217,11.271448243166224,LOW
0.9285736668907797,37.09077709502091,14.051836552111649,1.094521325962999,29.034086344240812,LOW
1.814183278285289,32.955847581416855,30.93709743234892,1.3531203203082534,23.00716187262005,LOW
3.4114606114408614,135.54477306960467,16.087844796025717,0.39744217694404915,75.39297460400778,CRITICAL
0.8845069600583852,20.491278674469765,31.977263833848156,1.3902031065375966,10.04199671950771,LOW
3.3283885059230487,36.2425938525165,43.437289124208625,0.8059231542992351,50.83526506918974,WARNING
0.14277766325746483,20.268117859348365,33.389384289650344,1.098221356206734,8.799027481681257,LOW
0.2243082351428165,25.966635368806866,49.99075859489443,1.1305257694167041,5.1067581553258155,LOW
0.4227841878528642,20.865495308048057,32.99013213658053,1.4823010660089628,1.5705378426953946,LOW
0.1460291807616365,10.10169208799601,41.887741879181235,1.2450803312573764,8.314599055284674,LOW
0.6434513851016911,24.26727535504794,41.33155559935524,1.2171933515997002,11.330629004811591,LOW
1.940508537732338,17.257321467013107,21.02478246832367,1.4046470142606626,26.244507966990906,LOW
0.8620667890438333,44.599648726131925,35.49089104806694,1.1510402997431723,20.046432237761167,LOW
1.1861819005046788,49.51710739408242,48.582513722159874,1.254518655968639,17.24417570736985,LOW
1.431295968745657,20.74483148320794,36.77899712568771,1.1758777991090983,18.37179982717628,LOW
3.1366728724577815,84.7883385985556,33.43597291749853,0.36053038405016646,76.4755154478173,CRITICAL
1.8742527944162735,33.59682871779539,36.40682593092193,1.0097329632036856,26.113343978835385,LOW
1.6352952261015112,30.951743707273152,49.47483238205829,1.3984055644030435,22.992886777260015,LOW
2.883029985746056,50.61983609322742,22.114893345830918,0.5092479537152698,64.93917237154415,WARNING
2.8575015641566046,58.96207819455461,32.091832934822804,0.9432662727491212,53.52961798425201,WARNING
3.644525785256762,140.47644546904277,11.79943050758786,0.24015650030266486,84.39095445096807,CRITICAL
1.14130624070121,10.398421259363232,49.46520048510664,1.3834904341561183,13.835686734348053,LOW
1.96772437824662,13.697119571914884,28.56703061482504,1.0294256425008683,26.914046821609162,LOW
1.9000777004868292,27.087479869075487,22.994432450414628,1.320386190025779,25.110658114740637,LOW
3.4756532994707072,57.302888614651856,50.10254575264875,0.6910825096296249,56.86316675074931,WARNING
0.8991656342168834,37.81683039633184,26.237692450942237,1.4770813646926384,12.623699779589044,LOW
5.046722858831553,233.76660138199767,8.152527434867478,0.10667807450302268,100.0,CRITICAL
2.2916685149732334,74.23228641987191,34.9791190528541,0.9585743664483192,53.48939252981373,WARNING
5.542342827732354,243.47370737329965,2.998033294043294,0.27991810083394786,100.0,CRITICAL
0.2285635112250223,36.360012896355926,15.010586748091574,1.3257656424470972,17.18975621217529,LOW
2.4869435777940785,77.43313395429905,51.1585002349715,0.7483668275160978,51.294349010461616,WARNING
1.7424034578674068,34.35566187394015,31.820457791441626,1.4776121001491527,22.394572274430292,LOW
0.12288813137383409,45.71282080554716,11.541488601009036,1.1662718568526045,23.205202212724895,LOW
2.9854974727334698,45.88214894245485,41.22134364050325,0.8149865320234324,48.91391295673352,WARNING
1.6111914400278398,22.86993435062066,12.857766140021223,1.1007272868920568,30.125107886856632,LOW
0.2706272229906815,17.85827066537534,31.778699452501694,1.088828002351672,7.816950653174179,LOW
1.458174084218751,41.37389581181977,44.025329408415104,1.4219670806795661,19.991869937385957,LOW
2.0350464527498695,50.079905485393326,22.115158369405282,0.5416780277201494,49.08933688110661,WARNING
1.9257984227674487,43.76803963203068,27.564179100007205,1.1239987338822883,35.213959727666634,LOW
3.195654984667649,32.57804930888223,36.71480070066662,0.988428722816757,44.59498882350354,WARNING
0.8605688500931963,21.002212944627807,15.361574216252386,1.4194728441204936,10.99945609765409,LOW
1.6727226429900872,13.631353826069578,15.873331218053046,1.453275004046769,22.933259127865217,LOW
3.7748777625712333,123.67831470126707,18.773501547201604,0.5739146421041672,75.71230295620964,CRITICAL
0.13199792887227577,20.20636247312183,17.518244346262545,1.0677783210355973,8.291138421969528,LOW
0.5310633424931736,14.140748722816188,11.805615128560593,1.0686611295491968,11.474425320785125,LOW
2.4833987936499744,37.062970773942226,57.61295316713652,0.7574268561104807,37.00381194556204,LOW
3.0416527119033057,44.24483785638513,42.39447701526514,0.8010820579260215,50.15309188887189,WARNING
2.546315826061718,30.7457685771196,33.973437505235346,0.5584078017333043,40.83319362053503,WARNING
0.7953040061958322,18.304843928404537,47.395558135476456,1.3264014611687498,9.7170140434381,LOW
1.5981079087571364,25.58975052158036,11.819727844742944,1.4127795468962887,26.041043185704172,LOW
0.8339616817510227,48.97476282564114,10.620509641379293,1.360662196572755,28.89679641064743,LOW
3.308274592890423,148.78639043499496,29.41148229014196,0.4508361441749428,76.84584588408558,CRITICAL
3.436586069642033,98.10687424758615,17.887905781572613,0.33224150033067085,80.23378728427653,CRITICAL
0.8665516376665116,41.75390954764219,21.58671627204287,1.3445176345194163,21.57870774981068,LOW
0.3151527058723229,35.762219070587456,13.310020571024058,1.077525581975197,17.994670273406044,LOW
3.4654143688833434,61.59805189659797,43.63403217005102,0.6900690406967155,66.70175521282738,CRITICAL
2.019499288548111,57.866012467131256,22.75589442042348,0.6100861234691937,56.79811659955096,WARNING
0.8960618403798475,29.920896232555364,40.36298430978259,1.0088138857950837,16.932746349685253,LOW
0.1271198360229703,22.76567442531132,30.793944852528973,1.0399596418337407,9.017071944575719,LOW
3.1733790078152113,59.02071091082986,55.854359201889075,0.5734346460126801,52.85424021327672,WARNING
1.2343631453267185,44.93901366305228,22.320409818484606,1.000563988882882,30.581306633955123,LOW
1.6854853191154515,27.912717996626558,31.897165466034426,1.09999993542606,22.1972425863417,LOW
2.5225756144781757,34.93661406379262,57.85851565394574,0.5408421427216938,44.33507287666902,WARNING
0.5505235656451408,27.06827060569646,21.780398727443885,1.3795165698686023,10.299305029170078,LOW
1.9730875267953425,44.35148930039879,45.813765351373746,1.0318321426337365,28.41610286180809,LOW
2.017867061262751,70.3213099988001,41.881840737014166,0.7831565157936968,46.56429952376513,WARNING
2.8030188345849085,39.89430373167751,31.327188872761262,0.7438087289167377,46.06890311331018,WARNING
3.810593167781029,99.1715585009211,26.80194041662309,0.339569141813625,84.75888868766569,CRITICAL
1.631399916012112,49.65924873226136,32.62876712769433,1.4569733524298465,29.313722440756813,LOW
0.5478584367173432,13.370210851297406,27.69343672067372,1.2806549567744288,12.314202352589586,LOW
3.043355953113519,39.60493917837702,34.1681191565266,0.7077836356451332,49.29426242358641,WARNING
2.8216814090307425,56.197023339657626,59.59143100429924,0.8091004105877894,44.04353485776033,WARNING
3.913548940106124,87.09930422185951,10.250867691387096,0.3741067637594909,85.12284376044407,CRITICAL
2.6709319377712992,67.49820592682622,48.75106098104719,0.6569096254824018,53.947109855952924,WARNING
1.2806955627217917,37.08345568728339,32.71882763471632,1.1065897732455232,23.083931116048525,LOW
5.889671203111769,227.94872196259394,17.731189495309366,0.008835360091599964,100.0,CRITICAL
3.4761508234347267,134.70691344358227,10.167487287622954,0.5474243137476015,72.81922807119808,CRITICAL
0.48126556516934016,26.976230313835327,23.20024125122093,1.2672515885260056,10.860112497067476,LOW
3.982275265180964,97.60203485090204,13.195247880784667,0.358266899961046,85.39279759793305,CRITICAL
2.929943573612971,37.53062771381969,49.98435263346266,0.9867909059674802,42.129903645066335,WARNING
1.9286688791022224,11.3886437536544,11.428908552574217,1.4800064553796957,20.801068083595386,LOW
1.0647308290635282,38.10550942274978,43.68106240700918,1.0413282023565973,18.16358771190096,LOW
2.715067120456914,59.881113772151394,40.34126426445209,0.7253465252547275,52.69183540580085,WARNING
0.1847618253526606,24.952979637920887,10.998229549980163,1.281272481511,8.855116143093454,LOW
0.9313519203450711,49.2057134950091,10.39526082475752,1.1834272838281492,31.093476344279065,LOW
2.387285537923434,41.138434579211285,55.799342029838066,0.6016402394900802,41.40496524957507,WARNING
0.4222352592616586,21.3555095901487,21.724267204895064,1.1633865118785334,11.337360307029515,LOW
2.915713971381326,70.66343734916606,59.98242645361677,0.7282529931718615,52.69750511256701,WARNING
3.4903700930285066,134.739982674406,27.196691354449204,0.5536156900948663,79.49645987134507,CRITICAL
1.7283520625397146,49.77474716569531,19.732599677036475,1.2371694816036276,37.26962884294352,LOW
0.3678913443861993,47.16600728982287,31.74455105963765,1.1975580086130309,16.75336660265984,LOW
0.530567561894378,33.60959000036421,17.53062044845619,1.069586050386093,22.87977838807303,LOW
1.73654801997259,11.472777636913154,43.33065014490757,1.31048691811498,22.556985983812567,LOW
1.6981424554001523,46.28794842652183,21.459726447904664,1.39208500452806,32.20125311708589,LOW
0.6617073689437979,17.70553362819311,37.13956113129671,1.1308427395133847,14.248149191731816,LOW
3.283163913943085,38.05322566521127,43.4757104912937,0.9574199224213489,47.36703227407802,WARNING
1.609600868696906,19.849488567484634,36.786143810038965,1.358702522014549,20.042645496143727,LOW
3.0453180125996213,109.43799461801227,23.185567860067724,0.4153113903374517,73.33228531310336,CRITICAL
1.9391268896776142,13.141582833923104,20.60066647716505,1.484314390724772,26.88388304569392,LOW
0.6396966719285668,11.586067946460634,15.500193699511527,1.316657408894102,5.646102330224526,LOW
3.3051273153496417,42.57321902731127,33.31455366412236,0.7846991887203287,55.960556466280366,WARNING
0.3532517237896057,23.943091364682857,18.270487975147542,1.3482950743971287,8.352859614636971,LOW
3.089904509955117,96.95654331787298,17.13694444097935,0.4036292255848849,75.90846585360612,CRITICAL
2.8591316951834216,59.551112959600616,53.69265559545871,0.6984682188762209,47.67545537040733,WARNING
0.5047575486302393,11.414484427528988,25.73984891196181,1.178917812714834,9.808049974111777,LOW
2.3385525585476215,67.95630379328048,46.717247681679815,0.5957975698994395,49.75930119780784,WARNING
4.354852131711054,265.75503959374254,19.365729662202224,0.21765065406349943,95.55925320520424,CRITICAL
0.6265959258850547,35.64641554817553,45.28551118766191,1.3086870741817838,9.378652070591471,LOW
4.445804618733505,273.88194042865695,18.545272965023678,0.12810071938572726,97.27719001154716,CRITICAL
2.085460140349741,31.976558005373967,20.203871232581637,0.7622544217094492,38.6911261262238,LOW
1.8868743677571431,23.692252634324042,36.32909582125402,1.0037817073203037,29.710937057492135,LOW
0.6967084933888885,35.041194594901995,23.14208261829945,1.2012091877382556,17.403559054093456,LOW
0.7552894919299774,37.17642449724511,46.89500745704739,1.2915577378579832,10.21384559681635,LOW
2.8399736232704447,46.852482927538944,26.133431236740805,0.6834601120527235,56.0872120929588,WARNING
3.811248375573346,103.14721714500331,26.430260560324598,0.3623846714838326,85.81942372883736,CRITICAL
2.2715666951176874,43.451781390226955,42.71175447510409,0.8464097799645998,35.62183986075427,LOW
2.9303157985117925,69.46884757877399,41.81567664832247,0.9885957250261497,56.68124341750615,WARNING
1.1101246952240333,28.236270832104392,24.915330764776197,1.4813673343004121,13.18682221236491,LOW
1.3822512982518171,42.1627428805124,17.880273824374726,1.486576463202766,29.10791582210542,LOW
2.9741402761651585,47.27930446200916,50.823605737043515,0.5148931585999388,49.64219380550658,WARNING
2.048208594805152,45.343593638941115,23.8518312084596,0.9557955141755539,44.9229132457755,WARNING
3.7330324752624557,88.69369033031515,28.526149997786725,0.5912682921571883,80.79520908024082,CRITICAL
1.277456469126386,32.54457256485329,25.665841831792413,1.4773176918328441,15.98629310466622,LOW
5.458440413630862,201.36748134273432,5.610232501794283,0.2784079993830179,100.0,CRITICAL
1.1205995781229723,18.59820284825959,49.80858455660729,1.3847542931358345,16.308883455962626,LOW
3.963124194420589,135.0213219097821,35.47197904999679,0.35911756983455884,85.58222199220167,CRITICAL
1.6357636402130153,40.38500555452309,46.03926814484257,1.0665048470816538,26.342836321057764,LOW
2.0368285773597683,71.31262228328762,33.05706613114195,0.843561065510036,54.39954895375186,WARNING
2.660297481244282,67.30137669459313,58.44875721662042,0.6617374899609414,46.08283991170825,WARNING
3.437273165889427,111.4486013842843,33.15641743409455,0.39846787979083176,79.39324880109703,CRITICAL
1.9915201739719073,34.809015716600975,35.805982269929146,1.3232909589188788,25.37152401195406,LOW
0.8347309725054248,32.59620722033873,21.428384847056392,1.3446035022456049,16.246368327751192,LOW
1.6023479950586073,38.72344078795989,18.55779148696631,1.149227119303069,33.9651711206948,LOW
3.3222428448918127,147.86998284313296,31.460146881219135,0.2260803149587019,79.26408086438856,CRITICAL
1.3626393863979447,16.746007693881015,46.07075706639364,1.3770543505752166,14.260851948455231,LOW
2.9659965251002824,51.87643476227729,30.38498630618623,0.7584478659849123,52.39186152168039,WARNING
2.946398521508904,60.253162479278956,44.692139852119695,0.7378687974802649,50.41420513597152,WARNING
1.2531778031196106,11.879947675078743,12.608278542153109,1.1236579980939831,19.40929204915453,LOW
0.8108149497384526,24.851552511118882,14.674218229971284,1.1232515047549032,16.905955736731748,LOW
2.1473827681580633,30.614233588047725,39.93586088185519,0.7307420380810402,37.21318615146972,LOW
0.6445114170992547,11.226856277172978,41.91199506379071,1.150641348169025,12.379174295454433,LOW
0.6405990524496539,20.510098477556326,20.51890457932806,1.0057478795761066,11.818347137715914,LOW
3.8641451990074427,109.01451398219208,23.363048059282104,0.4096616980615898,85.75518542792409,CRITICAL
0.4587668739884716,14.67887547169806,46.73085733379785,1.024191329594483,10.694279221564635,LOW
3.6904791921675875,108.32932802831166,15.615353460351308,0.3241928845388089,85.74076382744448,CRITICAL
2.6709405675947755,48.698704669843494,50.73269963976527,0.9627067186462661,40.24033662676456,WARNING
3.5516207711949335,85.53142223098807,12.198694347610076,0.3611022778944302,79.15973144323145,CRITICAL
3.264978597430276,32.01677918434216,56.95266333726647,0.665448695186255,54.81809533267107,WARNING
1.6873142186745222,47.36616103828739,40.744880474854824,1.402257721615245,23.906226774875826,LOW
2.429677372875001,42.48502574655444,44.35770586543509,0.8673038831685078,39.66287403745288,LOW
0.860553052818826,48.16934271839201,30.73841575089817,1.493142137906351,18.13307192077263,LOW
0.6622578071694322,26.705751377848106,36.11259638940741,1.1977615365444727,12.52376063188172,LOW
3.662905271536899,104.30120596859251,33.53302142029663,0.32123612574793303,83.37235211200165,CRITICAL
2.9803974875023496,58.27499704278475,53.696401826746744,0.7204735050181602,52.97086914877847,WARNING
3.7866336846822435,93.96533850980492,23.61290138844477,0.5339728895847443,79.23862354398497,CRITICAL
0.5951867834999179,20.331993555270287,18.582735279499477,1.1983294893409029,7.976077152689328,LOW
3.244113641240579,120.74471183938861,26.727341808488895,0.5271696331616662,70.18316947851521,CRITICAL
3.8329470630867815,123.50525757250716,12.797181283703214,0.20644713168529372,83.97448340690624,CRITICAL
0.4736132610293584,15.449896699523379,20.48725485206813,1.1689442806281807,10.790523536150806,LOW
1.956503249714173,40.085570166811365,16.53733037680056,1.0622482854649813,42.35283540749965,WARNING
1.4903984666519903,19.45146241889315,12.918719807328838,1.21091380471407,21.612871314331436,LOW
0.4660824395610801,27.16594083485008,24.357689257005237,1.2169592075937525,12.02053920433963,LOW
0.27536779924695115,13.734734090820528,20.424423354196453,1.057879177057941,6.30311073935178,LOW
3.858157594795551,101.02931879536008,24.264553435530818,0.5823168421646807,79.11614453751604,CRITICAL
3.272649905551998,71.3187388406511,57.651558883908535,0.6528503215794983,60.56067130541225,WARNING
0.5725552650587188,38.375257184517906,23.62011488010372,1.3019758929664023,20.770569094662456,LOW
2.6456980659497167,39.67031327382805,54.43120644215203,0.5467654746243991,45.34675623723818,WARNING
2.944214077135443,47.90085305422046,53.6633688850569,0.6318518427806945,48.176828314686624,WARNING
2.002692253190083,76.9921552960926,57.931860968402965,0.8552083425735322,38.9871444716819,LOW
1.6036798974597506,34.210944873761036,31.09986285803035,1.4247221066633402,20.008004560329844,LOW
1.7339315434584963,27.578136109531236,10.096553253639584,1.3659710038500343,30.223286794664403,LOW
1.630352008508873,45.39098987824537,48.97680423159119,1.1728251455602958,24.875874110666977,LOW
3.2343775173069504,56.592596176177004,38.47413332770732,0.7859660405958683,56.110215675165,WARNING
1.2589634524496676,25.16537445927977,45.31812013011078,1.111479589551172,17.58213966871254,LOW
1.943961848831128,32.251648188600974,23.8701217139727,1.430447161904247,28.648020375487206,LOW
3.093961524407614,107.61457604709359,34.3165031147717,0.3543771975958646,76.34005160570888,CRITICAL
3.152521128047845,103.56461143632905,22.772276864479394,0.4747848345079859,72.04909264996145,CRITICAL
1.751528555689898,33.882405645866186,43.057240910314796,1.4559970756725247,16.793318210855944,LOW
2.428223701608059,54.93539029214895,54.034784348967364,0.7918095871991278,37.20250894952475,LOW
2.1665966828194847,53.277860871937804,25.975417805725574,0.9239780920631833,42.66713987290898,WARNING
3.1415488755314587,126.71389977771227,29.096296872955445,0.5040299204138647,69.81688335066336,CRITICAL
0.4139412097694013,46.84575996246697,30.872938604759383,1.4880805760404625,13.676724012953565,LOW
1.1501740253613113,41.57175687985899,41.88894639287868,1.1155747961494666,16.033078953426923,LOW
3.7938615216933425,85.68811657110226,17.72297772055221,0.3799468040384686,81.60205298971279,CRITICAL
2.783816328595466,79.15376438470679,50.56501799223582,0.5565939111109282,58.70313969593939,WARNING
1.59329674730312,24.422450615561875,29.69706876354039,1.2667270839213427,18.412975108243334,LOW
0.7131220138825831,41.199902752829324,44.66731855625782,1.0185400513533556,16.813210170229137,LOW
3.04077015981789,73.87122455816609,23.138892490064627,0.6941861192648511,70.52227930651392,CRITICAL
3.2698700178916384,43.23842191403291,43.411361761605676,0.5903825077421524,53.30568633345468,WARNING
1.2851689903496195,30.372815039941543,20.353069248651803,1.4465613007397047,20.921604567942843,LOW
0.9881736250324971,33.31193138604019,42.941825853082236,1.0750899561837919,14.46795080025365,LOW
2.9028166839422176,32.50636914788538,27.329200642855525,0.6338703479438594,50.81435279278342,WARNING
3.4808033886726206,143.94522526737146,11.423497016244223,0.20262554948644704,79.61404646841841,CRITICAL
3.3555499131992477,121.5290013063055,35.65665736004442,0.47326393590180127,74.26348520642186,CRITICAL
0.9467803277771644,12.700002064291528,29.153741787422366,1.1096513576965004,16.414133403690798,LOW
3.2001145854490045,72.31190241312635,59.211149562053286,0.5758648188335223,57.13701257524741,WARNING
3.1012304061230065,44.38679188442587,35.703502232137936,0.5883790238372465,55.00049820738774,WARNING
1.6002467583569382,10.328196492815685,28.511467662881923,1.4302755885631784,23.760235445483538,LOW
2.952684262357443,33.535371280972214,31.46818917783621,0.836931102798091,45.63040558154335,WARNING
1.0475649391650625,24.495010095386547,28.164701498556127,1.2734986732228013,12.917580169156672,LOW
0.4429032878805944,43.300439774227115,28.390717698791903,1.1775760369232218,13.672005870987121,LOW
1.0794947308764153,24.357059852058576,29.01824412020845,1.0748523364107696,16.216570668606977,LOW
0.8294917373019959,25.154305307815868,45.33329374099147,1.0167256903694086,18.26799662361446,LOW
3.251193905853587,102.0941425644876,13.327740501943474,0.4255384469300218,75.01797215878557,CRITICAL
1.8686541711549736,27.262673884237962,46.787469048027035,1.1025499508170369,28.92956114520038,LOW
1.8068519415012596,27.39208203689025,17.937221218580696,1.488492690573148,28.334399478396552,LOW
0.49533865758769613,24.545306419257145,34.540378261487476,1.2560137678056862,11.05914322892442,LOW
0.6982814315497058,39.94803963153072,36.014689966138405,1.0441741684130408,17.407657380178126,LOW
1.8695120838026458,44.48050623533766,36.825714103180886,1.0364319102682154,31.464350807294146,LOW
3.096817323509833,54.86218098022462,20.152265776040746,0.8333050592019444,64.22676513537522,WARNING
3.585867467981173,129.6438253312231,12.7096407796651,0.4861287406704736,74.85107614085396,CRITICAL
2.96837432361413,59.97301199994571,27.317816132656908,0.6481108623793522,66.04759578480095,CRITICAL
4.866218348123239,158.9139785332404,17.980106216276553,0.051879626227490074,100.0,CRITICAL
4.756197157819595,256.30754458655326,11.967659438641398,0.01289255148055608,100.0,CRITICAL
0.8410417289520895,49.593333016180466,42.47714804234201,1.428327138060761,10.692842158806277,LOW
2.9465226990926534,66.41467440575165,52.83207423144752,0.9366011096702771,47.81975568564853,WARNING
1.6125821777986737,34.43347959172135,31.283391178698785,1.3142331684291668,22.458304898046027,LOW
0.929876585371146,46.97838134236846,42.57935027629018,1.1015228007074656,18.8445995563994,LOW
2.384340082233847,47.4268498495139,38.75669455903218,0.7204348139303458,43.3943921025293,WARNING
0.5710822484221537,15.05336843036591,16.780250173322138,1.4381986968897944,8.93531916973021,LOW
0.31092558891639743,20.18981047954748,47.980056649203846,1.2546328450696371,12.107464698816475,LOW
1.9435959514552312,13.379429893928577,38.001536843494534,1.028882409478744,32.349859135083264,LOW
1.8093887187117368,40.737781695400564,23.38704086532815,1.2756738829732497,30.70460872184841,LOW
0.5534136241550328,41.460781970144176,27.384570016456443,1.1651086105222124,19.941713425569827,LOW
3.1502179475714605,98.46848458447633,20.342971374395503,0.30394059421936903,78.13332866910174,CRITICAL
0.374605221723166,17.941150255173795,12.813122740600807,1.0623809946496565,15.121105908773881,LOW
0.7566791540367611,41.65236048250267,18.716203155572995,1.3350129157216741,21.57183002303758,LOW
2.907211923266945,40.069614518744174,33.21632055449624,0.902590674430631,45.87477792251828,WARNING
0.5849458310639079,47.30766146302156,35.494194264423626,1.40285735527411,17.692439681569287,LOW
1.0461117501664492,37.42501470758751,23.835042267680965,1.3457211015190296,17.28397086843047,LOW
0.9919804645063716,15.371716022890665,36.05098264247218,1.112137844011686,15.498837357404446,LOW
3.368714783620563,38.370135565474314,41.20938711510665,0.6911025052229438,54.878203685283836,WARNING
5.585428093696101,263.62512969435807,4.082427122693792,0.07119697375450686,100.0,CRITICAL
0.6928773193112324,35.4812490204362,43.147504610261805,1.0665147729965965,12.183552090551585,LOW
3.034271229096311,86.65744381645938,35.14384417365923,0.3970815307270216,71.7003858011891,CRITICAL
3.2396296256306942,123.15147359380035,39.834040088372646,0.3504251232230591,76.59607084343129,CRITICAL
0.221699190415874,44.36238414186847,29.6754254061875,1.268359099193852,13.749804663428751,LOW
1.7303154758599253,28.736998333587074,37.00085497496059,1.0166809155307734,27.236343349326383,LOW
1.7176980707818699,22.524736892170587,23.38975762378388,1.331495598569474,20.27239992788861,LOW
2.9258336442645776,72.76659264283354,41.41987640195843,0.7071624179917698,62.25947991753657,WARNING
0.10839595986739776,11.59136890578758,15.2484570112264,1.4647686933814552,1.538208295983295,LOW
0.3776115851047829,20.245223744431357,46.34891315623566,1.2607340295177925,9.054299163032459,LOW
3.5067543544778217,122.66131224399456,28.30307845201705,0.2125351105627972,82.77055850066635,CRITICAL
0.9271373005221426,31.061822969679053,25.23068151747321,1.2576999837746228,15.087764318684682,LOW
1.9390988922641321,11.36519759936193,29.328297236234064,1.1049962661956165,28.12328625387461,LOW
5.499209908102533,188.10310010756967,9.86778124982276,0.014934466793598255,100.0,CRITICAL
2.1491947972314485,69.7303821443565,22.268255959907233,0.5046804829502904,58.107949337800314,WARNING
2.8094801978976656,77.46184064679564,35.56720044178459,0.5016614446420861,66.538522923353,CRITICAL
1.1732234664775545,40.084215915118286,41.624680718786465,1.4557585195434954,14.407669502623671,LOW
3.836275351447816,108.80804982269945,28.779490202725942,0.4206261213773414,80.48592747815388,CRITICAL
2.423046853890572,64.16172241532664,48.40069241044986,0.5979741921969608,44.712835531359964,WARNING
2.999754590374058,53.809791528215214,46.101252389599836,0.6314308026086333,49.08303122428299,WARNING
0.5558473402325136,11.179907013592523,37.64305045442592,1.4929240435815467,6.5566594534219815,LOW
2.337401398011621,30.593231857173365,48.949257140830056,0.8482871174960351,36.113321721909216,LOW
0.7321396693640854,45.92186957264657,16.289332441393285,1.4177219340609555,23.09287538520214,LOW
0.9969703282282641,21.517182762715557,20.134589155763102,1.3665773844990299,9.877058860420014,LOW
1.2588392052901047,43.86558748338579,43.48137778935528,1.0835757040739091,21.389776509002004,LOW
0.8437625638867754,21.404520985170738,31.48260640337145,1.4018136989767556,13.069386713312468,LOW
3.7228235931977034,113.84152528217578,38.74285850760742,0.42555160459139424,82.93604880230184,CRITICAL
0.39996885601098375,41.30169885697288,44.8228332148825,1.0363873908275465,10.04053577648798,LOW
2.636692580621806,65.18634115503797,25.398773442591708,0.9865063763295419,58.090051749718626,WARNING
3.8949257271374504,112.28771174405136,38.40656505808346,0.5907428502333143,82.62349834370744,CRITICAL
0.22666669132664152,23.245991361161174,29.553410443699953,1.0463381993583438,9.481926485931016,LOW
4.756288718601828,253.17959123668538,3.6804398886027467,0.1655001602315965,100.0,CRITICAL
0.4048188295084074,13.937745268998345,33.189462502561724,1.4749255996668593,4.3954036786221815,LOW
2.7437925210502137,75.58879621901349,26.651826026313692,0.5120816305037978,64.30107901744792,WARNING
1.1554287367233838,20.18028365632421,16.73734190906268,1.4024189152388837,14.60473875701626,LOW
5.225409667339264,224.65851791334262,7.2050046534564505,0.1561156359143519,100.0,CRITICAL
3.2337908577736214,62.492386839221446,51.61268218897959,0.5442088923075417,59.09921016753955,WARNING
2.717781421933168,68.64093862323632,49.643840142073515,0.8521382661949888,50.320037573608545,WARNING
2.773093995767277,76.32377679877459,55.625656389094715,0.6647024707302334,55.414185895441136,WARNING
2.833368789062173,63.59433737973191,26.522426299148286,0.5436718381047154,65.95374921672358,CRITICAL
3.5733262271054285,88.57510432346862,22.489540814346082,0.3192937485800945,80.08739594292867,CRITICAL
2.3529356073925087,69.95317737956705,57.204051503865045,0.8962471743492362,44.59681856786235,WARNING
1.6866689703513407,17.51835484649638,14.53654640155715,1.21910956014482,23.244142019759497,LOW
2.6058546706756136,73.29391398052203,29.02449381900511,0.9983953494830264,56.584269526358845,WARNING
1.0792654162525552,15.293284392348632,33.1719605098456,1.4806424472174478,9.654374709974668,LOW
0.9083232966551902,13.9179107037004,45.43400722710664,1.1907280249875098,14.82362442083427,LOW
0.6533707722654803,16.095825071509502,46.08442479085895,1.0186987388300504,15.991301744255994,LOW
0.9474543532282669,32.57909004136461,49.803264489432294,1.3791506689004331,9.76532035286448,LOW
5.386290947978721,190.35793321387044,5.749776180800577,0.24673929101017328,100.0,CRITICAL
3.013233166470752,116.74768196413035,33.25229971863459,0.49446760647298676,68.10078396676779,CRITICAL
1.1177317924899455,10.22309178751498,31.39321078806924,1.295200613199711,13.728315990442615,LOW
3.718066510755308,126.62216054201997,21.83163472902279,0.34697375257506025,82.3465304806398,CRITICAL
3.485334821378302,50.26768795893523,56.74399110386864,0.793272541182205,51.89149802029908,WARNING
3.2524152661127372,71.60845699506632,51.388455147981155,0.6520978148663554,62.30623682544783,WARNING
2.449557170262308,47.14829533543564,32.0487553435281,0.6421135240008199,50.381034267069516,WARNING
1.4138855681900646,21.64274383764578,18.06873338199209,1.3736259402009638,21.657114643178843,LOW
1.1817659962168614,18.00495841862506,34.547753493036794,1.1039967172941603,16.93732480124667,LOW
2.2648015223900715,35.85132837567875,21.265907698472635,0.7079828782652142,42.46619713440331,WARNING
0.6550060561633675,49.2776777118059,17.764936116200847,1.2292135252597076,24.011285726730033,LOW
3.911941437727074,107.10489151575023,16.64390395840793,0.37120137532032804,86.77364820761869,CRITICAL
4.562797178240907,297.19766973495484,16.387829955936542,0.08023569946085705,96.0282139508281,CRITICAL
0.9984232423410894,30.108510407970563,36.25649097955949,1.3483885138911313,13.40454771947878,LOW
5.525557337448962,253.16966635752019,7.849177678614268,0.035342419346173604,100.0,CRITICAL
2.9752397768876206,77.6430710087559,35.29719892969359,0.8138919066198013,64.0751198193665,WARNING
3.4040777565779963,113.442020699548,37.689186877326435,0.42009678121204547,74.55859873043558,CRITICAL
3.8177821653963036,88.04896360404608,26.44354454846683,0.39483425418092977,82.6411497527706,CRITICAL
3.2746278324576648,109.83943958002006,28.143731342174014,0.40689807705640735,74.4260118455877,CRITICAL
0.8939346621588978,36.48556211525077,28.8513912434346,1.0335909367800717,17.99912352424975,LOW
0.4292535617708483,30.445131590356947,37.107200629715706,1.1581627115753093,9.41741909442867,LOW
3.276488213444751,109.45233916528454,12.457933078793962,0.29107890527758395,75.76231972516698,CRITICAL
2.5477968344113124,60.234613270087614,57.84737921533135,0.8618189229105473,36.08980349115884,LOW
1.5366661386630949,14.497008766381633,12.45574761515362,1.0524143376320299,22.65534888076816,LOW
1.2915344882530968,44.45320533351348,49.70489612244406,1.3657420739050163,14.775727367230262,LOW
0.31954838487618953,32.70930594165531,46.26892227627406,1.3421631806676528,3.8659906698083946,LOW
3.508096761357075,113.27247732576524,38.124536985629845,0.48878585522622287,72.90518894307648,CRITICAL
1.6598675310004505,16.77294771597324,30.600633172418796,1.3186396196793573,20.23916228742269,LOW
2.1250153371747396,30.534306948931413,48.24033983378321,0.727195637379883,36.03756143902229,LOW
2.232535184670628,78.11125975334359,59.854683161891124,0.8242227548693851,47.310767151257224,WARNING
3.0566877886030905,63.28931117193837,37.541633137688486,0.7703381186104438,59.16839904464217,WARNING
0.6474668023953671,41.468192779489215,26.38688017505389,1.2758576394834038,13.51839046762262,LOW
1.002437110343165,40.458213248138904,27.781025564276973,1.278870691923601,17.62019917873245,LOW
0.2629097203353977,33.29089577452899,38.27834196252476,1.2906262307528016,8.50590831995736,LOW
0.5984400649672017,16.379504528244418,11.879633239608513,1.2134390181130952,13.033980452963146,LOW
4.146963111170042,283.9433675506513,13.154321769950103,0.2580836942128425,87.75070712364439,CRITICAL
1.8223158542487126,48.31487285833291,46.268564358097834,1.392749815721646,23.20794809644022,LOW
3.2294242972267946,104.33998226219606,11.514306836715335,0.4512372018460122,73.40055434224178,CRITICAL
3.4426575018614844,74.61723176434325,40.237755634480564,0.804668651526262,66.96186415518805,CRITICAL
3.549538581005535,109.77744867201496,12.0539621810331,0.46615336334188967,77.28447384335817,CRITICAL
0.5820221459321651,45.070130870765354,17.345273373296493,1.2575099372208576,23.824416529122143,LOW
3.896626335306504,89.96501642931165,38.21375597174601,0.20432117299846514,86.65890104903742,CRITICAL
0.25967361780055376,47.82132540686064,26.9574261346361,1.1576347024391462,16.99461346325614,LOW
2.0706262495886354,59.71651876157762,50.98597488795226,0.8005074334794163,37.382727814654146,LOW
3.2652587040484575,85.4020062328159,31.629718507705274,0.5312521561565096,75.78064619678645,CRITICAL
0.4772025044526731,28.97576070427512,18.638025958064727,1.2360157853940028,13.473744538871687,LOW
0.45256793571057685,45.31651061908644,14.634327224222442,1.1121371400477016,27.304115207814295,LOW
2.3326729302251823,51.12332781503921,50.20005014521848,0.936224219221695,36.3052999754213,LOW
0.5977530018644671,23.104328248311823,33.8484279942471,1.1392545328031725,12.525262847231664,LOW
2.3947877459960556,45.920364012233364,39.545026660135406,0.8958216682672575,38.663322287462336,LOW
3.633947043751506,130.51034605570308,17.915486128449167,0.4964286199112689,75.7874104811829,CRITICAL
5.025719218829715,269.1693029189468,10.5122553361473,0.27988101490095174,100.0,CRITICAL
1.1376937889640597,11.00620008239407,17.895743701524562,1.1405132523018553,19.277367167691864,LOW
1.1662556790659488,46.962174427252414,40.26129858008244,1.0251016941077022,21.67032423647769,LOW
0.17261327304940774,12.762250431139393,23.554192079517904,1.3639292519331268,2.3478892080805753,LOW
1.2215824456503586,45.716760286601506,49.3290913372236,1.3023054821639408,12.75971856573619,LOW
3.0228135275497987,63.40156237110112,40.95783450703505,0.8684781494087479,56.94266118820046,WARNING
0.9421096813580955,25.880973756223288,40.812158277874886,1.0954126782037077,14.808382189644737,LOW
1.4260946196445203,34.12767465267245,31.80487325906473,1.2174775662029136,22.083570271871388,LOW
3.7329988864498436,89.8285295114823,28.586141252938628,0.2178153732908681,86.06822831862611,CRITICAL
0.8826816427713745,44.19531613735207,17.214868271086186,1.3217707524616427,28.378629934306787,LOW
2.4554577859548337,75.05988802115634,45.089946748626524,0.7551590096987708,54.837107124324596,WARNING
3.3360357862133063,32.955973641713506,35.562483683643485,0.9208137639095064,49.079466995729,WARNING
0.48870859395385713,34.456194690280235,43.242440119818795,1.2336697771731313,7.724315700255154,LOW
0.6816873176617291,49.25413000196068,14.4436754689543,1.0803575100928238,28.244776998771528,LOW
0.44234618772407563,35.238194200423834,25.954755509615374,1.0238895680975468,16.344158309171675,LOW
1.7352411295228374,41.84169333658656,35.72047215876857,1.0427717570970698,29.14048218050068,LOW
1.8747207962662256,10.353761077003085,32.23588827339093,1.395622195594353,25.094708366034467,LOW
0.7786269280882516,49.09940738078828,18.471442066265908,1.2655897167029777,24.94479029416169,LOW
0.2202098689962119,17.60373393682602,45.22436902062352,1.4091588202083756,6.286463326171273,LOW
0.825251468063752,27.616416944881838,23.83774513097078,1.326955852090213,13.896988943521736,LOW
1.5750288842428797,43.03119355646585,22.051552945249316,1.3201624045584515,29.776754482072707,LOW
2.714021152875297,53.47843384486356,32.208130813508575,0.655095255803981,53.76430642346043,WARNING
3.6499793229697817,111.04104778809166,11.854180064016774,0.45200500404922794,79.40053768048301,CRITICAL
1.391747670674833,12.90097790095929,36.24408759039253,1.2029438831752244,17.42400271078268,LOW
0.5701056779187651,26.460452728930054,20.12123807519878,1.0410076921881952,15.779787892631665,LOW
1.4409457102465586,33.32344416735266,48.53298220078189,1.2179608304952743,22.115707178654624,LOW
1.27478761059313,47.85149122265454,29.967569141568976,1.2490875029456647,23.810086300673976,LOW
3.134114982774501,55.81157231953987,22.58881395587162,0.9903934969273158,58.84991439548451,WARNING
5.744270433787946,199.53249627562397,6.166181115059359,0.2162862427902328,100.0,CRITICAL
0.5777207300123695,49.18683387709049,32.628409511356004,1.381248810627472,17.60024712054377,LOW
3.5007683328938404,132.73647254830743,33.904415029692146,0.5785538341984082,77.25807618048202,CRITICAL
3.3389236990773186,34.75190500999809,25.043863756323148,0.5791730947551712,57.972344233694095,WARNING
3.118304674087885,102.21555044161417,14.778580606527878,0.2250224464109627,71.71776057242256,CRITICAL
5.716715672036406,281.89469923053866,17.373602662647546,0.046370050267638505,100.0,CRITICAL
3.2193222722631667,108.98310708129581,18.847855381416423,0.30316712732672013,77.29576733578868,CRITICAL
2.2459150246961586,53.24035598165898,45.86561789707189,0.5651515335350213,44.01206482801292,WARNING
3.0139684521388945,80.42521040800797,14.618999079270115,0.3981028477671097,73.63493357842421,CRITICAL
2.1705327971630917,33.614280992534006,53.13336524387525,0.7322342407365292,38.089897121724405,LOW
3.306319015472593,93.52962680350512,16.782837199579163,0.4666971078146068,75.611402287738,CRITICAL
2.898487073944218,31.02643089908934,35.63892836281609,0.655074233042507,47.30199642659276,WARNING
1.2980062040604732,11.90717574967187,35.49005803166534,1.0486024976772221,20.94727446793487,LOW
2.8607576728003603,45.02466213211031,34.83359985289902,0.545045791216578,52.76928410054094,WARNING
1.0010577518985078,35.169151559581955,29.377752389459225,1.1777545498814885,17.153966824246844,LOW
1.2975989525169118,39.95689691117375,46.92410611929683,1.0015069282859366,21.458866920816593,LOW
0.8917056234744439,23.770583175894867,15.712756954788647,1.1893164544738843,17.329968982709353,LOW
1.067695241259944,43.88840828472981,22.84787014762459,1.0473200782606784,30.20585729977119,LOW
1.698830125801699,32.28100562827286,23.277427195244712,1.4328446080653015,24.96752722338337,LOW
2.9230766398816255,55.20048585682615,30.989499485349306,0.6524302230608723,58.67612625555416,WARNING
0.21153283599978256,14.412589467164922,20.81011954150815,1.3386262615598452,3.676415199974123,LOW
1.0915142397869473,30.316130619821152,43.36152318494626,1.3045819026957948,14.258676681721147,LOW
0.8248349366005122,37.9619190422445,29.004875776779766,1.2096989349107905,18.008925213810844,LOW
2.4285993194773967,75.44890158459185,36.52574403962336,0.8156089054587664,59.9040289146321,WARNING
2.662480151941909,73.67264724989977,21.08621427563772,0.7037330683816044,62.98039328277606,WARNING
1.4567639820879557,10.503448606152546,36.43409915217896,1.1731806179622892,19.225797164041918,LOW
1.3577832748548422,41.30065256272624,44.42563338566324,1.1554991089720819,17.035609700621205,LOW
2.9948864372842863,61.47604875601955,48.641087744632216,0.8848636518223774,50.87027866596462,WARNING
0.965336237647429,24.881040537254414,33.64270050323971,1.161662771327688,17.617319437857418,LOW
2.3039556732782103,67.88444568078782,51.26399898297002,0.789260408112323,43.49095336092116,WARNING
5.14724268357999,250.4398519124142,13.063527336710255,0.06681048902666822,100.0,CRITICAL
0.5111814672456184,30.378581208304944,11.231248752344246,1.1909795884258463,15.920120513656343,LOW
1.5648374144986283,26.818194571521282,42.55892715044974,1.4178636189607794,16.855075702019267,LOW
0.9005272162177653,38.838960208361414,29.97984614699586,1.4275341152014855,18.26379901496782,LOW
2.183333161442767,59.21241189590273,23.417194750565905,0.6302755617685193,57.39844394674641,WARNING
1.177444572257497,43.75609513561811,15.312384382020635,1.3841982638235424,27.512178401895206,LOW
3.0097291555066548,93.80008288634771,16.46668273835255,0.3127522253523906,71.90914234824578,CRITICAL
0.2960382224935912,28.738171195321357,25.974014694555564,1.3124669054576248,6.034213357809729,LOW
2.557066055210277,32.012514054416485,52.84301456508372,0.8171082199959692,41.33179041653181,WARNING
0.5741866863849716,22.359576199559072,42.46126162124567,1.380356605203349,5.124609948424851,LOW
1.6392780125580055,28.09565441266612,14.634807531434202,1.0192737362005286,30.9896140333668,LOW
0.3818893409396077,39.801647138466095,21.150272560803813,1.4387265154797146,11.081368850746706,LOW
2.4427609595486492,37.06619395188893,58.56710379693598,0.7815807227748421,41.986794960043156,WARNING
0.689596991961594,16.38137976502645,20.327332527581547,1.0278577598667673,14.78181263706659,LOW
3.347392017632502,116.57260239839006,11.253717907305422,0.2363203201698011,75.92290509415702,CRITICAL
3.2608653662521228,34.39939825269847,36.74186674344057,0.9852123339250736,45.402048922555416,WARNING
1.9010408416957063,18.83950772299417,27.636295279629458,1.1778050267935254,27.57109942424286,LOW
0.5495023552358105,36.7340171985742,19.383639446764246,1.3010506771749197,14.23026637979516,LOW
3.447859667690288,73.46877207855613,23.473415700788863,0.727206894093851,71.45292891783444,CRITICAL
2.843923762084259,66.31784165682566,59.004805672050296,0.671135904902411,48.77133538974376,WARNING
3.7784322423611787,116.46772213019717,34.631004100304835,0.46664937810195856,81.16201985840301,CRITICAL
3.419000767885597,36.51326085052891,59.71870687526605,0.5772164385313632,51.413197116100285,WARNING
1.3004807449900524,11.388405711468451,47.62987114743376,1.1398110619494215,18.57513277484159,LOW
1.740771086850317,40.59344746509339,36.868877239502226,1.0731792253013483,26.129253337031965,LOW
5.342499090050872,275.38396117024877,14.675705833293033,0.178271502823446,100.0,CRITICAL
2.896225743556033,32.55992953239804,33.82092562631168,0.6582087593892234,47.694440847846444,WARNING
3.270472371825657,56.265356945403866,28.731087992244213,0.5062198384223716,70.63207630907465,CRITICAL
0.15810027353131298,19.48259674173498,35.39988764662655,1.0757094780684189,4.587820288989489,LOW
2.0590731849098254,78.62355550697134,53.03861996573683,0.6303884587271236,48.82856518553368,WARNING
0.8510388029509762,44.45976688174103,24.185374579734784,1.0239900833090936,23.68030285490198,LOW
3.9240547680095217,101.04153008945079,10.083013003287643,0.4067990523650389,82.23846071938458,CRITICAL
2.4029074729201705,51.95220130247418,26.911568182669136,0.6636976347581277,51.52709763219405,WARNING
1.600148128523813,40.51890969249817,17.486111788495062,1.2076360897078553,36.45218747631619,LOW
3.456737682444502,126.32344380489334,19.178864479309873,0.22382342462477786,79.0903340438619,CRITICAL
1.801717445503139,31.824906819176967,35.08621588376426,1.3443413573480898,20.462286164393173,LOW
3.154468504057453,69.1550242166278,34.0554388713075,0.5423925767461175,71.03152555696194,CRITICAL
2.706352204243623,79.23348471296906,49.10629640276163,0.9229243807782426,57.12852666902287,WARNING
1.8190772482724185,39.28604209126232,39.84511961782346,1.0434656218662282,23.906007217843197,LOW
2.85232116396218,35.55947533558522,41.19950971064559,0.7256292199525864,47.22696856157784,WARNING
2.753957406485747,54.058108379971756,48.779639131697785,0.8342939450764386,43.09542159271934,WARNING
3.7861556185100005,130.8074479564756,13.57152294813756,0.5950178349968558,80.22845830023888,CRITICAL
3.370091482135417,120.41211191062817,36.666609104257994,0.39785759621027683,79.51614198334057,CRITICAL
2.8632505386786016,50.29721114667864,41.579174593204925,0.9357213408983351,49.82176475698835,WARNING
3.7725457468608394,108.98753248458704,33.57917655620592,0.3551425388758442,83.77183005824932,CRITICAL
0.960468729066863,43.21447037112159,46.51011232643739,1.1026477145248437,18.66766893526439,LOW
0.9236605604918927,29.560611888330985,49.0650267015022,1.259371256570115,13.426899088153924,LOW
1.4217479220781801,35.88236658793644,40.3387557879545,1.037224260807568,23.76932808520207,LOW
1.5616485105313809,24.824638916415445,46.432758272883,1.2588352044838689,16.70644365100342,LOW
0.47761784160806675,16.463756733096083,33.31416577680652,1.3847770102538697,6.60618333233575,LOW
1.4256739550323418,45.99297034220025,34.863440853781924,1.387823812986538,25.54536723092451,LOW
3.4326188617175117,61.49892098833084,36.45137843972198,0.8985657133264635,61.162219155548684,WARNING
1.6447424428619168,24.637218630601446,16.160400360889703,1.0810703120192255,28.460241921865975,LOW
0.6102688222195505,24.883190763664448,12.235978810115045,1.0542078582066843,18.53778720648233,LOW
3.1803109544312074,79.4117305682287,22.703855413886135,0.9445922058105594,64.19605703682947,WARNING
1.9739703361950043,49.23956947634694,44.593184349517756,1.0453900433226182,28.94948938834289,LOW
3.634613993132807,89.0142812167998,17.852732717393852,0.47568965259928014,79.62871538103857,CRITICAL
2.8019298749239567,64.21045064306247,51.108901969324315,0.5852928906177106,53.509744159665004,WARNING
2.5125298837335697,49.187931046117114,23.108518595032077,0.7942103811341343,54.20278776144271,WARNING
4.597156528623357,164.44839727351402,12.679531534431963,0.10982975002960757,98.22536256239411,CRITICAL
1.9878165364124805,40.16437344413284,29.415785320497505,1.025001698691483,33.66464689695732,LOW
1.0447746989734232,10.989334528930899,47.73425080067898,1.271403589719253,11.791218312719772,LOW
1.4325368689335358,12.85406047669941,38.846816995009235,1.3507462404138881,19.710478618576033,LOW
1.8173717955948683,12.07321235238278,41.51533929632393,1.1536777624179955,24.281166320618393,LOW
1.4385776026614303,45.83512127090087,40.565041575331506,1.156549972536253,20.842246261569123,LOW
3.10709363432911,143.2249749088125,28.034027410612044,0.4355419822787987,71.23681682836998,CRITICAL
3.667533251394671,101.29674807667968,20.4854536635048,0.2692216764498544,79.99945274310846,CRITICAL
2.2538432616710065,73.19658865402926,48.018503477131304,0.9457556272656278,46.50924825103593,WARNING
1.6171677355541842,45.23218900113371,11.782792356322066,1.4995379776005882,32.996771348430656,LOW
0.11640724510655595,45.436253039753126,20.739635302504226,1.2607957501541969,15.344915568261031,LOW
3.186637693699444,42.51030566104194,48.68585469619421,0.5588304405210693,52.64726937541554,WARNING
0.32173532154897516,32.28909999722785,11.856016893719428,1.0936952546444745,19.311991105883983,LOW
1.0143701791894748,19.939481172418688,29.020914222783905,1.260587894139711,8.934544940553328,LOW
1.3058487018578446,47.71668446101744,40.58619647095064,1.1030513159441888,23.048496117122315,LOW
3.73551330808424,88.95614028654506,31.384072467368867,0.3157421829624906,78.42969030426576,CRITICAL
1.5603088108983827,43.14735034832496,19.27916005442882,1.1198190589597643,34.3060571052587,LOW
1.6417917062964236,13.090722881870182,42.348454131852534,1.4613614804777866,17.703410707830667,LOW
0.31163430080020604,20.371342829976907,42.47128037968417,1.0278338946139656,9.601531036768343,LOW
1.0822064489884338,44.961639059438184,19.999286636678967,1.3891635782684417,28.56047300891447,LOW
3.0264156537050493,117.08134357224424,32.41642621091671,0.5538412224796387,71.2906809686881,CRITICAL
0.7487581116681977,13.142231667806406,43.39736335235531,1.4286831739098218,7.6199942791421,LOW
1.2862804270052357,49.30476743531822,43.554563089574295,1.398961108018209,18.01004068545163,LOW
1.9719032790783266,42.99891403445214,23.426112862561673,1.3742455144341579,38.20575046912579,LOW
4.492903110534375,269.2503286481486,11.80748642360177,0.2849912739731125,94.46132540344139,CRITICAL
1.467448047805874,11.48612604138345,19.86213922457089,1.160427265033059,21.738710238631096,LOW
0.42106744227116133,18.121889047417806,26.959868092622944,1.0303499345720568,10.32826550386148,LOW
5.119703382356444,271.99303543838573,15.44996861128027,0.1982475408064524,100.0,CRITICAL
2.4213553998642547,53.950393132621485,52.65751394621025,0.5160989879726527,43.06650302178645,WARNING
1.9175070827334362,27.80393493717016,22.132969779018087,1.4616397706470683,26.99192880120209,LOW
1.1986056680939194,22.83112054680615,39.462617364780996,1.0791312373071962,17.786307937527887,LOW
2.0000126483169565,42.62818777549488,26.486608460428176,0.6049153559910132,44.37692969305477,WARNING
0.6219706190080674,22.395590924206484,41.08021841983812,1.12644215391835,14.155496669847446,LOW
5.592927042513799,299.9576584494296,9.183571267944085,0.17679845549889472,100.0,CRITICAL
4.060760430336585,193.39331886131865,5.625883395805862,0.29471095951358367,84.20841153224978,CRITICAL
1.6434843447170675,20.98215385342577,44.42411919512492,1.2438754506701555,23.6056095684492,LOW
3.470139209212074,129.97924930000494,15.447475717767226,0.575044872311264,73.27839570997351,CRITICAL
0.5217063470455812,21.534390643076367,16.11012001084608,1.2033401660878313,14.369334460343886,LOW
0.5163015329570205,42.31053004848083,42.42418618279136,1.1650033758771734,3.977198949358149,LOW
0.4485605626862672,42.885595616874696,48.26734886581758,1.145676430128253,7.961665323106777,LOW
1.2394826805229502,26.415946136370287,40.337401059806396,1.3743820400688733,17.248711850180104,LOW
3.437819008909348,113.77583324854953,22.0121592213965,0.3187755508090879,80.39767626078535,CRITICAL
1.965494722744035,37.352294545396845,41.20444064923896,1.499427292948352,23.781463981948,LOW
2.1069368848413434,69.51458634694617,54.830641104456454,0.5811985750531876,45.42093010131209,WARNING
1.6272160018810615,44.19418944845802,42.44209304211927,1.041107177821849,24.907503666376154,LOW
3.430855435248823,36.0181384261105,21.267271928629864,0.9368295158459647,59.96774446758337,WARNING
5.5395311671783976,209.6167328452387,8.716822346006845,0.04340789399274226,100.0,CRITICAL
0.9462670594151491,20.443417071129847,46.634913925768984,1.0059013368092227,18.90312458238521,LOW
2.9655994386935456,50.51677472987187,56.73908930821349,0.6644731689852339,48.258460705706746,WARNING
3.389976457697643,36.419181145976594,57.88324192076401,0.8880163506234953,46.982546091948855,WARNING
3.044042936213913,110.2280338811853,32.69901692752279,0.5244561769828671,73.05443053962945,CRITICAL
0.190448838830174,42.11404621014405,26.875690708847277,1.0717618650412835,15.701215694490893,LOW
3.2809855650522457,31.578350613624206,54.73708932670133,0.9436215547028275,46.44463139556263,WARNING
0.24566625085564692,47.869728184092594,12.881196213126834,1.2953376552230909,25.208407066748382,LOW
2.7036804225590703,74.0325073189446,58.56040331059344,0.7746350541994035,50.0685700666798,WARNING
1.6790807721073642,43.24373845559325,22.775268643413284,1.288111827711002,32.906313992518044,LOW
3.187515084872225,102.61329324273262,23.468028511672983,0.5380320256503257,69.957705642884,CRITICAL
2.4753055823600327,42.15167768351935,47.82818840184484,0.7399437325200662,43.2599296119532,WARNING
2.9196080448230695,74.37515762562123,54.727957099099115,0.5745171366297147,59.93215763681803,WARNING
2.6589529950038657,44.276003753259246,45.24589637671193,0.7554417670450613,41.59188121560381,WARNING
0.14898629177274963,39.83839014541921,46.49829332033667,1.2936881703243186,4.54557035000984,LOW
2.0696376824953857,55.189064911810554,41.07488930472812,0.5194872428797112,42.96398955447289,WARNING
2.6043880203047367,79.78230687240537,28.488205848285375,0.5291177956453003,66.14426343499673,CRITICAL
4.48768403615113,245.29967806737443,7.491364396304563,0.19188835705039806,100.0,CRITICAL
1.6887690125926018,29.14663456880956,30.754112066857722,1.205512595520063,24.595361377129404,LOW
5.603142748189407,196.70900625447126,15.661425495775088,0.1310980581765793,100.0,CRITICAL
2.2734503998836844,44.31405471969225,48.95521169545056,0.5384218296049104,35.959343292725244,LOW
1.531396468449499,45.02114603731542,39.153122031863525,1.2635691425654265,22.59576947732383,LOW
1.4483826802708903,30.139798575728506,46.304309336617465,1.0693712477972899,19.84143131238036,LOW
3.5106687579575286,105.6264668350045,29.307006576580925,0.5161669479979081,73.55722206913067,CRITICAL
3.3129977441439893,149.87655107282558,33.019747868695774,0.47512766996546346,73.82175405718976,CRITICAL
0.9522095192640064,30.0984430274951,25.055055847471653,1.0749865502507037,16.408369797908144,LOW
0.25899062368381776,40.0969381528994,36.846291726977334,1.4699665684145353,4.209890280614465,LOW
1.5937818201921594,33.504288109397095,35.84413712370468,1.2737306348821997,22.326649092146187,LOW
3.068905505284257,44.03816119423788,46.00850975593798,0.5588449963790338,46.893532688951765,WARNING
1.4198934963459495,38.624488339223355,34.88570831696443,1.1294349745484986,22.991813234953856,LOW
1.0331551408736923,47.11687087412464,28.48488530414063,1.2355041138725937,23.30228654769745,LOW
0.5015581590307842,16.314609040547893,32.61063481574854,1.1592457855083476,9.596367744669932,LOW
3.1047901059836764,71.87589537006946,39.27825579279716,0.695305928741011,63.45292556640302,WARNING
2.0200471290072377,61.67632931966455,36.22727696462338,0.7264376431686164,45.21602135857937,WARNING
0.6855844273020972,48.40473491545964,47.74157726944106,1.321958632539609,8.786010610756367,LOW
3.7512747777674926,104.21240423887431,28.117020018229145,0.2881294294397944,82.36944222660237,CRITICAL
3.5832298243089618,84.09068427059032,36.15283495982408,0.5510805643620263,77.27949752291939,CRITICAL
3.774301976818723,127.45477906845176,21.907273656357493,0.2545356669145822,81.69590868100815,CRITICAL
1.1744302687419117,18.33531232583089,17.586445162750003,1.3584813509673705,11.971911461601069,LOW
0.384086927284752,27.398323290318856,15.963326644795789,1.4799062756594714,8.351828325351795,LOW
0.8318539512937931,36.024066747118425,48.752568134322686,1.2363436818204003,15.563518623670946,LOW
2.2930384959900847,61.181668536783164,29.56219599628068,0.5990670260578728,52.09048873400134,WARNING
3.406004886449507,49.680105119736744,32.89845613706907,0.5879424468013547,62.720409647402384,WARNING
1.1633047720109082,24.9187765197229,34.923048739955384,1.3312117074766063,15.01074059968286,LOW
3.026252148609508,118.59465474192015,28.11623121260798,0.4839261340281461,69.37182478348934,CRITICAL
1.6555496020280234,31.59585864944738,26.357464062555998,1.3596283478682838,22.959561280779617,LOW
1.11526414530182,11.777216993680359,36.983590756850234,1.1200007616327772,17.097293397830498,LOW
1.3455674970247045,29.32381213485865,19.442482422661847,1.440185259998045,21.42084213600263,LOW
2.6229888464419084,48.79460482091783,26.404463029139915,0.9017957437248691,53.62590230702277,WARNING
1.4154155515520468,21.99767965283687,41.83957040506553,1.0526217056664529,23.872033991375908,LOW
3.0441737100126502,56.2994477708872,42.36127988435063,0.5329467194348175,58.07737030615617,WARNING
1.4716646187369995,47.816856882306595,31.671238303717605,1.3627956661288643,27.244860516101344,LOW
0.7890578113935666,20.027958221635576,44.147025329938636,1.2230865069647996,14.021948402075743,LOW
3.4472349495340824,71.83419008252335,51.592810409604255,0.5711098272141986,63.99064008228766,WARNING
1.5041370567521528,17.783361313352408,33.561732386048575,1.3707714103929018,21.507586412366344,LOW
3.4904548112592892,51.7081360281788,32.472203504398514,0.6005983400499593,67.17455055021682,CRITICAL
3.9720548729392213,117.196483693342,28.15781036638566,0.4326159058728677,83.87607907957756,CRITICAL
0.38925564720180184,12.618347470623217,27.465515827904934,1.0930838476388343,9.903614438950672,LOW
2.071117962641268,61.11227070866791,44.84276794884218,0.719605628864401,43.68248254234896,WARNING
3.2868717964973277,67.89934269490374,38.93736811677111,0.6311422491697205,67.8955440471764,CRITICAL
3.027039689751496,134.80742757075427,15.116729137353271,0.42844453321510845,71.24249861410972,CRITICAL
3.5612884229581994,108.27025082148712,19.638029103395347,0.3220400962356541,80.55679975560109,CRITICAL
3.2827290123830553,135.92424398510417,11.099045247377994,0.282582504805875,77.39651576009459,CRITICAL
2.6101192438978438,35.59441284218955,21.668818394335684,0.8055855680919548,44.13295995565702,WARNING
3.3947209401860663,45.39331680433191,59.88546073137524,0.5430224236592577,53.41203654457574,WARNING
1.454623878408563,39.94527240812891,26.914847813580728,1.1430237983088845,28.83309414387656,LOW
3.4900884542248383,70.52159261220282,46.502897171589424,0.6881079698334955,67.14688173678408,CRITICAL
3.3205391757361036,45.27400314544542,21.226102198907295,0.663591103907257,65.79163349097777,CRITICAL
1.9353932102277047,34.71172816287286,36.06083923760927,1.4267988974447487,27.041838450932826,LOW
1.1606806712483615,33.047533082407114,48.694222293100665,1.0657432497672727,18.806823179736195,LOW
3.8319517295306085,80.84212111501263,17.693640212679973,0.2723269371607085,87.13887738745244,CRITICAL
1.8200461777122914,10.200242267050502,29.527679030279565,1.4423967176071801,22.12777802035892,LOW
3.3240681941849384,100.01716289208895,11.473589413485167,0.4012810492267147,76.79237668263612,CRITICAL
0.8066394323048073,14.53336396688545,19.230526352969846,1.1018378079119358,13.069928265847198,LOW
3.14572943174144,42.19525454945796,24.02696031321954,0.9049740998860696,56.74731376496046,WARNING
5.317556037866726,273.78364656773033,18.826247850641018,0.06857393444187847,100.0,CRITICAL
1.4913240148995959,15.826304145193673,13.708375876202279,1.1788174353121166,20.626463144781816,LOW
0.4411608028824685,12.797648301591899,45.091112272318384,1.389867194975897,5.997199206403781,LOW
1.3459694158761841,23.080020888167503,11.858779096757743,1.0393239927263755,28.24065969706263,LOW
1.6703187412646183,22.441110761757542,40.645034529648804,1.027871981424258,23.28600200764668,LOW
3.9679382068391407,102.79309980306822,39.665879823507595,0.5009230240925662,82.33115184689105,CRITICAL
1.0220163739907302,43.364025482296945,31.35501524874161,1.2749803877223398,14.986210147214301,LOW
1.281292816228034,40.66905345810102,41.607113724167704,1.312318069922408,14.103192277040925,LOW
0.14295837011560503,45.83118189028516,27.161848735096214,1.3005877243320383,12.67367478295186,LOW
1.617653889914938,35.85842853089902,34.84637035796736,1.4596988738436567,18.637826029815177,LOW
0.4235117684420515,17.57876598137361,26.934777210611585,1.4371108675059676,5.52912725955927,LOW
3.346643515422219,61.21094777318487,29.19198711341287,0.8524570341657698,67.84597415733876,CRITICAL
2.953016934822241,43.6784731721162,35.9967139837416,0.7352962038233704,49.76434907286044,WARNING
1.048958313738426,12.032430342111446,47.94125967844811,1.1231724321349286,13.383536263510319,LOW
0.16222913541148012,17.708860887987928,37.729799673343095,1.055900301569447,11.081593804498041,LOW
3.492836176092414,138.83727288170385,34.07774064164971,0.31830831082700395,78.42692890194462,CRITICAL
3.640282979809256,87.29292536604518,38.17338389787641,0.2706706966135429,76.92637343502192,CRITICAL
2.997435148517716,41.64539148193685,34.09769954070539,0.5722951023153762,48.66404688094768,WARNING
1.6676279749631364,40.02885361308338,27.707339465153773,1.0479546419214636,27.48173938445726,LOW
2.144959001665126,52.56842768725286,43.65548174519628,0.9928626266065277,35.60078474710222,LOW
0.3165248971172354,49.521966408660035,26.225006178516118,1.3718571535990725,15.155482030632454,LOW
0.6245732801001737,40.57573700152592,43.61917804101192,1.3497524685856486,10.33727826144963,LOW
0.598870567841192,27.00996169976509,46.58106478516983,1.4315977708784968,4.55371872393382,LOW
2.6398610788767813,58.63614042473304,36.892709614542746,0.6211694099181813,52.04182803743753,WARNING
0.36512926692408665,10.456911217776454,21.224658268153455,1.0857042951554838,8.641468825418185,LOW
1.0879213204445215,47.78285659764477,23.882878544622116,1.0155114895858495,29.276428661279198,LOW
1.6527261461677303,23.605890663669594,21.669226823589725,1.4594975705560895,21.223165014453144,LOW
2.337170869618608,66.519921838757,33.88552519685141,0.7428210800841641,56.065680377987846,WARNING
0.6626928088873791,31.16477871644691,28.721652543294045,1.1717565775507948,15.565734804649573,LOW
1.0616972962764217,38.04584324841772,43.664592126521846,1.263431888928676,13.5928917199096,LOW
3.353447443491329,97.67884869715812,30.792696045662392,0.2702998946556516,77.29953801008162,CRITICAL
2.8552752837349074,32.7195429444555,48.36314829385191,0.8950023651018817,44.453610622834894,WARNING
4.832255332872106,225.4397351931226,17.497346732729792,0.08075919390517497,100.0,CRITICAL
4.540718471085141,263.60917497427533,8.993343089576753,0.07217261241137823,99.33889304341375,CRITICAL
3.4638075017431125,119.61687756733684,16.67480450572075,0.32966092506595196,76.88410880566104,CRITICAL
2.1715332157706033,72.50332308267218,49.50326525629118,0.8803724269956835,47.84441851949883,WARNING
1.0407966902515973,11.101651146299126,22.603563111928242,1.174009760383463,15.565100643302316,LOW
0.13476285103134383,42.004661849714445,36.87303376454534,1.3246428750967034,10.996465356932697,LOW
3.9280542015957725,107.26710132323284,22.792086904464348,0.5900555960655336,82.9907090699957,CRITICAL
0.702442862892314,25.664209087810505,22.67732451070937,1.4421235070452663,10.14351369132599,LOW
3.4304706593042082,46.06612221075636,21.489785210537292,0.5690307098416801,68.30406111240792,CRITICAL
0.824847195514765,41.81547296542058,14.990360605122103,1.0402400691506224,25.35813438908172,LOW
3.0471035289707693,75.5476594147037,46.47906691852879,0.973089438889134,57.34827467333383,WARNING
3.8110538204392834,126.54232514191334,25.180729176345736,0.20708455714685964,82.2840184111014,CRITICAL
0.40084126052514635,12.046992669951898,41.04318876977104,1.065656051376881,10.022337912021998,LOW
0.36886213951912605,37.590495058040545,42.397668319561674,1.1395753485360833,8.426150950087461,LOW
3.2715210787328504,128.5178286702179,13.744108586303962,0.3711291795074525,78.8798831218145,CRITICAL
3.2800142000197354,39.214553395579344,46.449861957663835,0.5638750511598425,53.19886379896107,WARNING
1.096659307770557,11.090536935461493,12.814267840517548,1.4196359054845782,10.483209979874122,LOW
2.3310719397505917,39.64312916594075,36.861641178839406,0.5294983467226886,39.47025469238681,LOW
3.9401088914490288,111.37401151304098,16.27718206044383,0.38822983785776083,83.58344178268106,CRITICAL
1.4417148366121795,21.028542004429127,30.826379329611264,1.0067696751503221,20.767449266794046,LOW
2.0049019066431155,76.25960876030172,40.046315743979996,0.5500332479089639,53.42109620231704,WARNING
2.1835148237786624,53.65537605564165,32.22031535053819,0.880791701245067,44.48733463204964,WARNING
1.7115520526236754,47.65393515436357,48.780994730276475,1.1300981762478235,23.718033193522256,LOW
1.749637787060909,15.826756129409256,29.112412318242352,1.2964416198569104,25.722710491548582,LOW
1.7425770829700964,22.573564335748838,36.27278589544159,1.4640400007977497,21.57390639656348,LOW
1.0361958807533995,32.59328502740071,37.561555225366476,1.0584291269795345,17.049514324348195,LOW
2.218990326304149,33.380640360632995,38.77276831618851,0.8001876430108652,35.63619324654051,LOW
2.3218473513446347,37.602218340733266,44.290928990788466,0.6114745196772666,39.59931992959626,LOW
2.171715637792211,46.981791170760076,50.9234705376729,0.9155185399447225,31.143078974514143,LOW
5.522151988290498,271.0588931726629,4.455032997638848,0.12733159441074882,100.0,CRITICAL
0.30785902761767414,18.838361750351098,22.12938523551248,1.4985924014659868,6.538651393343859,LOW
3.24605683179801,90.13055365586567,17.297745924847305,0.5529686748028195,71.21389158562548,CRITICAL
2.677002684860719,71.01413734166209,29.46905771595234,0.6195876872698014,66.90086563096426,CRITICAL
0.4990652431706769,28.958987973564398,15.368187600466632,1.3739058737892202,14.117048561440772,LOW
2.7688118136334214,73.61317067600464,49.30247298515168,0.5746348959785392,54.5339651535076,WARNING
3.719036784171255,113.0407061463732,34.709395268059254,0.364026855206456,79.81642323355052,CRITICAL
3.0320748949320295,89.42332835780712,32.679232235597794,0.2457556971252673,76.09665993474022,CRITICAL
3.227348187808301,55.580853506068195,55.881482508939236,0.7847481138352372,51.10797967988958,WARNING
2.7640809648425635,75.60411087423086,29.747841431470555,0.8475177211856015,61.574731160075736,WARNING
4.259450759111659,252.92898773210618,8.491174517677207,0.2511304099890749,91.43060441170927,CRITICAL
2.2156526368170986,53.39083720606128,21.101291269019065,0.7147617570320319,50.78466654556269,WARNING
3.0531648261938065,82.41964535121309,10.82357644184081,0.3120107486240733,74.72850995291468,CRITICAL
0.3041493233127055,49.86974379563624,49.98244326000554,1.2599011830728144,7.750002029544809,LOW
2.251921517613035,69.62444575108707,29.23761332372237,0.7151239133656867,57.39080210979029,WARNING
3.075498948527843,37.507514886112226,23.046794191524,0.9330616649303428,52.64373954233171,WARNING
3.078951979338273,53.82656785329523,30.289219423240375,0.7406962036022722,62.201841848605184,WARNING
5.675665027125072,219.83212488777346,4.511580667454867,0.26688432837102183,100.0,CRITICAL
1.5283509109731122,22.678894901300765,34.25223657135908,1.2848086160273948,23.352274184389678,LOW
2.806431661448333,61.520577664925774,23.261696749834083,0.8326393363342572,61.23359080275766,WARNING
3.0303157647994556,67.1213671529863,48.19690696369863,0.5475527295080334,56.74603300603489,WARNING
0.6332636372129977,25.936860974609907,35.87492737783758,1.0964603631294618,13.757989768641444,LOW
3.088047666784175,72.43581890459524,35.96979970429639,0.8797414167025327,64.35089320802629,WARNING
0.20721123232044442,23.271946278298476,17.873878644767398,1.259269291822418,7.906757529469567,LOW
1.308031521054257,41.529212072954934,29.949686806743117,1.1481864193076536,19.96876049800434,LOW
2.0943428297845954,66.05597259102456,38.06427885808087,0.9491171092751474,48.157215820357166,WARNING
1.9437325254124385,28.25255705956204,46.388008896658086,1.1925624278593565,27.549413821373637,LOW
2.6269187862325905,48.13533073026947,57.871032110187784,0.8495557669483509,40.67300966533103,WARNING
3.7399604568901768,85.05173555280975,33.00612292356287,0.2074841868656816,86.19537061890742,CRITICAL
3.3318660521981562,121.87993207382254,32.48131055052824,0.45478598457082003,76.45665481589295,CRITICAL
1.1395757846561652,16.99714816970829,28.70172328685785,1.0750181854122247,18.155559066938185,LOW
2.4863770858456853,72.9507240270297,33.74310520088024,0.643416946106105,58.20907318713485,WARNING
1.5879775432831846,29.889016107875676,18.253677764185973,1.0157614036197449,30.039696323185332,LOW
1.510997247766396,24.047602567639956,19.918570786723148,1.1981897802443369,22.722738695207646,LOW
1.1815608259889276,42.42974967063743,10.893291920935543,1.2790508431145473,32.18833181415378,LOW
3.2156237563292125,144.51780856510265,27.330868630521703,0.4066905749688594,75.63085643364205,CRITICAL
0.11230378652810119,30.97346024557277,16.14047715309519,1.281285260845288,12.599107416903015,LOW
2.796607144743326,61.540100524355424,24.157821613203705,0.5485228634245604,65.88827490952876,CRITICAL
1.3816233020956246,18.867614730197893,20.82051521124958,1.254500273726942,18.08349316759648,LOW
3.4406916816337736,58.72099852628479,23.838763917845274,0.6834596612417858,69.2414641698898,CRITICAL
2.47499963475719,44.4654441571012,58.72075843785783,0.7919793130724544,37.408454436512386,LOW
0.6241519087732066,42.44112453223684,45.459033008884006,1.339515602610256,11.390090062542058,LOW
3.1662005673663076,140.31939538215644,35.46467855028893,0.34660078494266705,73.47552854399393,CRITICAL
1.1740892775491263,20.891751156311933,15.815092211999842,1.4765394527918128,8.729156478666187,LOW
1.0578904439436896,39.71332061578272,19.921852140106296,1.1844443285905921,22.868790771269644,LOW
0.774643854857296,44.451262000022304,19.482402831156055,1.0147707990084918,31.50669792530988,LOW
1.3189806107114301,11.516081085552358,23.622950313036604,1.0722859352070433,22.144233536426793,LOW
0.8268153119764696,29.73642331352542,13.727978984064837,1.050659590981595,20.408183498311654,LOW
0.5463424519117217,38.80224992332373,12.070354121240516,1.254371558685294,25.46930050199902,LOW
1.6411795756393661,41.604280777153335,37.56806527761387,1.1923918691753865,27.52071809977892,LOW
1.771952273926017,49.39430125924571,22.57759885782738,1.400613650535156,37.7027256687027,LOW
2.6954785952953193,49.32814524211001,31.681012626225385,0.9597539310967431,47.829961913188484,WARNING
3.077899533902851,43.3668750906223,27.04529203647919,0.9181495956827117,56.872494746126364,WARNING
3.996862672066711,81.35543076163678,26.211420603920836,0.4805291003625102,86.86057814590173,CRITICAL
0.1028804535231459,13.721282167264217,25.20239252271125,1.1644666439383835,6.8027996721602495,LOW
3.083526274428098,110.98943028658961,38.73467314621132,0.4011614991647978,71.61666352001875,CRITICAL
2.017984217844097,78.40501632096355,42.679073175592265,0.8520695904285642,48.64442559369086,WARNING
1.9200559804575112,33.568842061666174,36.479347696154676,1.4304187817192426,21.257373510660862,LOW
1.7658868463153659,22.68560278870414,23.878109445061895,1.0498111974114674,24.557815697367708,LOW
5.6525022700022065,235.77934696780608,15.438607113822089,0.23313393021706397,100.0,CRITICAL
2.854426125432937,66.20359537406449,41.73812855543156,0.9781685310343766,54.89946622215013,WARNING
2.860520663703224,72.13941074925816,35.169462208943116,0.6578968325938056,69.84517458532308,CRITICAL
1.3963348755393497,42.09498788585392,33.092793212329255,1.2614817810320262,23.16361714187307,LOW
1.8282077452507166,40.179989299796134,29.21147471544424,1.3295534569075964,27.854301870170474,LOW
0.25102744709670505,30.327027263949503,34.882545239072016,1.190223146131565,6.29051200393547,LOW
2.128152340974453,68.49792114424395,21.31128189762515,0.8172127917829026,51.55390722944473,WARNING
3.1714223434512916,50.676120733533836,34.708361024165384,0.5712301931777715,58.76933574474538,WARNING
3.242020570982887,58.0670775139954,26.603502488106482,0.8306139151140746,64.88753314059291,WARNING
3.0845055790976357,95.98411458948081,19.517819109743375,0.5092666829323502,72.48214683598363,CRITICAL
0.761860177623608,16.322787966406555,42.42571977293727,1.0102617102844351,11.765312436310833,LOW
0.4268788456186813,29.75188224544376,27.04225979103552,1.2591846015074681,7.327044709747669,LOW
3.3384931455322793,35.92310359738079,23.30711432993434,0.660177327502327,56.83233522277935,WARNING
2.8341413268983326,67.42306522890495,34.31655209715728,0.7005482841287589,61.8778576993633,WARNING
3.2670094565289416,106.69918495074288,10.404790035806304,0.42212830922134037,76.73556270047551,CRITICAL
0.6947411180396528,49.86335252955458,12.593249023868239,1.105211739897769,31.55098599939893,LOW
3.2973068704803037,137.38926628502023,19.99603881880001,0.5247923821903695,72.96723910278756,CRITICAL
2.2664893224071028,35.794197430759326,48.67771161305569,0.9242865906081996,38.4530324055469,LOW
3.3692970588405773,74.50392070973905,51.12749114347334,0.9490634600388586,61.66624567775071,WARNING
2.2309648627002643,75.47916359839039,20.35140939141883,0.7173024981392376,55.33715734820966,WARNING
1.094379907042672,26.486246150054576,34.922477484621524,1.3832220590339106,14.34621286281786,LOW
0.8931331996745276,42.6380199226091,36.17200725935976,1.3405139524638638,16.141220172914984,LOW
0.7176137357875695,48.2324484352371,43.87701029033255,1.0824608683556618,13.63414147002584,LOW
0.9941657856105729,35.71554039490063,48.68597667507958,1.4376626696304007,16.824977104852348,LOW
3.703376733070111,81.2311343976714,23.213815988162143,0.4044504940697857,76.97777328285002,CRITICAL
1.1994582860724428,20.99887827318945,46.42954902722966,1.2093259904519515,15.6430318981233,LOW
4.219030494679277,178.18188514094032,10.23181371298972,0.2604916119734359,92.93824801863727,CRITICAL
1.7206848665610268,21.097257215008938,28.875669905979414,1.1393656580171954,23.533296323006244,LOW
0.9001768685654781,23.38827008893958,41.485878253516645,1.3738192784965535,7.313333350223024,LOW
0.1285609309759456,35.27226927303412,32.12647639634112,1.314935757782047,8.650433341820216,LOW
2.2065739122203323,64.76896950424472,34.4174309888122,0.7581474165750535,50.82651760403132,WARNING
3.1487334432942764,120.7521143940298,36.493930408393915,0.28853169984945193,74.70605097128724,CRITICAL
0.8176907656130064,13.568819217192395,26.940690831877667,1.2397392430662386,11.62283644472507,LOW
1.7956790527770932,36.006309920594745,12.25707730343193,1.4135215090362554,32.701560281790144,LOW
0.5286725644963272,20.156848644952632,33.908743494600316,1.0407764673258257,11.73170948475816,LOW
4.966856828579089,211.9924990535532,18.943954054918777,0.07229717432687212,100.0,CRITICAL
1.8197206148152645,35.8772471839585,12.151351535506079,1.3369887039602224,33.823255662997454,LOW
0.47558557399456236,35.333850779273746,36.56779476776545,1.034267915708986,12.577353627458534,LOW
2.9876818762272905,31.756722921150967,42.21480304539487,0.8069692167928326,47.52287922971448,WARNING
0.22763890680350668,36.87411979882621,34.20881009373278,1.4945292552914808,3.371489152709214,LOW
0.8514393341862395,28.447191878425983,44.46031548746048,1.2072839958645507,11.275074618607128,LOW
0.3944571518003376,47.98715459764077,17.110292174338166,1.2095363667752181,24.16021850436484,LOW
1.8506286917963555,34.95275069743204,48.49825050324189,1.021135817610888,26.88329587294303,LOW
2.494276509608027,65.59370101991954,26.605181875266652,0.8003182792891046,56.46677817094358,WARNING
1.0656578595271882,32.78532244283538,12.39583521041627,1.4620121306384324,20.99754857125732,LOW
2.048803404540928,54.89736667540171,37.05263765101638,0.6872426334595245,46.614545573377406,WARNING
3.1819243745230317,92.34171746738058,25.65033478293371,0.47485753153997434,72.8329046803492,CRITICAL
1.5380748842399052,28.75487627906441,43.363010602308314,1.1984879877601482,20.38218801843699,LOW
3.7165070842141765,137.97801707533662,34.372613896499985,0.394545767393329,83.54356790872487,CRITICAL
0.2698534837335108,44.3537858962752,25.887929474451596,1.0663019753815344,16.423234944781335,LOW
3.334659871746959,73.0482760501414,42.17787282902686,0.5440355585086478,71.03666264854553,CRITICAL
1.8110264870109525,13.466709489429377,24.921530342190866,1.0472665265633283,29.97563545590437,LOW
3.035384129109472,109.80353437767721,35.853360600211836,0.3005529356408899,70.24591930579754,CRITICAL
2.3568929960972573,65.09198397972389,59.9590391621028,0.9321254364656439,34.39087177380234,LOW
3.4098687515796495,79.555458622857,42.81095565444417,0.6368150628632823,69.13109571847657,CRITICAL
0.7080347984466571,30.64100718044777,33.1909488708605,1.2128177187122295,8.745946386290907,LOW
1.500896209788511,10.121101531116924,47.87545846217188,1.3572168280680983,17.30826206865569,LOW
4.000646463361628,161.47221151740416,16.08128606283797,0.2216102643404159,90.43204602439695,CRITICAL
1.230043772244502,31.282114047390472,31.084589766143687,1.2977806521933544,15.933056377737742,LOW
1.164209073028045,34.907539733868305,22.45752274944404,1.3163879574843695,21.576073907707837,LOW
3.355207118497442,41.880181892270244,47.90439303173739,0.7253806865470671,50.948702056354676,WARNING
0.706732380519432,12.760545891059323,47.01780223591193,1.0508729783398685,11.490065164253883,LOW
3.906126410369513,112.73693905963829,11.617786480046554,0.4383142733703076,81.58884122066506,CRITICAL
2.5345735922567703,66.5189288423241,43.65004221315061,0.9146706368606976,48.625562252117774,WARNING
0.5463461849778105,32.67958736103232,45.21712929781861,1.4067158364066088,8.190504043771654,LOW
2.320411628173762,59.759659375960375,39.750463571140216,0.6922172405182866,51.96920288796178,WARNING
3.8294157247470806,85.37149618259228,39.57188324728934,0.2919936811890387,86.54246000513265,CRITICAL
1.7590251205060143,43.29219061485806,30.779146864664835,1.3525279799263725,27.84871160641746,LOW
4.904090879854926,224.13073120054057,14.456075043476321,0.11592796819692353,100.0,CRITICAL
0.5925723576770078,26.538166302311517,45.260671904187994,1.2735036262703838,7.512484673635543,LOW
1.3758936699348452,34.473802436962174,32.41787261572793,1.1955786353725906,20.469188498730446,LOW
0.9146517676826272,19.36321738519862,19.97680001654966,1.3937306526192428,9.242732454255375,LOW
0.3076660274945283,11.83403859573466,18.98861869115367,1.2437208928938026,4.456019090586674,LOW
0.23784914726785353,11.50903552090227,44.53391757217938,1.3291671098185192,5.325931477717009,LOW
2.2728161396171243,46.107884161004506,37.751652128484515,0.829017172386793,44.87164617071872,WARNING
1.0020953303407734,42.95193152257664,30.37843409539676,1.0998709044994484,24.886951606389868,LOW
1.5341364063448193,15.399696782338754,33.2185354022557,1.4826573591265424,16.418904784086564,LOW
2.0706552730085774,39.58028321789409,21.935891046107507,0.5853253064176966,45.042109217459775,WARNING
3.734851317685835,103.92968471662054,36.914134646429275,0.4660728862938515,78.75869923137594,CRITICAL
2.563289188308859,45.14145021222778,31.53092053537742,0.5038546129722137,50.74787499106296,WARNING
2.2179655055259175,56.03224194321287,20.6432560801689,0.8139416439626541,55.90003703997325,WARNING
0.6060343073584413,14.41227171891649,35.84283111678601,1.0542767479389052,9.182109068004102,LOW
2.202035706474251,77.1677302791646,36.655227096190686,0.5632950397880401,58.300418130533636,WARNING
3.143815161940707,135.35824472765182,22.52115485631055,0.5211711402954939,71.06846165324302,CRITICAL
3.9978175576073487,84.77382336435288,33.88903782177019,0.2278755534992797,89.07122622376885,CRITICAL
1.173988063010579,48.647684837061746,42.74627032864066,1.1818347785903989,16.790735284740787,LOW
2.072724542055635,52.644911857050566,44.33586141573339,0.857358564669982,36.44585501377569,LOW
3.6615185160652786,85.43520055963062,21.40998651794383,0.3906380474954002,81.33412269894177,CRITICAL
0.32028537323076856,32.06338251150831,15.270137183645431,1.4575136032113027,12.014628047397254,LOW
1.149190278390488,33.689468438309405,45.53691198066828,1.0337587585151535,20.43185689163978,LOW
2.8442073372539,38.73872668379018,24.869337907109397,0.8469754152668636,50.53962651906955,WARNING
2.2383298439569748,74.70023503190914,38.35735097378465,0.7606769998131523,56.403106626729695,WARNING
3.006250329484427,114.60426204755086,28.802999587838485,0.26372400181994127,73.35014324531905,CRITICAL
2.495375758964763,74.1115638516391,32.04338345925621,0.7582397373278822,58.31010153135264,WARNING
0.12120458041455308,27.041114147877074,31.077934930607952,1.3823399281625373,0.0,LOW
2.571762756725124,41.67123618866808,56.413919455634854,0.7683453965726972,39.90808910333229,LOW
1.374731535120618,42.12310455731567,40.34135021909721,1.2997687055201506,21.61193368182943,LOW
2.8572156773586244,62.886028237854696,26.745033778746464,0.5099667691039809,66.24560476110857,CRITICAL
3.93528469519267,135.15795466864563,21.169126075165515,0.26030027851987303,88.33371984069714,CRITICAL
1.6122345918395393,36.92053218041285,35.199184464517174,1.4651184233291676,17.799075016107537,LOW
3.7116654668625872,93.94732733457579,38.16772674163366,0.290848980626773,84.48853830690597,CRITICAL
1.313346156228409,28.313455213255708,34.96133235731632,1.4790253854938806,13.591253474176389,LOW
3.2958226360691727,84.00919867538099,39.0113299864299,0.4340689705862699,75.68036095871679,CRITICAL
0.45629179645505047,35.305216815694564,26.09909252357141,1.1625458635838446,11.444327533076102,LOW
3.299605275189891,63.92955496379889,38.53761762427105,0.8294319155393048,64.33654894075408,WARNING
0.3174240286100207,37.27520240850278,14.84339099996638,1.2310073110574506,19.429189616482162,LOW
0.7309349820562506,28.82498430502509,45.84706530858111,1.3402118492357513,6.540764523969385,LOW
2.286388509436678,48.36625510903791,52.22095413539928,0.8293077715032724,36.0932081437384,LOW
0.5302347484874133,21.286776463806852,49.129456377991815,1.1714683815033262,9.671193873941034,LOW
1.8948821112697218,13.517170475911424,36.348309763649844,1.4055121280455651,28.021370833124795,LOW
3.2138754763358204,66.98600102503411,37.82288667828075,0.9481372960205758,61.19672885221007,WARNING
1.0227281542069806,21.156112772097938,14.597464972439496,1.1309897614536768,20.18326395510593,LOW
3.543056227870116,139.5138704104328,32.354858124717595,0.3394458058390154,79.9288420118607,CRITICAL
3.8394152067741367,133.46848448178832,32.92522245372933,0.411101318160413,79.7725423910639,CRITICAL
0.6425346648945959,33.11571355132671,22.65413699788457,1.3907833795134463,11.38166610840929,LOW
3.0471952749093534,42.65784267276501,59.24460918826363,0.7015947618028329,47.368674624498794,WARNING
3.365672660397481,37.79982941571362,55.160871626826236,0.851956432224473,51.147343613454,WARNING
3.79901540798413,133.2424880761071,14.840084449997791,0.2762496442102974,81.66934230509193,CRITICAL
2.8702190249770494,77.18120318092676,38.747253386262216,0.651251303630686,65.71313115740902,CRITICAL
1.7180724812615815,33.85887279165656,44.5954623140898,1.2137309161297511,21.949508169806823,LOW
2.7881424547136286,79.33383748316635,51.87279572973115,0.797700041097594,54.0676094964715,WARNING
3.47424929445345,36.47156527732386,45.49044791876398,0.7589406607601472,54.0809286084411,WARNING
3.0000468697916065,89.56094211825288,11.112183583566733,0.26517330734798306,71.64027663510204,CRITICAL
3.3023086365803462,31.73117789676956,21.07145663520506,0.9949241371539049,53.61459030506278,WARNING
2.211042832613613,45.33459949571922,59.40020613092078,0.6136082870269682,36.331392173134226,LOW
1.7733380783186472,11.137557649669754,22.289406375549632,1.243596354200322,25.316194696053305,LOW
2.042362482442308,50.53354832193298,33.771487276202365,0.5134333009591916,46.587716949455135,WARNING
1.2126234652833547,21.92382829477143,14.266644825228298,1.1448617400201395,21.007855336705727,LOW
0.6627959559082354,34.966772846162456,47.96354887927809,1.0346357820085463,11.567914226754798,LOW
2.0439223176841095,54.77158873632757,47.04394550614767,0.6187753029964751,39.4699361194286,LOW
2.3926721224488388,40.70486303429881,52.73557657410143,0.66645667064032,38.578204976777684,LOW
0.2950517459534641,29.860015531770436,25.26377169579569,1.0029783098294145,13.09090986204217,LOW
0.24138780925073414,43.478241830809665,29.747726973081022,1.3450253482617955,5.899956371859441,LOW
0.598500086068026,19.77964782027088,21.86460536369625,1.3203811993944168,5.940269839484337,LOW
2.508607144775155,69.4115318895345,36.71440704027712,0.7612013454225768,55.48042409118604,WARNING
3.4655633547795213,65.23267778149409,22.167935432883144,0.5714456766001978,74.1457669063325,CRITICAL
1.4918884394965866,16.637298317965946,40.03284546370059,1.2779178619796605,20.142009965213344,LOW
2.373120599037434,66.0094868463914,53.76057473009196,0.9356454039094111,44.92700288219272,WARNING
1.2867358218357599,49.58153336734326,33.47662626211557,1.0856345037643098,26.676013195167688,LOW
0.9179841388663373,14.01090773662129,14.609691473502675,1.2316445737112307,13.913939569739648,LOW
3.3580880924880985,65.2626467006259,53.704126064916814,0.705892207269896,59.52947348840488,WARNING
2.8523756672772063,43.22606369532173,34.78895557353615,0.7241523530279539,45.88433244810277,WARNING
1.771693692304234,30.456406791946442,40.04119788870793,1.085955649028035,27.347211792083208,LOW
0.7571267815583829,25.532926846020317,25.33214446188312,1.3003112970821802,10.538390610176332,LOW
1.3807035433368238,29.382413131999023,16.30503706600952,1.4742841177357482,22.693206905997883,LOW
1.8453811921453163,47.11984346944827,24.58175695777345,1.0604900805605304,35.32375698202951,LOW
2.3933790143361082,65.03078187085029,56.60592788480429,0.7951191442587495,41.43076739970389,WARNING
3.226644552001776,95.80600788500054,36.39606649102758,0.4219613936779941,75.0422820909132,CRITICAL
3.2037331197997077,62.34806599732439,27.562948897455467,0.8460470175143382,66.93237283852388,CRITICAL
2.498686637663996,71.18508903362499,58.6638916916331,0.6659751705596302,47.86092378426914,WARNING
0.47527746772110324,26.012944913785038,12.092936310973151,1.2438786722377753,15.579656351444664,LOW
4.923401593577269,151.98882677128526,9.402487093869983,0.27896464691532813,100.0,CRITICAL
0.5236381674133967,38.622370660385414,21.764027421853733,1.3826204595786136,17.926783427348575,LOW
2.123702949978019,49.30681273893171,33.32993320243676,0.9050405981355877,40.16341911796815,WARNING
3.1661012127582318,48.60748794572348,47.66973037203168,0.5326171935499331,52.6245100505266,WARNING
1.803605794034394,29.894464147009472,34.535565751939814,1.4929143069624913,23.868010295535086,LOW
3.175253921920306,50.691277776518945,21.45361702190863,0.9172360351079121,61.19700634975653,WARNING
2.636206850906652,79.84529082897348,56.1344421427249,0.5205507235075737,58.02205914532052,WARNING
2.9012551169742555,31.257085188897182,37.788491116524895,0.5748557920366535,48.04815624357597,WARNING
3.431415080874807,69.90748404654673,47.77656179041003,0.9627548603306639,59.9293439744155,WARNING
0.8143239772969256,43.71767436812314,14.063418285721841,1.4677236745393625,22.606512549740856,LOW
0.38045216600814025,13.746940995943513,26.943783158442933,1.4215492462337007,8.05922096189883,LOW
2.676723169272826,45.95212592697911,26.27799645276402,0.995049647418842,49.162588070137176,WARNING
1.9862046808182454,34.76678576046287,21.80623132624453,1.4239765716008157,33.76904342869073,LOW
0.9807907421563807,43.58355184993652,49.34632209450829,1.191528796243563,14.322525025046192,LOW
3.665611736218511,122.15116775331805,19.278759305260323,0.44253592793360674,77.45620618128504,CRITICAL
3.375525988792968,96.9437557761042,24.428727159605057,0.35047511772972917,75.16697253211149,CRITICAL
1.6704408330989786,26.012844368573198,48.71580404261302,1.3544224055996206,20.741616901721628,LOW
0.578161008177518,37.41471948368976,22.097859599135067,1.463446409928888,14.952405353097,LOW
3.170128069943807,120.93060013044924,14.324592999548006,0.4252714593322223,70.57670785985778,CRITICAL
1.1598334679961417,30.871033518606453,11.713917570446402,1.3447084455803437,27.64155421827858,LOW
3.0829904332196074,56.250193215700136,56.89079075706898,0.9717546664819916,47.07987823141506,WARNING
3.36764299649691,76.15774109805565,30.47993854934984,0.9969648390347421,69.10395028801481,CRITICAL
0.6116927119447372,34.35295890414585,40.50232226332574,1.4036832234259713,7.549675031649028,LOW
3.168436025481758,105.90261315930539,31.427627500059522,0.4861240152052171,70.2112308798893,CRITICAL
1.7949523602544135,46.380430507519925,10.593099023393595,1.1625081957943264,40.818489211094885,WARNING
1.966532422078802,47.76671278340007,35.1330045921314,1.0229026506484082,34.995215864975926,LOW
4.189408778576615,268.7028528193483,3.823836259636444,0.15235533226982995,89.09957603274688,CRITICAL
3.0387430220538363,68.78739096829256,52.54370762830377,0.6528712123899756,58.84412975742344,WARNING
1.0774639253627745,46.81618461281781,45.40015971332338,1.4021519688193662,12.076590854418052,LOW
1.7866054486753762,46.46655866090942,36.54680242494997,1.1494569491126554,33.323618902530356,LOW
3.343343985481232,102.82469905749548,32.0854364520818,0.4745423527925491,74.78817854360648,CRITICAL
2.630390694818771,62.85798715326712,21.297332813599,0.5378447879029634,61.78072326618341,WARNING
3.158545961907845,65.49810403088604,56.14410742574936,0.5704174690779945,56.54878495410452,WARNING
0.5793686179482277,41.295547043540964,30.85378632939129,1.126337895049893,16.566694936717557,LOW
5.699181899301681,176.7182063600963,10.16261187505825,0.14582359547673449,100.0,CRITICAL
3.149088071443795,111.62503662197435,29.096216600135026,0.5781018458722835,71.1002350705066,CRITICAL
3.278602014689241,67.21941326065073,55.1734243649658,0.9479653071658843,55.635790956785456,WARNING
3.009378209893879,101.76537110797,22.105509626041627,0.4711661201213144,68.33295462583442,CRITICAL
1.9151338408279923,27.486313861774853,15.626888922365696,1.0031779033384618,32.37418621240879,LOW
1.8837406979758218,48.199701424726854,31.16005423793088,1.3231816723932346,35.606973223871925,LOW
3.7268295611363325,104.50430260660752,37.2994695515866,0.4658477793003836,77.53229554826197,CRITICAL
3.3855075418322076,80.15111885248879,14.98505781980516,0.5708709669078025,74.36535317545629,CRITICAL
0.9161994967137659,26.032733965368486,12.697033137306928,1.061165248087726,20.82271943966799,LOW
0.20242493236986123,13.42442412833583,37.86468767141339,1.0571026001115802,9.573984163733464,LOW
1.8294868722487698,29.099367120057963,48.52229961355346,1.0962553693091375,23.93777436858903,LOW
1.2215346753073042,23.14953549012135,32.89562168492523,1.236825085359368,18.796491668590207,LOW
1.049306337755144,26.640170463795876,36.95077684709271,1.0250663333591727,16.703210018430724,LOW
2.717810984794757,78.67903056927236,50.2328726319883,0.5774893093553507,62.43138934398089,WARNING
2.5350511552362964,48.832768823926315,34.680157834876624,0.5099772378948153,50.838220719515384,WARNING
2.916325638649875,43.43387610664658,45.20093493042076,0.6543646905289631,48.44377881142477,WARNING
3.6257086251855517,134.89026388985152,20.971003423761715,0.22872151653968453,80.22598600946712,CRITICAL
2.383964373634303,68.8739673223422,34.32430220538834,0.8353365194707069,57.201801073917885,WARNING
3.068297736978898,100.65809604199359,36.12637412786376,0.3615958518973663,73.1863999545035,CRITICAL
2.275015680526816,57.63431338437192,30.58459728167413,0.9146167890160118,47.235520922713185,WARNING
1.217165958128596,47.678882574807766,16.9262365558523,1.009868584751841,32.476505186206815,LOW
1.5219888054134412,49.00402572207254,12.051162702552901,1.392980943529748,34.81191689173478,LOW
1.8553791487444569,42.37430139853374,22.46916308012507,1.4700951327242813,30.97622871516077,LOW
0.7128192421426653,36.11684676265555,49.976763058126934,1.2328208585451885,11.07671138771427,LOW
2.1433399156258814,51.03621875575068,40.55877488783666,0.8488757214859327,38.5986563941242,LOW
2.1318083029223756,54.38227978671787,26.444937434852577,0.8766277775330196,49.905101117851174,WARNING
1.0696167646078192,43.62322614246831,38.5336559418476,1.4308739895141984,16.18999842542847,LOW
0.645111268073156,27.65116362741882,30.930285639145332,1.1260814324453101,14.481895444911107,LOW
2.16570963015551,79.28513212294453,42.509808862781554,0.7417811930629854,52.09928732396266,WARNING
4.280658883977907,231.55100293027886,16.101551638699576,0.11967110664818163,94.95569673033629,CRITICAL
0.5587740847197445,24.427421416046688,26.737660447073143,1.0555221855440802,12.07072971963061,LOW
1.7591332498018355,32.66364323588141,20.712811619934865,1.471797370564022,25.217730572842818,LOW
2.894078435323314,64.19091849937331,32.857972551254534,0.6047477206172723,65.35145385020539,CRITICAL
0.25909547355991636,28.841504717254644,26.249331295078797,1.0012698361750243,11.393589351293704,LOW
1.9373403282319248,47.62166440774398,13.80387713754578,1.3075696192128734,43.65088995732967,WARNING
3.172951850928794,88.95734506814374,17.79333337074159,0.31186845814739783,73.89837996521723,CRITICAL
0.6175249862873705,22.350321306656472,40.168061144316034,1.1332769479429656,8.958131176758485,LOW
3.0910169862097954,121.66189379322546,35.89002618331949,0.23171886777310574,75.17674313006873,CRITICAL
0.2912816216697169,37.05941185133858,22.375118572418486,1.1694595177962748,19.216243606576853,LOW
3.4180303458434675,46.68187222429532,49.86932295355669,0.9783045137258648,49.32589408517689,WARNING
1.667838258523481,21.475628054688542,23.310699748688602,1.3436434691240267,19.136248148948464,LOW
2.5999853767943426,63.27600337368094,58.254176455955985,0.9434511477459332,41.861692596354715,WARNING
3.729009072995574,144.20734313372202,34.52171392636285,0.40090163936434975,81.30589236632046,CRITICAL
2.0131861856147175,31.512486701846406,49.84910379880316,0.7773844500748532,31.41503139509921,LOW
2.149600718570963,61.065149556725665,41.109553756902336,0.8561085521522223,43.686291164615824,WARNING
0.3733374218585216,19.448419825894273,37.3453739737722,1.2390827911264193,3.289327562203779,LOW
3.9994550795994206,101.85442758061805,31.559548351715478,0.26844009768153937,87.30888007379968,CRITICAL
2.6462770565509954,60.26528451387484,29.502425241116587,0.9258283676172108,54.70578044905617,WARNING
3.2877028755399618,58.851242836482,28.644547618098862,0.92951669323979,62.630129564012854,WARNING
2.348520454673543,58.092178097814454,47.011970466940625,0.8402637275547957,43.382448121402525,WARNING
3.6076970017489702,82.2515783811372,32.485671056026504,0.5899837690596714,77.50307481522367,CRITICAL
1.2531073720479253,40.74666436474943,35.56355917832932,1.461274447010498,21.319732730161313,LOW
1.8104204931777927,20.49131247501797,49.136842971770704,1.1010531810207977,22.07076921661296,LOW
1.020788704764762,36.4200030707902,27.626584310341983,1.1759082657893798,20.14388462607388,LOW
4.65608957715679,252.02379615606583,14.438245939830423,0.19602513847840689,100.0,CRITICAL
1.125003738172535,40.53006430461426,18.032382259289466,1.1741044151937425,27.769069294291647,LOW
3.16920312032582,133.23851643491668,20.91928203558068,0.47446839351122266,72.20060013315663,CRITICAL
0.9967599754736659,45.251392495073134,35.478570622995065,1.1178839713826325,20.89349671889536,LOW
0.36612422721044524,41.066224303611534,46.179381446110696,1.060753303731574,8.115768393283048,LOW
1.7147149074957848,30.038137558123893,36.98141028108172,1.2207401686212782,19.91628616810777,LOW
2.23971186155864,65.86153848642574,41.97718997039616,0.9237604230208394,44.69173327847092,WARNING
3.900586763698544,122.08616402299558,19.562029152965764,0.34286785642543116,86.71103181908785,CRITICAL
1.9961037397544554,14.300123960642232,34.28368949241776,1.2655118471484121,28.28677922065453,LOW
2.8006472952189587,32.89550614379022,59.837016763798175,0.9906385205742616,37.880245566996976,LOW
0.20839221116639073,34.47435820058776,29.12946200972192,1.2081558918136386,8.8902267734248,LOW
3.309279390138662,33.53593256562777,41.76357070067695,0.8505084474915895,52.525499754835884,WARNING
5.777468712229637,163.36444229626193,11.496559007521736,0.2359422467132964,100.0,CRITICAL
2.625451794202627,46.12221871605418,45.0801973838067,0.7061843629079682,45.0163877387549,WARNING
1.3253554803819212,44.93733752051758,34.87087655841897,1.2463936861578158,22.03186627732815,LOW
1.3949878533118738,49.90104109131995,42.33722213225091,1.3172330931771958,18.432168869654696,LOW
2.265952876268088,74.35242253158123,34.1595434899878,0.6998982047263351,57.19899656374473,WARNING
1.015158467669398,37.21817960609094,22.111166809537664,1.3509187972877028,16.768523177098643,LOW
1.7365257704893982,10.477400361720854,38.63622847812651,1.2086269328179395,26.512349855480807,LOW
2.761269535020718,34.19303186844999,59.28209397650877,0.5430227707101203,45.69821346973478,WARNING
3.2930722365747886,119.80634984137572,25.643093581262345,0.33205900850988074,73.82068255227063,CRITICAL
2.752193496058907,58.9143313892846,28.40621685135438,0.9632745302932174,56.43411185648947,WARNING
3.084020651425539,82.01264165831421,19.99461235472362,0.5159791733069401,69.54344838995763,CRITICAL
3.23323562817311,49.87492725191666,59.75036073329881,0.6830530525101532,49.5730203069173,WARNING
0.7396712388173614,17.707110579314154,15.16442426308755,1.181981953691815,15.140218509466749,LOW
1.0544246849172925,11.416489047636492,27.253110325560424,1.479002760701829,9.13681187906707,LOW
1.6034280353331372,22.546363835542635,25.339837477942634,1.3943932582625824,18.723544032646178,LOW
1.0087522927556933,12.526735453218446,16.96282329237167,1.1047236544318253,18.01258023232967,LOW
0.8229267399853887,22.040210608133933,22.819642189275786,1.2017522001879999,11.906865186263255,LOW
3.0243761306335055,123.72097307974163,36.6304871506985,0.36678403584578556,74.12776793738051,CRITICAL
0.361093909004351,18.784688858577205,12.297805363974156,1.382363726750559,12.000233711890022,LOW
3.178450360420627,44.50983305933974,52.18688557643168,0.6546021919454481,50.4991029033691,WARNING
3.4143940490320226,116.07720577198623,23.53868235642572,0.38297392060393276,74.99339166775161,CRITICAL
0.9027165045432586,29.876038814792754,39.79433887967633,1.0699159160016485,18.486033923891245,LOW
1.1434123083170533,38.42968206342523,28.604048446456094,1.1666754603457818,22.912810777820432,LOW
3.988816881207566,95.16448869562382,36.68184242121106,0.41817154564672054,86.17538769610003,CRITICAL
3.272656757449095,105.08605900861818,35.5577272497148,0.3963298120946721,74.7586217376331,CRITICAL
1.9281342557740468,18.681523323184315,34.413488439487544,1.2139582101020587,24.278445172212656,LOW
0.4172944764948986,39.98499479924916,37.90977596034703,1.3970519730176,6.347212156079033,LOW
2.19306561163803,78.9295990121278,27.54067217948123,0.6752248342476499,55.399482615574534,WARNING
1.7654927737924988,23.28059800153796,36.62336981938946,1.4293742459142253,22.007566798713693,LOW
4.42057138170163,168.4392168848992,14.814738916457031,0.056460547634971846,99.65098347427825,CRITICAL
2.9746892605080095,72.5446038010376,30.8727232966397,0.7776216690318496,70.8628090655677,CRITICAL
0.7055946826447083,10.81678200121198,33.97609771972565,1.4862527798956344,5.676031628686695,LOW
2.445958192541257,67.68246757471525,54.19729457640959,0.6671647268919252,48.70668256559667,WARNING
0.6795331953546797,18.23425513289546,34.744583244526716,1.1450364417440688,11.59959560294317,LOW
3.451339014356577,106.34082295606342,15.355488891120064,0.35495290377389377,76.86988760909496,CRITICAL
1.9903536461170095,11.21878020306099,19.55393509446893,1.0343144963313406,28.90730824099966,LOW
3.038231141898277,76.40157905008934,20.9505696698243,0.603672416977995,71.29116690317571,CRITICAL
2.8778356790430735,64.73301249606709,43.01918898196506,0.7905106067417396,55.16819185918978,WARNING
2.5368567157403987,32.47792098526304,38.89193339477426,0.987848190136615,36.34022586442479,LOW
1.6516890104672404,17.82610276087951,33.07179774102481,1.193515351939329,24.522133266512864,LOW
4.773334238859417,246.066505911324,11.128274989490192,0.023076480557886813,100.0,CRITICAL
1.5694693644193096,25.781370184293976,22.302965760685712,1.492791383139545,18.9831648469774,LOW
3.414998757961202,120.89729690816105,11.45146522909316,0.5681167615798396,73.82301871636089,CRITICAL
0.5053955827584803,16.271848622559236,29.900021957206242,1.408426935818841,4.942462590996406,LOW
1.9651446580710878,10.442323152956288,30.15991811511483,1.334684063031045,24.200953771173392,LOW
3.7461908286222867,85.20993499581932,23.856113351655786,0.23149983176414093,82.14023964296459,CRITICAL
0.6814534744144105,47.553273198283854,38.39986137555037,1.0020129918033684,18.42062157046268,LOW
0.1332460013884207,21.772437662866903,37.41968704087682,1.379889335840349,4.835705701786306,LOW
2.8066337731437687,77.73153800995424,57.90963731433377,0.9488021404685303,50.6418036475827,WARNING
0.49498482293220725,46.04011806895792,25.91652603603388,1.3987221300981885,18.52156377520724,LOW
0.9169185231671388,44.28374023070965,29.597025769934568,1.3450669591864512,20.116812227064695,LOW
2.1811375707512735,37.78727841240444,48.98214471364095,0.5272852750265965,39.9634946493871,LOW
3.365717827882081,45.47082257372474,45.465056365483875,0.6433713861923728,52.48805492975739,WARNING
1.9823210976192156,17.04928597805736,17.539302194071137,1.4209591844573473,28.50832585889171,LOW
0.40094061243191526,38.13341850901741,36.741590942189816,1.0448431017938522,8.335152122797856,LOW
3.2547638050340715,142.10614525340355,37.68964511690467,0.3960278842350968,71.5798087536587,CRITICAL
3.196588578026421,123.54871975007222,27.014021450815754,0.29955799505192293,74.0188169658851,CRITICAL
5.692648394734349,153.07926406011376,8.445048478593431,0.1076915783546012,100.0,CRITICAL
4.400159187081053,186.58268799700184,13.321632448527785,0.048317061990894736,98.4663765366043,CRITICAL
3.109929159404451,148.83221936559875,36.239293860399044,0.5358626026280935,71.73505438295598,CRITICAL
1.9761111654880539,11.393037661073638,25.268358993777916,1.4841941602163904,18.102502825901755,LOW
0.8569283237775142,35.25202985669098,46.290752230765236,1.1472610825933398,13.15067401105711,LOW
3.275838135942567,85.10885569557901,34.36907640528859,0.38003055516649564,75.51941404480986,CRITICAL
0.9167776496117289,34.463051379515065,20.50773820996312,1.11863726617726,20.146740881156518,LOW
3.234266117370778,66.37083958272784,38.77209951779343,0.7826951576574704,63.110214207061446,WARNING
1.8334721646347756,32.32250220707063,22.656364373208866,1.1467911651179454,32.53692658922807,LOW
0.8788463221684597,37.04725460866,21.906189351041988,1.2546382862862868,23.199254059341964,LOW
0.2361948658466239,25.52983078696179,39.28309078912027,1.1069252160000673,9.156447981723481,LOW
3.4571835122135983,74.17072727833082,42.527048793003985,0.7788899374153178,70.52814137766173,CRITICAL
1.8483769933232104,45.837141802821506,39.682276900056834,1.0639410324908485,28.13784016812088,LOW
1.5425022120297134,48.38931752987445,14.356228999763818,1.0819880281845138,41.52033285992343,WARNING
1.9295310432969903,37.8559317365466,37.13151837286944,1.2525134000650417,22.416451952610885,LOW
1.582523317870969,28.827710435208765,20.240347626391774,1.3163905401762586,25.157605419129844,LOW
1.02867501389693,17.608803867154062,40.386855525091335,1.1604009494458563,18.048717236758662,LOW
2.599554825760646,33.551400011995575,56.86427973323124,0.503962588103416,43.88609304553032,WARNING
3.4181059877778224,45.33355269451745,23.017694202776863,0.6247725102608097,64.07736928122037,WARNING
3.0879953740774058,75.04575972647748,38.59174328370075,0.8731642177463692,60.64269255905795,WARNING
0.7246880769488365,14.723169004908264,37.66964747080317,1.4538226823332558,7.210320651398651,LOW
0.6206955497564774,21.49338485843447,13.289830273830564,1.066672069729612,17.546842908199196,LOW
0.11552110522893405,11.889199876355354,37.94201107222532,1.3096618762029661,3.431335417877404,LOW
0.22869673145745295,16.090025654803938,37.66429553801834,1.1175198667697388,8.569147917316025,LOW
3.05852011644408,67.36312040173735,47.62330505232744,0.8538313747657256,59.79370354581069,WARNING
2.3091328574177212,40.88037834586449,36.21210769381027,0.5069587100583475,44.03702330220018,WARNING
3.268266206679016,83.60766437709344,22.73276825194448,0.526239162698687,70.23986371506598,CRITICAL
2.8615707123016856,67.95948444161587,51.99014229425178,0.8531038739691281,50.13800073401146,WARNING
0.10394902993384875,49.09799944972739,20.56820418083494,1.1411751979724405,21.203565884318266,LOW
0.32123542667922056,13.25950665136546,38.14492739624568,1.0623022422668398,12.223783808605795,LOW
1.498639539051317,46.92795769813443,44.94344242782962,1.4320168309095633,19.777880424359505,LOW
3.3297315279188116,34.44622836216036,21.58232636661561,0.7148231926204358,57.55039419117268,WARNING
3.4085327325219934,141.92529940560573,17.043202131553187,0.21573765400290018,80.51306145365338,CRITICAL
1.7059896118425852,42.96702824853217,22.981368791609526,1.418986949892671,33.140795755094246,LOW
1.2816153546816789,17.699904052812208,20.5676873519391,1.2239390581855962,15.885643851131043,LOW
1.071579080248543,16.348237322972174,16.97253221503926,1.0146735381820235,16.64956390881568,LOW
0.7813992938944757,15.866093544762956,46.76366581463617,1.0997070863614007,12.854066054456352,LOW
0.21736174329130037,40.10909878046313,32.283939870533025,1.0285053990525856,11.031325914895692,LOW
0.1737825241846773,24.172568144561346,24.531469004384334,1.4114915004653306,3.892495063231734,LOW
1.1141522772783168,10.807618706928839,43.020880099204476,1.1832901446372261,16.321227093890343,LOW
0.7168487452958936,21.476496515267044,40.64004802894971,1.0633057109429305,15.80603716636313,LOW
3.4038576782996035,30.03148751956864,34.15206139699183,0.6847917745720978,53.44960303871413,WARNING
1.6528065517654247,37.555626935485336,31.12329561859115,1.2025094684160926,25.294462372288898,LOW
1.9099997587203432,12.58500093711664,41.22449187075056,1.3590298690920222,24.99851592736324,LOW
3.0905633269831148,147.93107767755606,10.86513803065446,0.33508137667954874,71.42604905821489,CRITICAL
2.4800783270031364,43.5793638687894,44.72414188735046,0.8954626095356579,37.81660140702565,LOW
1.0372672519592934,36.05715086836119,14.985521706201919,1.414303351120677,22.475970534379567,LOW
1.051450790165405,14.23757127307223,40.53157990254593,1.1555769459603953,17.7481991047348,LOW
1.8955927426130486,26.87434439352036,41.583011832779775,1.3185813413290868,22.842800673214942,LOW
3.1437555210325523,38.45820763161016,29.964635220483814,0.8831186511972151,50.31141786207649,WARNING
5.687282573238473,252.62273265256573,18.30851881712157,0.08557070061827163,100.0,CRITICAL
1.5991596930844454,24.904622959503918,46.47780359882492,1.0272262440052842,22.985701294648788,LOW
2.5990486542888536,43.411320765432805,40.69796552465925,0.7427433489645787,45.36951849708716,WARNING
2.1157072759965017,59.770753588714925,48.42940512946272,0.5379442293496814,40.728249557074804,WARNING
3.2059658567321785,71.597199479586,21.665894833710357,0.8487087366437721,67.19805971661818,CRITICAL
2.3976733643627908,45.512061088998394,40.06478197063877,0.5755691625697711,46.25101436563277,WARNING
0.6727277124480008,19.529984130346435,29.355548364241105,1.4193386099510328,9.29267129406051,LOW
0.36995856212026323,47.732876206639055,35.32942940095684,1.0522981137404004,13.464648931426545,LOW
2.26452052351729,74.38982419577836,29.89883266772827,0.9033989413263412,55.341274123445196,WARNING
3.2960026228814354,85.69781335053317,26.577759099550054,0.26893222927248217,74.27278376156188,CRITICAL
2.886231730019199,47.31875545245735,48.226128466448316,0.6192639876433961,46.41469865910291,WARNING
2.387779015617076,65.74126728451388,21.261176629994697,0.6477589340332861,61.15046769782439,WARNING
0.9573189926037466,27.4043197476588,24.360326885944076,1.490583884056452,12.73686920127377,LOW
0.7361399097880762,18.13866814638141,35.336155801130985,1.1668390644362137,10.469331069459226,LOW
3.9684648486881766,95.89920953735378,13.860111574951569,0.3262071204810025,81.46141679825814,CRITICAL
5.558403279361343,294.92110995634135,7.46479914630245,0.09140245829948676,100.0,CRITICAL
1.0933834473218715,39.66220812470381,45.24407500385267,1.2315899376895005,12.825194682374736,LOW
2.851337050987244,54.324706548862856,28.11096315104696,0.9377278437494516,52.96063314191213,WARNING
2.210957902608844,48.369422730106834,41.68528374555565,0.727169311385766,42.877498890714136,WARNING
0.9956796443392895,20.487267615584056,13.384735409390359,1.2324435790014827,15.630709763606708,LOW
0.5906261355913964,30.280349180403036,48.94835919731286,1.3421275034017779,6.4419772340322545,LOW
0.39191148435431655,16.42616755438723,15.935788939494579,1.2608320688684584,4.412527649915647,LOW
2.88608102691624,78.88835927266743,25.034982890306075,0.9932372031513776,58.907951045843824,WARNING
3.4686133101445926,104.31428686473643,16.414303114538697,0.30715018044632086,78.45772483689646,CRITICAL
4.607946879809549,296.67088856394076,6.604299732241743,0.06942553967656857,100.0,CRITICAL
1.424182131271401,19.590869414559137,43.41587379991476,1.4170056292440836,14.26470829548831,LOW
1.5317262479249767,44.30183503917813,33.60531375748586,1.1831662054320273,29.530324955392672,LOW
0.7354784353147685,16.431373450314027,25.962096120520105,1.043257566124743,12.851085920851084,LOW
0.8096108238009283,20.219165296965286,14.054324765399526,1.2608336212807776,13.592565957164396,LOW
0.6415726136119564,44.47548725216947,31.112303584311903,1.0653951756353874,20.60999293052422,LOW
2.231553399850174,33.01222014711183,30.22739505991669,0.5840450897583829,39.29447915099797,LOW
2.7673565753903686,50.950296760469385,41.04874761750972,0.717243056543889,53.87577950361231,WARNING
1.393328314692856,48.48521304857822,26.881342281441857,1.2118664918840234,29.79060725929788,LOW
3.2510031515395084,67.54296067269854,51.88387585999543,0.9339504747786873,54.56807131558656,WARNING
1.5824794716826258,12.721323776217556,27.781856910021553,1.0150663374348206,24.361551248195536,LOW
0.7508151408594682,28.028002455019386,15.002638610182029,1.0903850993919564,17.785799112097713,LOW
2.0281338641562323,59.99005110071003,32.75668751146677,0.9161032074020008,48.27426222530114,WARNING
0.6051384928952082,49.86678435888146,27.34608987636895,1.179432602662105,23.10798641814316,LOW
3.033074608863135,117.43413531732837,16.30771641357773,0.34726111658150527,75.2095393098394,CRITICAL
5.247705949220025,208.3255638529082,15.397105470946045,0.15156719502876628,100.0,CRITICAL
0.44027041585065185,41.845199373482295,30.017031620680665,1.4819018706555314,9.855343592321775,LOW
2.6800872392781065,33.99328642071323,40.667242062328754,0.9328643097670748,42.61288625497358,WARNING
3.5749669136399747,106.6016475490395,10.303018069311154,0.3245639115758051,81.90708873374601,CRITICAL
2.878787985762512,52.68096276812073,37.75735974678748,0.9354242277185993,51.627993801965935,WARNING
1.6965543897286712,43.509377024997484,40.835927973660446,1.0188211999317232,26.145075287268934,LOW
3.8732593813561658,82.90901060488446,19.741736593857965,0.5401536818552282,79.40787304819649,CRITICAL
1.9544062825345505,29.572150663041093,47.4925075759364,1.2144131971826315,24.320391596972364,LOW
3.3306893862883324,126.85423550217973,24.095280463737538,0.576668475490739,70.55255985579879,CRITICAL
0.9144479771935001,14.985352476124877,33.12557367840756,1.2014495956690388,12.883259134591627,LOW
1.0284400890549357,10.653007906724032,42.618381172319,1.166154005973072,10.121005110947827,LOW
2.0973301930716977,56.19126262490457,56.351678882829496,0.6991240177518437,34.492418943783164,LOW
4.495645566655815,222.14864936141998,9.159882635983339,0.01860288580995222,100.0,CRITICAL
3.0089614695328057,67.10678316456092,40.903670252437166,0.9062925825606762,56.313213989748384,WARNING
0.3709055172965503,15.336946150836859,38.485094184928464,1.2652295661887925,8.063437317971507,LOW
3.0982764249088834,43.86174660808734,36.05447834610622,0.8034015444918103,53.72385545511812,WARNING
4.950724890754631,182.25726739336483,4.328667975636957,0.01811286485579413,100.0,CRITICAL
2.440147010138041,38.63628812680412,48.547841352620864,0.654568320707067,37.52580604024222,LOW
1.0299162315240233,22.551729574887887,44.82259676570068,1.036520152212562,20.172702124782834,LOW
0.8721467520286869,16.913745399559296,39.749058200915,1.1767169553615728,11.469505803028692,LOW
0.6693397100997059,32.719411414815056,44.561301838336846,1.1854346794583903,8.237732820995758,LOW
1.5854007694253225,10.897055342318245,22.083053016472935,1.226085409272117,19.23918405955448,LOW
1.1759708870756185,30.41001833894409,32.98204312186278,1.331199133730761,15.244222600593629,LOW
0.22090790937438598,12.222251292250137,44.34858588079291,1.3387096084142727,6.00978470754121,LOW
2.387860077013716,77.86470358737787,41.68177232263878,0.6110369473093036,60.592178869958055,WARNING
1.6490052318386759,20.00834405825119,11.657055915033672,1.2142061364173236,25.962094339438778,LOW
3.8272109757617003,140.03950139525853,27.66699522298062,0.47978830806897027,83.79262998784351,CRITICAL
0.28942609173114675,31.311220967203383,10.42327570391977,1.2328689254761833,17.581698339942427,LOW
2.6067150132337407,50.662716196875664,32.12430771237244,0.7171792666460399,52.927902917723024,WARNING
2.2798835865597193,43.08417234589612,39.79015744712805,0.6923901510127597,40.361202405920935,WARNING
0.9565110320250028,49.06349992228735,43.09904333144256,1.1078302082367855,18.656795632385567,LOW
0.25861264265910955,37.1129257046932,22.67581200137296,1.2682975935599583,14.108386953147216,LOW
0.550769180441386,43.94145490447442,25.250832463717515,1.4109990701895978,17.008994129401483,LOW
1.8326278797144473,29.325026285117367,16.805335600072798,1.2675340751312272,29.87507343177377,LOW
1.195456713807415,43.37868446330396,14.854151041426068,1.0207041538263057,35.20407955972156,LOW
0.5379285674308663,10.292080050940973,27.146910776051513,1.3488747269604584,9.202869869883274,LOW
1.4982816408459936,33.0595027049976,44.44716787069462,1.2390027577596392,22.906151048224412,LOW
1.30584038276493,16.031369174162297,48.52579378432877,1.3516425948836819,17.624567368656876,LOW
0.9840696569646423,36.056609716495416,19.174234923398377,1.3397510534547286,22.662980806811913,LOW
3.274929979418295,93.97223101860304,36.494799338046676,0.20207779710582688,76.48215533425963,CRITICAL
3.4955952416895077,48.54091974513379,57.952349041580774,0.6833871410791129,51.14784464085475,WARNING
2.248050525986691,53.020392929237744,54.850940745570405,0.6599971900369046,37.94502594201481,LOW
0.5361252972270811,46.2246090458866,34.06746952721012,1.1735868109166363,13.856757375173745,LOW
4.275132406551387,277.19272688755416,4.612498715676501,0.07185205737088853,98.78657278383471,CRITICAL
2.0331914541540486,44.34289765987536,46.42416301094269,0.9448673968438961,31.124165779326976,LOW
2.398821972130354,55.38863744938588,45.90305674981613,0.5676696754485123,42.62076076981289,WARNING
1.284721569691693,35.4486517212185,48.85879624161245,1.2141525987064479,22.671563801010993,LOW
2.2362538714559883,57.41811694378957,21.443437966995,0.5749387872284331,57.675326389624864,WARNING
3.1970554354166625,53.21997159358984,38.99424947466445,0.5807780160622757,56.48251934062855,WARNING
2.005479388477903,51.24454365731748,27.53300364545344,0.8855049622709918,45.85705274528571,WARNING
1.3707467399545905,37.63574839281574,10.10548338813544,1.1588004295557468,35.273850041221365,LOW
1.3946490415818313,18.484346792297398,20.58637260917287,1.0391645377350753,20.36309458035525,LOW
3.02636604001628,84.31477859272489,29.212198996524613,0.5667734092101748,69.42028717119403,CRITICAL
3.083630511013862,100.19127051473394,25.631105705868357,0.2106494954785866,69.85118948455886,CRITICAL
3.380472325315405,43.730965285573156,45.56386174074355,0.7149161679865477,55.00701952495903,WARNING
1.329815664292761,48.053455807209396,44.521260226633515,1.319761222739584,13.817085101819197,LOW
2.327331025615117,59.38332720812296,40.198150729458845,0.8246767803502537,43.88534233077462,WARNING
1.4219387252286073,35.07999176815539,17.205844858785063,1.2248108446455146,29.54191718499706,LOW
0.11660489467235145,16.60616632300671,49.570949380752666,1.3841851288059073,3.2934497218852927,LOW
2.199519600724064,50.8022924630738,48.60955472586874,0.9479420811181891,33.81020124822997,LOW
3.6499156094483274,136.7643645105154,37.23397416318652,0.40292655820267564,77.92999015233563,CRITICAL
1.4180431196186432,32.53918738837429,40.90596819026851,1.2558568772813832,20.50375521533884,LOW
2.7074630181740567,78.62938284049443,45.80450128469157,0.920178251112681,58.624554408916325,WARNING
2.832286786916331,63.144451180607945,49.142094746013555,0.7241778707683155,49.2488999354999,WARNING
0.5013520300588251,26.670465831140714,44.986378913020474,1.4885350907944068,3.774949464206556,LOW
2.2190080704182082,51.377779053207796,44.083060425502666,0.6853858774690196,39.48536769982436,LOW
0.5112145221592174,19.980907673673492,44.92336732008746,1.3895301592832747,5.213783374844059,LOW
0.7083357871099398,31.27732608435789,12.424345580878216,1.3415856314631427,15.74136702816567,LOW
0.7344650882224328,44.46759588725306,41.5441190156599,1.4678859481008493,5.997650249597919,LOW
2.8668076440113546,42.96281433062777,46.67421281929894,0.9530790441888509,41.98377931998172,WARNING
1.6401713139005811,34.56392970661177,45.18597268076077,1.0315500612583288,23.292941037477064,LOW
3.0671966185197803,100.1324060591119,14.684972413900113,0.2581542656350527,73.95885673766412,CRITICAL
3.3474159125707947,58.343867922404065,26.310062290964872,0.5395953362670926,67.5313180544518,CRITICAL
1.5542224461523277,34.80644209415826,33.31126334872006,1.024077607125168,26.97708308817888,LOW
2.0072120932805912,39.977748823533105,57.99144043755043,0.7543219191394034,28.98109458845795,LOW
2.462280098294521,59.268599650926554,34.25869106355401,0.6484794393934793,51.234595788455614,WARNING
0.5901802598918755,34.95281507140463,25.229299063380644,1.1009130152902453,11.422327586560606,LOW
3.08561237149353,74.3407914092646,42.20076076475816,0.6397185037058801,64.50949629334932,WARNING
2.285589554034087,61.458735764260624,53.634287574294206,0.7699720501674575,42.161548567649554,WARNING
1.9875985564642626,10.898083649052017,23.269263224988972,1.4592991788977538,24.95396136971578,LOW
2.482911725400066,33.55840689620081,31.005913406732514,0.6682480498264234,46.355143940391585,WARNING
0.848403377189886,30.84008895611668,17.843255329353596,1.0920242310087906,19.655996317977355,LOW
1.1954682415336306,22.4002445435858,17.086759777541797,1.4314140550042553,11.862084125242937,LOW
1.9366186406363186,49.49616297004484,37.872151820796454,1.2510004970689186,32.312261551561384,LOW
2.1530671331549778,30.149393471233772,27.676052896422064,0.5942659478026079,39.23140113475062,LOW
1.068567405586487,30.8033785458265,38.92088186834688,1.1007339064851056,16.776675624196365,LOW
1.3660092350829738,25.229609789859317,40.03182137794484,1.3413003888011847,15.668899303565013,LOW
2.0413539249819266,72.90620793523112,35.0642809379486,0.5678077711345945,55.0553631346943,WARNING
1.585555792523177,27.40149852208596,40.19703744991453,1.3777955097114059,22.703135285684787,LOW
1.2651290640188266,24.40548257728082,31.85607576022653,1.0442734895359218,22.411823918839122,LOW
4.640559099671398,173.26871262887718,7.318024056504271,0.0057907453421597865,100.0,CRITICAL
1.8377200213518767,17.774043764979748,29.10878593691713,1.2863085267889331,22.95135056469683,LOW
3.295728738345423,124.47541132880704,14.108557561499447,0.46794671173704155,72.35975181093177,CRITICAL
0.5393992852916287,14.96660726872789,11.872975402046858,1.4839298557147813,9.968881814852208,LOW
3.204020436277797,140.88940172778038,31.240736436349465,0.4311908223902797,72.75917330713084,CRITICAL
3.110664579514184,98.45202353844007,13.931526210311468,0.5583882280776207,71.32151654809117,CRITICAL
3.3968692664565605,46.15662548497672,33.28047639771691,0.9231466531658802,54.56480555318373,WARNING
4.060277557461907,245.29753811459562,4.87279300772358,0.2183886864285313,89.75279916468425,CRITICAL
0.39982263417584696,33.39058523804233,41.56152292286845,1.4560974995581724,6.103636190522147,LOW
0.5667832545420947,14.752898924847981,41.90404431077674,1.2676486835668803,6.923438509019311,LOW
1.938405053076582,42.435527679083414,26.00105637956699,1.2285738924731495,35.28566388371732,LOW
3.2076502837495022,136.19800798332298,10.537885842151248,0.550285114557705,70.82529490499306,CRITICAL
2.1014766969209147,39.777197844134285,36.27940328551887,0.8089330883650658,40.69019027850032,WARNING
0.8210353721251311,20.435712985826488,35.82277468872972,1.4596392247810241,7.923538060785512,LOW
2.6803437631620333,65.90523027834843,31.51541308692878,0.7724098081035607,58.4110436854206,WARNING
0.634401889095503,39.17185646039185,41.83574994370298,1.1644757274097692,8.533108529494802,LOW
2.4218761326616383,38.54773728113147,57.59845582665387,0.7112421404748482,40.34140508964342,WARNING
3.2138200393642427,64.30711586017165,42.58640216088289,0.685806729549213,61.92966056609429,WARNING
2.4871216422272084,37.30220778738129,37.72642221813623,0.8918797602952728,39.21185006072313,LOW
2.9681633040143813,79.62498359921818,58.905390826256166,0.7000024372113951,56.94088580487209,WARNING
3.458563087700731,103.51873755372443,32.23694501819084,0.4600549647207538,73.8895926963878,CRITICAL
5.098519962667929,295.12082866000185,5.818726226483967,0.25944724809815567,100.0,CRITICAL
3.6231910845463715,130.99843613981614,38.75919094491803,0.3500625850912446,79.23852400422328,CRITICAL
3.347437881147778,63.640794850454306,54.943644188133234,0.8091272529646815,57.19804792501153,WARNING
0.7894087804563152,48.062089431332026,32.101939674446115,1.0962460425181932,19.8666171113435,LOW
1.0854754264043538,49.549265362305285,38.72878155932849,1.2597010652888145,21.389552976553805,LOW
2.5341301828128335,53.231518090607054,31.124991334444275,0.9802143407314012,48.16905610294359,WARNING
2.5884473933899237,39.160660123288565,27.080763395929903,0.7388711095107162,42.46647680695677,WARNING
3.9791831168803773,104.83762210811928,18.8383190245462,0.5080443128407505,81.00785782471053,CRITICAL
0.5133803263983515,17.237570495533564,21.22271033564696,1.0006618143359725,11.58080935072559,LOW
0.41341854385409027,22.933512376331993,32.067757725228766,1.351858039677524,7.43269216694122,LOW
1.9194713162174726,40.412476113293636,43.03195079560539,1.1618228444175083,28.19889146165751,LOW
0.5937944028527331,49.8908367023712,43.93430313627426,1.1189936722289602,9.508801164243504,LOW
3.5868859663414088,80.87934342038848,20.38454142899343,0.21029310376586322,76.93853505376504,CRITICAL
0.8496553078407787,22.173579645428887,26.406237556321432,1.086155443133549,13.389967239482726,LOW
2.066796838497927,49.393860590679886,55.79542694332805,0.7098351378513851,33.28641237041645,LOW
3.404604199357181,44.58051982719218,35.7300659439493,0.7940790510136437,55.69345584405564,WARNING
1.905538553005824,28.703866950672698,14.603852175444505,1.1676136286731609,30.581415823837855,LOW
2.5182810939750184,46.19269832737116,32.8835409439891,0.8889242579456795,42.6203333559217,WARNING
0.12659637640327387,24.621405487363,21.12948718768156,1.4545086252148343,0.45480422046372926,LOW
4.493488460811177,264.4536217618794,12.991012386606947,0.1386684278323366,97.75298926379328,CRITICAL
1.7575267106836605,29.003295544362476,25.01428556919703,1.1771251024472456,25.11369429781045,LOW
0.2237337622033788,31.65870119968689,28.170461152395916,1.0866961399534498,6.33303831740038,LOW
0.3722077466297081,22.60977997475485,28.059386700030288,1.0966750546532058,7.640814687005018,LOW
1.9896542515382694,27.908462529095566,16.800280686415263,1.44727847401183,30.663908138394167,LOW
1.8586019151821773,14.758434145843587,43.67258783753731,1.0921335543112993,27.110975066027823,LOW
1.705158103148576,25.623039686834694,39.312536850486325,1.3217203607781516,23.127966437793475,LOW
2.5155723417133675,76.94127436057339,42.39252585302964,0.5387803049965914,60.49877818638248,WARNING
3.6952796350911727,99.42481180330302,16.77711884487256,0.4261746358035844,79.87658217373819,CRITICAL
0.8202895372935662,35.14764924580409,21.396453463005123,1.1877194608541157,18.029107079192173,LOW
3.173523753390625,63.254123974025305,21.046713219899267,0.9484198475740195,62.04797731370837,WARNING
3.3803697407848055,78.19361457104466,38.713871303444904,0.9581828012181288,65.99991304922958,CRITICAL
0.9584778631037312,37.54749126948185,49.073426731046716,1.2606546389357869,11.259736358875408,LOW
3.3442207288447516,57.15926506865955,26.670611321444543,0.9241042076000006,67.20220192141377,CRITICAL
2.0915562592807846,38.45574818149338,31.44999009803106,0.6423539099882958,40.354479727315876,WARNING
3.5982393611750387,85.83627351842223,21.61595721095053,0.4225322741739955,77.5536180962275,CRITICAL
3.908366165733572,115.02817306725207,24.144836725462067,0.45620082395236394,78.21841450635803,CRITICAL
0.6428569397855582,10.10231409470621,13.12847506331915,1.0892518156632804,9.502535418315672,LOW
1.2709789751198508,36.070000943423835,12.386925129012543,1.386449043799761,28.14208042036571,LOW
2.5955981653418876,79.15911459153037,20.407974114771736,0.7724258638936615,60.03661517787961,WARNING
1.369607572056082,26.062863736078956,49.45198002694026,1.3269235586504635,15.367128411351962,LOW
3.2408271878328696,102.31488442079075,20.880467184108124,0.5354060057190794,75.52797261749323,CRITICAL
5.740095960656849,285.6032386299934,11.710700127865037,0.2869025347649766,100.0,CRITICAL
3.2289905486088197,66.04669538158592,51.23657723291058,0.8189854774600691,55.254936835502626,WARNING
2.415215828671706,61.747039521990594,40.950097300741476,0.9492688085952727,49.946130267665616,WARNING
2.894930807938257,45.65370518600588,54.51215673089762,0.5270788450810739,48.79709527903024,WARNING
1.8156914545514093,23.05415922119208,16.730903863371147,1.1595730308024987,30.04552375200031,LOW
5.505516998613454,287.51896982568087,5.9774406035711936,0.024731783748317592,100.0,CRITICAL
2.8140127708665172,49.82333877382355,20.187434163137816,0.7338732792028595,64.73056873156295,WARNING
1.851802095900426,46.86825322120951,42.1459602950973,1.0789333337883722,29.736774144540014,LOW
3.3568089043552223,74.70171877343442,26.213103231070164,0.9977369750381104,65.84276515216203,CRITICAL
1.6962246759287276,33.47782224413605,37.13145896962863,1.301985888576258,22.59806794696591,LOW
3.154367978738376,140.66947115223854,39.78859961265881,0.4646027179978722,74.3524244722172,CRITICAL
4.439767077125337,274.39246805196706,3.3809396673958636,0.15478282900447438,99.19499289171964,CRITICAL
2.481387039536782,78.68605485040428,20.262119759742347,0.8104992243543703,61.463938113091935,WARNING
3.8911132051513952,130.41437809805825,27.244366135735607,0.3829340222997838,79.09509838866539,CRITICAL
3.0968126593289065,55.738117440595346,49.6324706048773,0.7642275908757047,47.89169599770904,WARNING
1.7180686319733574,44.81921808286363,20.658448695783896,1.393216707295558,30.942498095151265,LOW
0.24544872072582583,41.45867983115838,17.84933851093693,1.0821959505558452,19.89186691332551,LOW
0.5296489242056746,36.95808724146239,35.54403928438078,1.064668312055801,10.056518550504379,LOW
0.3372339236570701,38.34504224393342,25.048885888186987,1.3160648016370988,15.074091707647515,LOW
0.1928507212440264,38.13958263424959,32.10032640986851,1.2171224609953293,9.734651836745456,LOW
0.915431167389266,12.259405883550066,41.069860286737054,1.0450185412090751,12.781194663051718,LOW
3.8675746190478932,147.97629473722935,37.25323728414831,0.5885630616865347,78.82343874910967,CRITICAL
2.7946351422187785,76.10891800581464,58.787789804599335,0.6298220234125709,53.95877436710701,WARNING
2.6966626844794233,57.33675873704763,41.26912380355936,0.9570622046013169,50.358529158516845,WARNING
2.9467888334142867,79.69052161482486,33.477402291931284,0.757624352890963,64.34060223468484,WARNING
5.391104557224493,247.3020408281263,3.0949448010199765,0.07399707103361781,100.0,CRITICAL
1.8140606447163268,14.288479428357835,19.93410280202651,1.071816901774221,22.064157300464633,LOW
3.4558697016636915,74.69804016938554,48.93203075222181,0.5107614020842363,70.60635095773908,CRITICAL
2.314401981874842,53.32435673342952,23.5167252658023,0.7604007682862943,51.52849787791894,WARNING
3.038718846336967,122.97240675555065,16.993080939966358,0.5961540288715423,69.56591564117757,CRITICAL
1.7766798188410724,14.8771919735626,27.170104512163725,1.0926807724813683,24.534918694942096,LOW
2.527165349482116,39.335659922809654,49.036042723065236,0.9086086589156481,33.771346033272735,LOW
2.9770948834087605,63.03726978181105,31.03030567877098,0.9706512363077371,58.03066509231029,WARNING
0.8109007241875742,21.34775769342768,47.24494032676788,1.4141850712391517,7.111209749614289,LOW
5.061502816070931,234.70545020999174,7.129656496466012,0.16101918669072338,100.0,CRITICAL
2.8428802311414825,62.063144494584506,38.89872311819562,0.858199855361415,55.34923820407541,WARNING
0.6350750321878256,17.143731338494245,32.90545107085133,1.1737661977953069,9.342743976928732,LOW
3.4378418423207218,67.91338228329076,51.838034770934314,0.5620989515315125,61.631766071657694,WARNING
5.364375230266403,152.8850756256387,9.510096436422714,0.07905769096524862,100.0,CRITICAL
2.2679865297077955,32.84277453158288,32.927101291132644,0.6477535553523612,37.83863347462021,LOW
1.1838179850140753,12.852695529249631,36.494104470150006,1.0736446833832387,21.74870138131085,LOW
0.636033485626268,28.63407679373229,48.12629465719795,1.1623296252177142,9.257213959440067,LOW
0.44587811255788423,15.51077345262522,44.29434423259142,1.0263193672615176,9.713704191456118,LOW
2.303856351530107,30.585751164398097,51.80579835187838,0.8511427596117618,34.84897109899313,LOW
0.4445224025734741,47.30014213486224,31.184924090191792,1.4819218188634622,12.278736545070842,LOW
1.1572793554813572,17.60493720380878,42.33716376150115,1.02055015618471,16.749139274251117,LOW
2.8883887023748542,65.53975570671585,28.17048812925038,0.7656929606078156,66.78908314890933,CRITICAL
0.6361441068346917,29.829112910581053,48.080601810043404,1.4744424735895112,7.904513994874573,LOW
3.2495846476012753,121.92655224961358,36.098072778352744,0.4059979207807213,73.88281136447539,CRITICAL
1.3364923174620917,16.897002537726813,16.469255265196942,1.4163230658871186,15.515722027672403,LOW
3.1506039101910206,74.19289932716799,52.16896501585862,0.7861718876402288,55.4881687498098,WARNING
1.1004598674214425,11.200867385098876,19.799204609589424,1.1830776829437897,14.294332915480524,LOW
0.8993580811908906,12.991990131928928,21.448322341661353,1.2374128293766464,11.928728214234173,LOW
0.25111636005659044,27.28533082583172,27.939059939678796,1.4578071481643602,3.6636610371654688,LOW
0.3348358777541509,25.72588427101011,27.11750341456861,1.1817822571453815,5.680553905750074,LOW
3.258809704930904,37.436588088160875,26.716202865185345,0.7106087990716639,57.93898155092943,WARNING
4.362220742868924,264.3816226259704,12.144936324332727,0.19332721999050442,93.57008904418275,CRITICAL
0.28467282206433164,31.730244236053032,34.540233956153685,1.481524469941235,1.869532896929245,LOW
4.746477949755006,174.38377527980091,12.359601055693163,0.0798751900265672,100.0,CRITICAL
3.4278683644721992,90.4731444916515,14.24891710495444,0.4598557624040281,73.43821554178662,CRITICAL
2.332267814693135,37.271412914743856,46.29050042912827,0.5026185183151191,38.30340210853662,LOW
3.1829709207939847,111.34992421091576,16.344356054306076,0.28728786749190643,75.86746382652082,CRITICAL
0.5770875868930947,18.514497595383222,32.17793412079833,1.365394706358479,9.921103088417262,LOW
0.7313711301626088,38.81462384147103,39.49112066648322,1.1036615758908341,14.513785445306757,LOW
2.243742986042137,49.29814640138673,58.93175127662313,0.7626888020934037,35.79710052149881,LOW
2.1380525270615385,71.62549810334284,44.191396880881456,0.5878002160608682,49.5985141429503,WARNING
3.117318499965917,54.51155101005732,38.080655812340424,0.7317123096954422,56.269480450731336,WARNING
0.7996654374615603,15.140159254899771,17.391694488138043,1.481058354342641,8.01331881324034,LOW
3.413491383935073,117.0032697733418,15.063631829925408,0.31403175700205777,74.55510625646608,CRITICAL
2.5473522290390944,31.912785032603786,36.033161335217386,0.9075528820009602,39.24009027923529,LOW
2.0730898333934085,74.37754517679869,45.09301446326173,0.7590656742288227,47.371302417004465,WARNING
0.806230597997735,47.87893090718191,46.461857345848806,1.3127322767508907,8.509070194936047,LOW
5.510783426218092,207.33895469030455,16.31663034093424,0.06356239868005857,100.0,CRITICAL
1.602826345658358,32.372319234686145,32.23341154108016,1.2868354136852538,20.25488674813028,LOW
2.3713826398600992,55.20024797627606,42.28140953016042,0.971406939193882,40.06555792805679,WARNING
0.9347788539589201,49.26044842176646,17.471595048717784,1.3900097429665748,27.357806587135176,LOW
1.9471068209489104,16.802998697622556,37.517053829804844,1.347639625211908,24.056941912565666,LOW
2.1514531456434374,44.4280494112323,33.52067308986207,0.6621438040163398,41.187774428131156,WARNING
2.7898765618259382,38.64985845836138,29.044747596149758,0.5487901577671197,51.654237286707726,WARNING
1.2303506661933197,33.238881970257026,48.49471489623458,1.1479830160022586,19.34744277484613,LOW
1.867009645771403,47.25215675383001,25.853407285516234,1.2088389175028682,37.99929928792563,LOW
3.495030655471869,135.9440488961049,11.083755073145925,0.30010824495223604,79.06179984450897,CRITICAL
3.5697877434660406,116.42334770189794,20.983206816868297,0.22544395069060444,79.49554358782675,CRITICAL
2.856149098974122,76.54827535617642,37.27860897291783,0.7007498182564713,64.87636582774127,WARNING
2.8230749299480875,40.60549648977751,57.073921938264384,0.8517510485288661,39.601349745408825,LOW
0.6589666978087397,45.21433861094229,25.214216299552106,1.27818168078548,18.862920809042492,LOW
1.3466610179564173,21.20882635056793,48.03046049048533,1.1101085759512999,18.773025309490606,LOW
2.5468982191006484,71.67004384309102,56.924228475550926,0.5935077807522626,47.65277801146921,WARNING
3.2483571218416545,49.47339691289466,35.87003611837355,0.601919890372197,58.68879655520428,WARNING
0.7153968121714012,16.222971070849187,22.39808920261315,1.4536284505888812,5.402521431079631,LOW
1.9245187721962635,40.58316527540491,18.069532701910205,1.376275797551542,33.3955407371745,LOW
3.4252056120204273,74.55475544309614,23.807799325241138,0.7272882706838646,72.18235971844373,CRITICAL
0.8851639677029186,28.2311377211361,24.764085588995638,1.4853113070633372,9.361457055142614,LOW
3.736659911763368,108.7490950674515,36.445707425506946,0.23733571488177307,80.9445427279273,CRITICAL
3.974843274764128,141.7045147736647,17.15673564944857,0.3113975943672048,85.9702203049155,CRITICAL
1.200711279130218,49.68725638278049,48.24534187331143,1.4605695293488703,14.297616016165888,LOW
3.333279529538866,95.37018239405653,32.45324481660617,0.23633510255660273,77.35244271853452,CRITICAL
3.15607764425628,112.02764965191464,39.48393549001288,0.5952880866148041,71.94116994714952,CRITICAL
5.854859018828739,243.31629484257718,14.692339618574602,0.17813296618455834,100.0,CRITICAL
3.3212435247934207,66.90125560685098,54.39264681472124,0.5479554817027051,56.27148975828414,WARNING
2.9194481669548242,72.28792360661421,21.2751089823446,0.5819916863407979,69.45269703942067,CRITICAL
3.967270709923254,83.87958781682133,19.953626287506655,0.20389198950689622,88.40367886929943,CRITICAL
3.0374917598833475,56.889560627891,29.55364702321863,0.8771668674777444,61.353604868820774,WARNING
3.2813028396099,77.7038339230878,49.90166446962181,0.5272748957666363,66.97745876744054,CRITICAL
1.9409098183641103,22.655766214616655,12.205876326812861,1.4748037712579416,27.367904183162807,LOW
2.0541636031234605,71.66805199432002,26.101148122336255,0.9012181365806197,49.656197141710344,WARNING
2.68175746340542,61.9050469878058,54.78056661259701,0.6301490577145091,48.336793931204134,WARNING
1.9948163919075095,30.324578806253967,32.34010697586625,1.1427192699156719,28.122164190853447,LOW
0.5524764711736284,34.01867263456474,17.346057772784707,1.2767288674007955,11.495612024798206,LOW
2.297386432595384,67.2939030878014,34.38737499251765,0.9962522689276025,51.48173937504522,WARNING
4.924557129883556,242.18840713449208,0.11974005967438917,0.013059963099240712,100.0,CRITICAL
2.9139708108858073,45.61965012788182,23.96519281532203,0.8911360743351864,58.11265862057135,WARNING
2.8202580246089783,38.92447853561478,44.64325373291421,0.6610420046310883,43.45964689084034,WARNING
3.1931968493934253,100.38038897878181,23.209178988962694,0.49600525208119045,70.78355630421451,CRITICAL
2.3513519007388948,68.51826387469163,27.868395393395108,0.90967345673857,58.37617451613191,WARNING
3.9916160720194185,139.98735101477138,16.650969683213518,0.3666054526287896,85.27907974370999,CRITICAL
3.375519225179861,53.15038383971689,45.69226821777207,0.7007987357055816,55.13488257691664,WARNING
3.926375698316243,110.22122157467517,12.481039614289728,0.26541433167402523,83.58716053325405,CRITICAL
3.124639355769869,64.71508339482398,52.56867537799178,0.8782779351363783,55.06446476004047,WARNING
2.006340812870363,55.78386040466799,43.81011572259573,0.9803229504437012,38.19970055375701,LOW
2.154939490613729,51.38099386923565,25.374227699913853,0.5263488752987122,55.10797762490313,WARNING
1.3263401205225238,44.67189340198291,42.4146346897645,1.147344925317452,19.95150237053374,LOW
0.8054026159745041,32.36395763500421,11.21654092885791,1.1854028681865296,21.757080988347713,LOW
2.6464563064497915,63.361447139887176,27.44527167674029,0.5769140546318947,60.952239377095935,WARNING
0.26511846941412787,26.07911014399089,38.4582428979215,1.1432690403561945,6.797211954301266,LOW
1.158428127334273,37.677661888719825,25.652647294783726,1.148499950660912,20.908913308299226,LOW
3.0999457231774423,65.23153385862696,33.1466776082525,0.9213553322226717,61.70840734519354,WARNING
3.2970742229938317,98.39034311014964,31.123172791867614,0.48331278354602364,75.80753895016083,CRITICAL
1.0069974734139586,11.408274860002967,12.106237680724593,1.026842267067892,16.440583775567973,LOW
1.2190326507267442,10.13949986051028,35.3018561607775,1.2448503760698368,16.967740173049478,LOW
2.970591802803366,37.65811600538728,56.44857256008906,0.7054760367768275,44.6467241534336,WARNING
2.249721409557351,53.52843562126709,40.8608470954321,0.8851776254141661,38.44744682933974,LOW
1.9486178264536667,21.38119973566029,15.178956817031398,1.150208345358785,33.71633921872141,LOW
0.3429330671714411,38.32580409551399,34.76660056911568,1.158307738741742,10.769993635270836,LOW
2.0300333998674187,68.54531384845185,56.42963036662395,0.5611319888319446,45.87896493380364,WARNING
2.8014605117954026,44.26545807581366,56.835362707772845,0.5086854510368504,48.38288000725636,WARNING
1.2379514285392448,39.99071978137745,15.918944648933543,1.1075875519252973,29.765821601294718,LOW
4.474905412512456,230.88037595285192,5.9741453983365655,0.25542589896580925,98.56522385371366,CRITICAL
3.4404476858017485,95.77634392796142,21.61419778337328,0.5004610836097019,76.65955118825518,CRITICAL
5.108578415760036,179.26866129736837,0.8386953354162863,0.2831069519692981,100.0,CRITICAL
3.336306926225813,43.30452862739915,37.6688037313145,0.9568104159922324,50.92135158636404,WARNING
2.107042454601473,39.7242088271507,29.48860068115373,0.9968927466393414,37.49143525799292,LOW
0.44526931753699284,44.882208466799945,45.957459069303845,1.0880981259764007,9.264045962070798,LOW
1.1080779295311043,12.1073180841903,47.81136669821442,1.1810383625458414,13.752111736403632,LOW
0.9888521222927988,14.866694803430406,35.21274752894564,1.3972406516681104,11.205677057843353,LOW
1.2632227546380317,42.625070028862595,27.577119181278952,1.4798523319214967,20.643855261116855,LOW
1.992763195527852,21.76705416822315,25.517069935760563,1.423808244854491,22.805120590827784,LOW
3.937747229325045,119.07176270543584,29.89906678143902,0.3396686907053667,81.4870213542185,CRITICAL
2.4608151748278546,73.97053541210322,25.739355570886513,0.7859025645742269,60.70033073130479,WARNING
2.3955762115914148,31.400105458843814,25.94134745587748,0.9839755832739321,36.96441484773594,LOW
0.66775765888453,46.51811330680274,46.33962401933508,1.0094642102678646,8.832356207651507,LOW
2.111543612700211,59.874883106563765,54.67571585607196,0.8247654748117638,37.585423705785324,LOW
2.3739640591292055,49.34684505260088,50.39501336159856,0.5096571240580278,41.43694609576471,WARNING
1.7329040390735566,11.717839585354742,37.14055364796613,1.1594529785279173,24.95202354083961,LOW
4.191099106074965,213.42705138440243,11.479171799106897,0.27481706387694316,90.756880595282,CRITICAL
0.23609223238153,18.070584823764044,29.82313295020759,1.3405255011393953,3.519876344726907,LOW
2.99035910482915,50.37715936066761,42.84345073691878,0.8838702231457465,48.949775904028364,WARNING
1.8860636564678201,15.510704197881072,46.08891246814242,1.3704289780605508,22.287729803771278,LOW
3.295330350540395,132.19285444185198,36.5440423806989,0.2977133973608118,77.10956064581747,CRITICAL
3.6119416485940277,126.13222476082508,37.43538659332872,0.4106939687811628,83.39822818820853,CRITICAL
2.0922135686709926,39.02460234657579,20.54265915692055,0.5540814197490423,44.60257516631364,WARNING
2.007066742708024,45.220275730388344,37.9728561751442,0.9689061245493957,36.313188053736575,LOW
0.2871336221546855,13.953749919877168,27.297352799300715,1.0289415657580903,7.815022375209426,LOW
2.7404746030503175,65.12675928480891,27.424861176393158,0.7964646268634177,62.53491865352354,WARNING
1.2673907851281911,45.30709040277827,29.529365047264953,1.0961460549646298,25.225060787766907,LOW
3.3585795502316538,131.11770127429702,19.602870355876107,0.3192861770603507,75.1723787128192,CRITICAL
3.3876239866258526,81.34942051779502,19.16309420831702,0.5139865298398008,75.80679306843354,CRITICAL
3.5678802769483777,100.58765226297812,25.835623110748443,0.534550119452676,75.17092108556508,CRITICAL
3.3307072935059923,59.10744669157325,28.30460621546613,0.5445520189907049,66.1063175887144,CRITICAL
1.9054741901946297,42.89649901246217,40.6341876050236,1.2481822895850234,24.947541142563537,LOW
3.2161710988681693,33.10693701181259,31.84601689237109,0.5551393366814641,53.51756169269874,WARNING
1.5677953566111498,23.28196665151893,37.58735391551807,1.3866512604724575,19.522795540711872,LOW
2.420959747999437,37.527926597779164,40.14834616853088,0.5517786157441218,41.95699059502621,WARNING
3.442480237942974,141.1088901997412,31.278111509168905,0.5428870251327418,73.50944471869381,CRITICAL
5.556805948251932,150.5647504204836,18.548326436044068,0.08769177066035314,100.0,CRITICAL
1.263342599962948,46.65239176176874,47.09306493016243,1.2817358813653696,14.126295248419197,LOW
0.44297599872412063,36.793320732803835,31.112082048251494,1.3867323501349,6.876580805631045,LOW
0.8598210662463188,19.59451472803565,31.407448250376202,1.2341219918393065,8.358754467526616,LOW
2.7223515563926353,40.11218899065965,41.89789891599173,0.798336078019697,41.281984341307044,WARNING
0.48717945561217557,19.696156405091294,19.923006486525257,1.1194229351800153,8.082443542157788,LOW
3.319647872244955,104.48339000563715,17.98531787749463,0.5870297438170231,71.30332527504514,CRITICAL
2.9158191713112744,66.77436310315514,33.348562751574924,0.9843902148824094,58.84135777105488,WARNING
1.6017139178947282,14.292707680877314,32.155984136543324,1.0524031375003329,21.617941148097316,LOW
0.6325851826579895,46.13187031837305,12.123831802838353,1.3249688149001224,26.994518470827895,LOW
3.9770562866075982,97.77365480429738,18.24476128443323,0.35891709123104604,85.56813841319848,CRITICAL
2.5507128779019177,67.01482052724344,20.34180207638613,0.508827157789093,65.13578652555445,CRITICAL
2.175637420141762,76.74870134659207,40.876504740276054,0.8711475760427349,52.693432781730756,WARNING
1.1427116987748924,23.202432153744645,48.99043094114916,1.2370980699063527,16.56289506259178,LOW
1.1315627352744948,31.60863469872037,38.62837396706298,1.1609540083037788,19.135349033205046,LOW
3.622603500696122,82.7538919837659,31.20507365393638,0.5627867640167337,75.46529816513083,CRITICAL
2.257097406529208,60.062773677954,40.03970978139702,0.5130788442288576,52.964562819045874,WARNING
0.4633697732930926,25.62607707049132,19.673297173397945,1.417124348935262,10.842574499096749,LOW
0.10654809380667679,18.766147688015927,40.21192817727939,1.3014184036503984,5.464327418409654,LOW
2.420779903212132,33.787116346019424,51.39465880933367,0.5193277839973405,41.72935957700012,WARNING
3.4883397748842033,34.532078769608034,38.92683197081168,0.8008766515300948,51.887624872728935,WARNING
3.6896139151150575,136.5419105728236,25.674070213550216,0.3735883214015866,82.49495122725388,CRITICAL
2.908389678787596,46.89880766062571,43.84485782199435,0.8138820614082252,46.59725670557038,WARNING
2.8582650425194682,39.877514733256206,43.27704337023187,0.6489357045381763,46.483422969201406,WARNING
4.175238342946019,183.01977659293703,15.216084252688946,0.02906823950501207,91.91608946826774,CRITICAL
3.000270122356728,142.29631383863142,12.004694569532347,0.5687919394367814,69.32192467219288,CRITICAL
2.1123152718272795,36.75739259713361,34.77149374210687,0.7687292940424661,37.78236471466902,LOW
3.5426804475114406,126.56436277433875,30.396532606809266,0.55102725103442,77.6621783815923,CRITICAL
1.3715683710673987,48.809036761253076,37.03475185795148,1.4068825947498251,23.299823259648694,LOW
1.4821716997658798,18.19018854831431,12.874166898143823,1.2760387122295156,22.672727130151827,LOW
3.695666345566069,88.2302376796847,38.03554582026241,0.26115519298190865,85.67931352437843,CRITICAL
2.2228155189546346,79.9290137899729,33.28750032506319,0.7479646610307034,54.43629762795557,WARNING
0.3840613891710849,42.079232712888015,48.33253733638174,1.4040292206827354,4.962592788139131,LOW
0.10450565421334256,11.46573842637586,29.801405797527156,1.3397436506701546,3.935084814023763,LOW
4.987556064585662,240.00431999359225,4.602046463407303,0.10189814447879338,100.0,CRITICAL
2.902462000493813,48.48244399935655,24.47927812918232,0.6713076074217361,58.606519989934945,WARNING
0.821712166210457,33.003528842430555,33.25151192466727,1.2941716557041234,9.867872500832943,LOW
1.0274326235150402,42.84877777064921,28.702178125629352,1.2680150802575665,20.114499295179634,LOW
3.404032562615307,101.20925989142907,16.23358583936475,0.5488948620544973,78.24896185513995,CRITICAL
2.115350677673834,65.67451181181178,21.400625245945008,0.5908132078804396,55.12844075045759,WARNING
3.6078903782546394,147.5482193632218,35.65550642013303,0.33608611898399515,85.00991001172174,CRITICAL
3.869935292127814,147.88074933950912,10.376887821243216,0.5498977219892078,81.0266312979637,CRITICAL
1.8477750800208328,26.206073604180208,33.84170695439015,1.3459393361720067,21.816597842188713,LOW
1.2227693819350458,30.719673413195547,33.76034558485779,1.0378720290278445,18.43178775767115,LOW
0.8413159337179574,38.57480520264035,20.379022049779675,1.0341966760151422,25.516866422851113,LOW
1.4828875168561417,46.5987212544358,12.032862563155259,1.4052480604399173,34.59511301824157,LOW
1.831929228019368,38.271559808005094,24.765409282501636,1.1887282914622728,30.99859084274196,LOW
2.134472457302235,37.25243156784926,53.88896846355476,0.6011565430634558,35.30546034751873,LOW
1.8100614902223404,46.066911326930764,34.2124759050306,1.2310169222027736,31.797737180293666,LOW
2.6121911400865403,67.85873080042478,50.18242827659856,0.9094898048695947,51.035225932838244,WARNING
0.15725598679425376,35.922121943945236,14.219040715407125,1.2753349555417564,15.634196847557778,LOW
2.6106281393409168,32.19363561088613,55.48525601195495,0.5216225208857241,45.114973620732876,WARNING
3.8933849078683243,141.81550362467027,25.312291927358743,0.42307633450408066,83.26050853504756,CRITICAL
3.3439225981532474,71.9080209781766,51.31914267593299,0.8378621033053598,61.762690149366065,WARNING
0.4661775079525128,49.298781163422255,32.12636131956118,1.2416870668169873,17.081493027226397,LOW
3.8497679227838013,92.36186114585811,15.207169207994582,0.5181059060261635,79.74449534896897,CRITICAL
3.480051130303379,112.89923802714014,39.5708077890462,0.4076858386328075,79.01380765028945,CRITICAL
0.6322960587267836,23.347284603188008,48.33867751624249,1.1320186920808155,14.351695366360671,LOW
1.4331199011087095,18.300703854265663,19.70069903397723,1.4931659686902374,14.993758515776516,LOW
1.4864036196741206,43.6025238776173,23.87409263694739,1.1785847507123952,31.698203227146895,LOW
1.524175520673382,44.54820026366508,19.40153139830266,1.012178066948759,38.783294791050146,LOW
1.3815303144794389,46.61009006507631,44.52257492780778,1.1110852994636926,21.641956536198496,LOW
3.032340318211598,70.35462458502681,54.469180342204304,0.9095557324207302,53.311818785513914,WARNING
1.4720940615930236,43.65216883040747,17.428240269946773,1.1068987721620216,33.39090098075077,LOW
0.8166026273012484,18.513300029661956,47.551771691166984,1.4029299845416159,11.757955137289484,LOW
0.3015656298321778,24.90440762787868,26.612337028992933,1.0035460672023595,10.343262428418543,LOW
2.9517810436603957,78.01446286826805,48.46919665050055,0.8151225444774279,60.73714110286805,WARNING
2.369399487099969,78.35727679929602,20.766479067882756,0.8242024852458374,57.09409691582794,WARNING
3.335721344621084,91.15825861192118,18.29948179796787,0.3207367857427292,77.72134237638566,CRITICAL
3.194222056711304,40.260827369853274,23.52825051017412,0.6108259214346584,57.37187189331905,WARNING
0.9854003909859225,44.239313792431275,14.013939984296666,1.4310150134389996,23.944752043333157,LOW
1.354889212059156,42.614684824143254,22.17307734292454,1.4771173026040394,25.36938644967584,LOW
0.8750979650622465,27.954565130582427,46.58046892475809,1.2207907618204064,10.774421643681865,LOW
3.4276447587962924,54.72662906263322,36.33239715285961,0.9864842216759655,61.60454809980345,WARNING
1.7450618168536438,47.323167106876596,20.71465814915272,1.0524662036392876,37.52806601806847,LOW
1.3023810481080786,20.887331483882335,35.54443340242021,1.1750943507547387,18.17239560370423,LOW
0.7613234301656917,12.9215135264309,29.745449084474977,1.3871822261643703,10.78203466487129,LOW
4.15315123457106,269.609628960272,5.341228989243588,0.24684515527892406,88.187271689742,CRITICAL
3.340856585079762,39.079440821215776,20.87220025004774,0.9419208655938658,57.10390075534196,WARNING
3.2130442615775037,32.99188980498222,55.618210908883555,0.7095780174009265,50.717602620591734,WARNING
2.0926712366534925,64.42087646813208,43.91096690735442,0.8631444605185098,44.810805240448204,WARNING
2.6656014847209346,40.234060867637446,56.75873278092284,0.9627947933438148,40.486402087007,WARNING
1.7363265724441757,13.928532709886117,49.60789521795701,1.3054309569680884,19.943860118936108,LOW
1.775616328572802,37.37832787577448,37.89289379533939,1.1375161556843616,26.43653304524288,LOW
2.0254312061396806,46.37035052039787,43.94172919336676,0.5740032611183092,36.72841054497577,LOW
0.21283124493098848,35.22318955006327,22.823897029100607,1.186839327882237,13.765599039680712,LOW
3.1599328593465215,58.86132054340643,39.665482425835506,0.6299062704979632,61.01604261811703,WARNING
0.6544617365938195,37.34504852762082,47.07339680040172,1.1281068630668656,10.975890113185393,LOW
2.0024327643556616,36.132655854916855,28.68084495296661,0.9467255968986397,38.57057743026271,LOW
1.1823043390940469,47.14557267330453,36.08279671485134,1.2422020611716103,24.470355597306334,LOW
1.4402826914395759,34.71098321322886,32.69634713935834,1.4784051890126146,14.343751177550288,LOW
3.6088579408684023,117.70551598599863,31.71831238119233,0.5215662163882617,79.84241416456081,CRITICAL
0.9178575155630823,47.53746074663131,23.05197424703193,1.0771175044231445,24.582238362218654,LOW
0.8480842832284494,19.0070526183596,27.076832159424157,1.3594428519430513,9.665363925770759,LOW
1.9934413372889686,12.747109502204488,10.915241329142598,1.1668243333854407,29.066201435654712,LOW
4.04007678908743,183.4067269840376,12.063247826464059,0.07012600332055627,93.70298884520778,CRITICAL
2.1976116973935453,54.99258464704509,44.03796672616777,0.6111879291854133,46.960859028507834,WARNING
3.0623575129196148,79.54203145819936,43.85690819923515,0.9305953984624615,61.14514556875288,WARNING
1.5909014308297242,30.832909886249404,20.052345878263942,1.3283351698758292,26.942143775434133,LOW
3.3576898587636697,121.73714047982105,27.445015926445034,0.250789868053364,74.97013514374882,CRITICAL
3.8828023684740436,137.38721385327233,20.02555003577681,0.4554970445122763,80.84028122954179,CRITICAL
2.8642314444809074,60.10021666497383,50.26751131519069,0.8834139907966383,46.81787166486459,WARNING
2.392171261716713,75.77969829905578,53.55573099800088,0.947728102968955,44.2417323443939,WARNING
0.2997223197705342,14.023625215019578,32.23630158956634,1.1527952203538543,5.914799635839268,LOW
2.8221428476166626,51.115633974588405,25.537601409361557,0.9643974034196423,52.76547691609316,WARNING
0.3349203603956675,11.48315756620175,16.103731935642507,1.1485631158821183,8.620069361190925,LOW
1.6006281164797729,46.45545351855849,25.66290300209923,1.1266367969623883,33.541517580478335,LOW
